{"type": "FeatureCollection","features": [{"type": "Feature", "geometry": {"type":"Point","coordinates":[115.2645401,-8.5227826]}, "properties": {"osm_id": 11875841102, "osm_type": "nodes", "opening_hours": null, "shop": null, "tourism": null, "rooms": null, "building": null, "amenity": "cafe", "name": "Warung Kopi", "beds": null}},{"type": "Feature", "geometry": {"type":"Point","coordinates":[115.2620049,-8.5471595]}, "properties": {"osm_id": 4991825122, "osm_type": "nodes", "opening_hours": null, "shop": null, "tourism": "hotel", "rooms": null, "building": null, "amenity": null, "name": "Cozy Villa (Airbnb)", "beds": null}},{"type": "Feature", "geometry": {"type":"Point","coordinates":[115.262915,-8.5414634]}, "properties": {"osm_id": 4996081622, "osm_type": "nodes", "opening_hours": null, "shop": null, "tourism": "chalet", "rooms": null, "building": null, "amenity": null, "name": "MM1 air bnb (somewhere on this road)", "beds": null}},{"type": "Feature", "geometry": {"type":"Point","coordinates":[115.272067,-8.5473895]}, "properties": {"osm_id": 5281314621, "osm_type": "nodes", "opening_hours": null, "shop": null, "tourism": null, "rooms": null, "building": null, "amenity": "cafe", "name": "Seniman at Toni Roca", "beds": null}},{"type": "Feature", "geometry": {"type":"Point","coordinates":[115.2725971,-8.539432]}, "properties": {"osm_id": 5913378685, "osm_type": "nodes", "opening_hours": "Mo-Su 08:00-22:00", "shop": null, "tourism": null, "rooms": null, "building": null, "amenity": "cafe", "name": "Surga Kopi", "beds": null}},{"type": "Feature", "geometry": {"type":"Point","coordinates":[115.2666352,-8.5352069]}, "properties": {"osm_id": 6150748494, "osm_type": "nodes", "opening_hours": null, "shop": null, "tourism": "hotel", "rooms": null, "building": null, "amenity": null, "name": "Gusde Villa and House", "beds": null}},{"type": "Feature", "geometry": {"type":"Point","coordinates":[115.2689612,-8.5466655]}, "properties": {"osm_id": 6782818686, "osm_type": "nodes", "opening_hours": null, "shop": null, "tourism": "hotel", "rooms": null, "building": null, "amenity": null, "name": "Karam Ubud", "beds": null}},{"type": "Feature", "geometry": {"type":"Point","coordinates":[115.2622552,-8.5394991]}, "properties": {"osm_id": 7673780586, "osm_type": "nodes", "opening_hours": null, "shop": null, "tourism": null, "rooms": null, "building": null, "amenity": "restaurant", "name": "Coconut kitchen", "beds": null}},{"type": "Feature", "geometry": {"type":"Point","coordinates":[115.2727939,-8.540396]}, "properties": {"osm_id": 9835076117, "osm_type": "nodes", "opening_hours": null, "shop": "clothes", "tourism": null, "rooms": null, "building": null, "amenity": null, "name": "Open street market", "beds": null}},{"type": "Feature", "geometry": {"type":"Point","coordinates":[115.2726498,-8.5409664]}, "properties": {"osm_id": 4168993492, "osm_type": "nodes", "opening_hours": null, "shop": "convenience", "tourism": null, "rooms": null, "building": null, "amenity": null, "name": "Indomaret", "beds": null}},{"type": "Feature", "geometry": {"type":"Point","coordinates":[115.2532103,-8.4984199]}, "properties": {"osm_id": 10046638017, "osm_type": "nodes", "opening_hours": "Su-Fr 09:00-18:00; Sa closed", "shop": "greengrocer", "tourism": null, "rooms": null, "building": null, "amenity": null, "name": "Club Sehot", "beds": null}},{"type": "Feature", "geometry": {"type":"Point","coordinates":[115.2538442,-8.5060272]}, "properties": {"osm_id": 1753699198, "osm_type": "nodes", "opening_hours": null, "shop": null, "tourism": "hotel", "rooms": null, "building": null, "amenity": null, "name": "De Munut Resort", "beds": null}},{"type": "Feature", "geometry": {"type":"Point","coordinates":[115.2538617,-8.5064507]}, "properties": {"osm_id": 4236728289, "osm_type": "nodes", "opening_hours": null, "shop": null, "tourism": null, "rooms": null, "building": null, "amenity": "restaurant", "name": "Pacha Mama", "beds": null}},{"type": "Feature", "geometry": {"type":"Point","coordinates":[115.2522721,-8.5063384]}, "properties": {"osm_id": 2769592675, "osm_type": "nodes", "opening_hours": null, "shop": null, "tourism": "hotel", "rooms": null, "building": null, "amenity": null, "name": "The Sungu Resort", "beds": null}},{"type": "Feature", "geometry": {"type":"Point","coordinates":[115.2521105,-8.5061297]}, "properties": {"osm_id": 13188258316, "osm_type": "nodes", "opening_hours": null, "shop": "pastry", "tourism": null, "rooms": null, "building": null, "amenity": null, "name": "Dang!", "beds": null}},{"type": "Feature", "geometry": {"type":"Point","coordinates":[115.2571724,-8.5212063]}, "properties": {"osm_id": 4458716390, "osm_type": "nodes", "opening_hours": null, "shop": null, "tourism": "hotel", "rooms": null, "building": null, "amenity": null, "name": "Garden view cottages", "beds": null}},{"type": "Feature", "geometry": {"type":"Point","coordinates":[115.2560566,-8.5248824]}, "properties": {"osm_id": 4912005128, "osm_type": "nodes", "opening_hours": "Mo-Su 10:00-22:00", "shop": null, "tourism": null, "rooms": null, "building": null, "amenity": "cafe", "name": "Warung Wayan", "beds": null}},{"type": "Feature", "geometry": {"type":"Point","coordinates":[115.2572706,-8.5279327]}, "properties": {"osm_id": 4965176921, "osm_type": "nodes", "opening_hours": null, "shop": null, "tourism": "hotel", "rooms": null, "building": null, "amenity": null, "name": "Langkah Bali", "beds": null}},{"type": "Feature", "geometry": {"type":"Point","coordinates":[115.2566274,-8.521324]}, "properties": {"osm_id": 5284930821, "osm_type": "nodes", "opening_hours": null, "shop": null, "tourism": null, "rooms": null, "building": null, "amenity": "cafe", "name": "Old Friends Coffee", "beds": null}},{"type": "Feature", "geometry": {"type":"Point","coordinates":[115.2565585,-8.5277244]}, "properties": {"osm_id": 5627904323, "osm_type": "nodes", "opening_hours": "Mo-Su 10:00-22:00", "shop": null, "tourism": null, "rooms": null, "building": null, "amenity": "restaurant", "name": "D’Waroeng", "beds": null}},{"type": "Feature", "geometry": {"type":"Point","coordinates":[115.2580987,-8.5216443]}, "properties": {"osm_id": 5666218321, "osm_type": "nodes", "opening_hours": null, "shop": null, "tourism": "hotel", "rooms": null, "building": null, "amenity": null, "name": "Nara Guest House", "beds": null}},{"type": "Feature", "geometry": {"type":"Point","coordinates":[115.2532695,-8.5039862]}, "properties": {"osm_id": 5924224216, "osm_type": "nodes", "opening_hours": null, "shop": null, "tourism": null, "rooms": null, "building": null, "amenity": "cafe", "name": "Arak Coffee Family", "beds": null}},{"type": "Feature", "geometry": {"type":"Point","coordinates":[115.2582388,-8.5118178]}, "properties": {"osm_id": 6082123786, "osm_type": "nodes", "opening_hours": null, "shop": null, "tourism": null, "rooms": null, "building": null, "amenity": "restaurant", "name": "Warung @ Bisma", "beds": null}},{"type": "Feature", "geometry": {"type":"Point","coordinates":[115.2583071,-8.5117433]}, "properties": {"osm_id": 6082129085, "osm_type": "nodes", "opening_hours": null, "shop": null, "tourism": "guest_house", "rooms": null, "building": null, "amenity": null, "name": "Puri Bayu 2", "beds": null}},{"type": "Feature", "geometry": {"type":"Point","coordinates":[115.2567306,-8.5243721]}, "properties": {"osm_id": 6300465085, "osm_type": "nodes", "opening_hours": null, "shop": null, "tourism": null, "rooms": null, "building": null, "amenity": "cafe", "name": "Warung Pojok", "beds": null}},{"type": "Feature", "geometry": {"type":"Point","coordinates":[115.2521416,-8.5027102]}, "properties": {"osm_id": 6505384985, "osm_type": "nodes", "opening_hours": null, "shop": null, "tourism": "apartment", "rooms": null, "building": null, "amenity": null, "name": "Cinta Cantique", "beds": null}},{"type": "Feature", "geometry": {"type":"Point","coordinates":[115.2562556,-8.5277934]}, "properties": {"osm_id": 6612427885, "osm_type": "nodes", "opening_hours": null, "shop": null, "tourism": null, "rooms": null, "building": null, "amenity": "restaurant", "name": "Kagemusha", "beds": null}},{"type": "Feature", "geometry": {"type":"Point","coordinates":[115.2583809,-8.5145368]}, "properties": {"osm_id": 6961270485, "osm_type": "nodes", "opening_hours": null, "shop": null, "tourism": null, "rooms": null, "building": null, "amenity": "restaurant", "name": "Warung merica ubud", "beds": null}},{"type": "Feature", "geometry": {"type":"Point","coordinates":[115.2520155,-8.5073598]}, "properties": {"osm_id": 7085052785, "osm_type": "nodes", "opening_hours": null, "shop": "massage", "tourism": null, "rooms": null, "building": null, "amenity": null, "name": "cantik spa", "beds": null}},{"type": "Feature", "geometry": {"type":"Point","coordinates":[115.2567565,-8.5225355]}, "properties": {"osm_id": 7118500286, "osm_type": "nodes", "opening_hours": "Mo-Su 09:00-18:00", "shop": null, "tourism": null, "rooms": null, "building": null, "amenity": "cafe", "name": "Old Friends Coffee", "beds": null}},{"type": "Feature", "geometry": {"type":"Point","coordinates":[115.2527915,-8.5000911]}, "properties": {"osm_id": 7118679585, "osm_type": "nodes", "opening_hours": "Mo-Su 07:30-20:00", "shop": null, "tourism": null, "rooms": null, "building": null, "amenity": "restaurant", "name": "Dharma Coffee & Juice", "beds": null}},{"type": "Feature", "geometry": {"type":"Point","coordinates":[115.2571011,-8.5208155]}, "properties": {"osm_id": 7257332387, "osm_type": "nodes", "opening_hours": null, "shop": null, "tourism": null, "rooms": null, "building": null, "amenity": "restaurant", "name": "Black Sheep.", "beds": null}},{"type": "Feature", "geometry": {"type":"Point","coordinates":[115.2556126,-8.5275348]}, "properties": {"osm_id": 7673780887, "osm_type": "nodes", "opening_hours": null, "shop": null, "tourism": null, "rooms": null, "building": null, "amenity": "cafe", "name": "The Green window Café", "beds": null}},{"type": "Feature", "geometry": {"type":"Point","coordinates":[115.2579939,-8.515111]}, "properties": {"osm_id": 10867097105, "osm_type": "nodes", "opening_hours": null, "shop": null, "tourism": "hotel", "rooms": null, "building": null, "amenity": null, "name": "Mira Family cottages", "beds": null}},{"type": "Feature", "geometry": {"type":"Point","coordinates":[115.2538277,-8.5051079]}, "properties": {"osm_id": 10945557506, "osm_type": "nodes", "opening_hours": null, "shop": "clothes", "tourism": null, "rooms": null, "building": null, "amenity": null, "name": "Kaindra", "beds": null}},{"type": "Feature", "geometry": {"type":"Point","coordinates":[115.258254,-8.5141836]}, "properties": {"osm_id": 11709990269, "osm_type": "nodes", "opening_hours": null, "shop": "convenience", "tourism": null, "rooms": null, "building": null, "amenity": null, "name": "Bisma Mart", "beds": null}},{"type": "Feature", "geometry": {"type":"Point","coordinates":[115.2320057,-8.548011]}, "properties": {"osm_id": 5442207522, "osm_type": "nodes", "opening_hours": null, "shop": null, "tourism": "chalet", "rooms": null, "building": null, "amenity": null, "name": "Jiwa Damai Organic Garden & Retreat Center", "beds": null}},{"type": "Feature", "geometry": {"type":"Point","coordinates":[115.2658103,-8.5491172]}, "properties": {"osm_id": 4461358868, "osm_type": "nodes", "opening_hours": null, "shop": null, "tourism": "hotel", "rooms": "42", "building": null, "amenity": null, "name": "Royal Casa Ganesha Hotel & Resort", "beds": null}},{"type": "Feature", "geometry": {"type":"Point","coordinates":[115.2581668,-8.548105]}, "properties": {"osm_id": 13726953401, "osm_type": "nodes", "opening_hours": null, "shop": "coffee", "tourism": null, "rooms": null, "building": null, "amenity": null, "name": "Cantik Agriculture", "beds": null}},{"type": "Feature", "geometry": {"type":"Point","coordinates":[115.2712558,-8.5091474]}, "properties": {"osm_id": 2147642614, "osm_type": "nodes", "opening_hours": null, "shop": null, "tourism": "artwork", "rooms": null, "building": null, "amenity": null, "name": "Arjuna Statue", "beds": null}},{"type": "Feature", "geometry": {"type":"Point","coordinates":[115.2706871,-8.509031]}, "properties": {"osm_id": 4118428421, "osm_type": "nodes", "opening_hours": null, "shop": "outdoor", "tourism": null, "rooms": null, "building": null, "amenity": null, "name": "Eiger", "beds": null}},{"type": "Feature", "geometry": {"type":"Point","coordinates":[115.2724469,-8.5090432]}, "properties": {"osm_id": 9465098510, "osm_type": "nodes", "opening_hours": null, "shop": null, "tourism": "attraction", "rooms": null, "building": null, "amenity": null, "name": null, "beds": null}},{"type": "Feature", "geometry": {"type":"Point","coordinates":[115.2726161,-8.5032877]}, "properties": {"osm_id": 3925157618, "osm_type": "nodes", "opening_hours": null, "shop": "laundry", "tourism": null, "rooms": null, "building": null, "amenity": null, "name": "Mae", "beds": null}},{"type": "Feature", "geometry": {"type":"Point","coordinates":[115.2717004,-8.5093598]}, "properties": {"osm_id": 2706603404, "osm_type": "nodes", "opening_hours": null, "shop": null, "tourism": null, "rooms": null, "building": null, "amenity": "restaurant", "name": "Manga Madu", "beds": null}},{"type": "Feature", "geometry": {"type":"Point","coordinates":[115.270946,-8.5092394]}, "properties": {"osm_id": 13000405041, "osm_type": "nodes", "opening_hours": null, "shop": "bag", "tourism": null, "rooms": null, "building": null, "amenity": null, "name": "American Tourister", "beds": null}},{"type": "Feature", "geometry": {"type":"Point","coordinates":[115.2849831,-8.506613]}, "properties": {"osm_id": 13007058701, "osm_type": "nodes", "opening_hours": null, "shop": null, "tourism": "apartment", "rooms": null, "building": null, "amenity": null, "name": "Kempur Villa Ubud", "beds": null}},{"type": "Feature", "geometry": {"type":"Point","coordinates":[115.2719648,-8.5060309]}, "properties": {"osm_id": 13394310098, "osm_type": "nodes", "opening_hours": "Mo-Su 10:00-21:00", "shop": "massage", "tourism": null, "rooms": null, "building": null, "amenity": null, "name": "Amati Spa Bali", "beds": null}},{"type": "Feature", "geometry": {"type":"Point","coordinates":[115.2863263,-8.5066451]}, "properties": {"osm_id": 4571086097, "osm_type": "nodes", "opening_hours": null, "shop": null, "tourism": "hotel", "rooms": null, "building": null, "amenity": null, "name": "indigo tree", "beds": null}},{"type": "Feature", "geometry": {"type":"Point","coordinates":[115.2705733,-8.5091365]}, "properties": {"osm_id": 4634663626, "osm_type": "nodes", "opening_hours": "Mo-Sa 10:00-21:00", "shop": null, "tourism": null, "rooms": null, "building": null, "amenity": "restaurant", "name": "Waroeng Adji Ubud jl", "beds": null}},{"type": "Feature", "geometry": {"type":"Point","coordinates":[115.2718661,-8.5090488]}, "properties": {"osm_id": 4785677324, "osm_type": "nodes", "opening_hours": null, "shop": null, "tourism": null, "rooms": null, "building": null, "amenity": "restaurant", "name": "Warung Mina", "beds": null}},{"type": "Feature", "geometry": {"type":"Point","coordinates":[115.286759,-8.5080177]}, "properties": {"osm_id": 4882434321, "osm_type": "nodes", "opening_hours": null, "shop": null, "tourism": "hostel", "rooms": null, "building": null, "amenity": null, "name": "Heaven Hostel", "beds": null}},{"type": "Feature", "geometry": {"type":"Point","coordinates":[115.2703849,-8.499387]}, "properties": {"osm_id": 5466209522, "osm_type": "nodes", "opening_hours": null, "shop": null, "tourism": "hotel", "rooms": null, "building": null, "amenity": null, "name": "Uma Kutuh 2", "beds": null}},{"type": "Feature", "geometry": {"type":"Point","coordinates":[115.2784004,-8.5025027]}, "properties": {"osm_id": 5821550453, "osm_type": "nodes", "opening_hours": "Mo-Su 07:00-22:00", "shop": null, "tourism": null, "rooms": null, "building": null, "amenity": "restaurant", "name": "Paon Bali Cooking Class", "beds": null}},{"type": "Feature", "geometry": {"type":"Point","coordinates":[115.2785461,-8.5014468]}, "properties": {"osm_id": 6725080886, "osm_type": "nodes", "opening_hours": null, "shop": null, "tourism": null, "rooms": null, "building": null, "amenity": "restaurant", "name": "Ubud Float Garden", "beds": null}},{"type": "Feature", "geometry": {"type":"Point","coordinates":[115.2697553,-8.504992]}, "properties": {"osm_id": 6725117585, "osm_type": "nodes", "opening_hours": null, "shop": null, "tourism": null, "rooms": null, "building": null, "amenity": "restaurant", "name": "Lemongrass Warung", "beds": null}},{"type": "Feature", "geometry": {"type":"Point","coordinates":[115.2722218,-8.5481812]}, "properties": {"osm_id": 5800291053, "osm_type": "nodes", "opening_hours": null, "shop": null, "tourism": null, "rooms": null, "building": null, "amenity": "restaurant", "name": "kayangan Suri", "beds": null}},{"type": "Feature", "geometry": {"type":"Point","coordinates":[115.2771767,-8.5499545]}, "properties": {"osm_id": 11840775969, "osm_type": "nodes", "opening_hours": null, "shop": null, "tourism": "hotel", "rooms": null, "building": null, "amenity": null, "name": "Green Coconut Cottage", "beds": null}},{"type": "Feature", "geometry": {"type":"Point","coordinates":[115.2427903,-8.5016702]}, "properties": {"osm_id": 608160786, "osm_type": "nodes", "opening_hours": null, "shop": null, "tourism": "hotel", "rooms": null, "building": null, "amenity": null, "name": "Four Seasons", "beds": null}},{"type": "Feature", "geometry": {"type":"Point","coordinates":[115.2447547,-8.4979311]}, "properties": {"osm_id": 4548661090, "osm_type": "nodes", "opening_hours": null, "shop": null, "tourism": "hotel", "rooms": null, "building": null, "amenity": null, "name": "Green Spirit Villa", "beds": null}},{"type": "Feature", "geometry": {"type":"Point","coordinates":[115.2466017,-8.5100306]}, "properties": {"osm_id": 4783813222, "osm_type": "nodes", "opening_hours": null, "shop": null, "tourism": "motel", "rooms": null, "building": null, "amenity": null, "name": "Luxury villa", "beds": null}},{"type": "Feature", "geometry": {"type":"Point","coordinates":[115.2449855,-8.4979778]}, "properties": {"osm_id": 4959707122, "osm_type": "nodes", "opening_hours": null, "shop": null, "tourism": null, "rooms": null, "building": null, "amenity": "cafe", "name": "Gaya Gelato", "beds": null}},{"type": "Feature", "geometry": {"type":"Point","coordinates":[115.2468752,-8.4991652]}, "properties": {"osm_id": 5097189521, "osm_type": "nodes", "opening_hours": "Mo-Su 09:00-23:00", "shop": null, "tourism": null, "rooms": null, "building": null, "amenity": "restaurant", "name": "Paddy Point", "beds": null}},{"type": "Feature", "geometry": {"type":"Point","coordinates":[115.2449676,-8.4980852]}, "properties": {"osm_id": 6627229385, "osm_type": "nodes", "opening_hours": "Mo-Su 11:30-21:00", "shop": null, "tourism": null, "rooms": null, "building": null, "amenity": "restaurant", "name": "Bird's Nest Thai Kitchen", "beds": null}},{"type": "Feature", "geometry": {"type":"Point","coordinates":[115.2369028,-8.5031218]}, "properties": {"osm_id": 6642420985, "osm_type": "nodes", "opening_hours": null, "shop": null, "tourism": "attraction", "rooms": null, "building": null, "amenity": null, "name": "Desa Swing", "beds": null}},{"type": "Feature", "geometry": {"type":"Point","coordinates":[115.2438238,-8.4986093]}, "properties": {"osm_id": 6768968185, "osm_type": "nodes", "opening_hours": null, "shop": null, "tourism": null, "rooms": null, "building": null, "amenity": "restaurant", "name": "The Sayan House", "beds": null}},{"type": "Feature", "geometry": {"type":"Point","coordinates":[115.2476907,-8.508319]}, "properties": {"osm_id": 6987224285, "osm_type": "nodes", "opening_hours": null, "shop": "supermarket", "tourism": null, "rooms": null, "building": null, "amenity": null, "name": "Toko Kaples", "beds": null}},{"type": "Feature", "geometry": {"type":"Point","coordinates":[115.2471935,-8.5003895]}, "properties": {"osm_id": 7205761185, "osm_type": "nodes", "opening_hours": null, "shop": null, "tourism": "guest_house", "rooms": null, "building": null, "amenity": null, "name": "RUMAH SEKAR villa", "beds": null}},{"type": "Feature", "geometry": {"type":"Point","coordinates":[115.2475279,-8.4976056]}, "properties": {"osm_id": 13676779201, "osm_type": "nodes", "opening_hours": null, "shop": null, "tourism": "guest_house", "rooms": null, "building": null, "amenity": null, "name": "Villa Metta", "beds": null}},{"type": "Feature", "geometry": {"type":"Point","coordinates":[115.2475355,-8.4974632]}, "properties": {"osm_id": 13676779202, "osm_type": "nodes", "opening_hours": null, "shop": null, "tourism": "guest_house", "rooms": null, "building": null, "amenity": null, "name": "Villa Safia", "beds": null}},{"type": "Feature", "geometry": {"type":"Point","coordinates":[115.2306664,-8.5053159]}, "properties": {"osm_id": 11448997369, "osm_type": "nodes", "opening_hours": null, "shop": "convenience", "tourism": null, "rooms": null, "building": null, "amenity": null, "name": "Indomaret", "beds": null}},{"type": "Feature", "geometry": {"type":"Point","coordinates":[115.2928536,-8.5293536]}, "properties": {"osm_id": 6124813185, "osm_type": "nodes", "opening_hours": null, "shop": "ticket", "tourism": null, "rooms": null, "building": null, "amenity": null, "name": "Ticket sale", "beds": null}},{"type": "Feature", "geometry": {"type":"Point","coordinates":[115.2916006,-8.531816]}, "properties": {"osm_id": 11836407969, "osm_type": "nodes", "opening_hours": null, "shop": null, "tourism": null, "rooms": null, "building": null, "amenity": "restaurant", "name": "Piduh Charity Cafe", "beds": null}},{"type": "Feature", "geometry": {"type":"Point","coordinates":[115.2999014,-8.5306023]}, "properties": {"osm_id": 10792368271, "osm_type": "nodes", "opening_hours": null, "shop": "convenience", "tourism": null, "rooms": null, "building": null, "amenity": null, "name": "Indomaret", "beds": null}},{"type": "Feature", "geometry": {"type":"Point","coordinates":[115.269223,-8.4748421]}, "properties": {"osm_id": 5636108121, "osm_type": "nodes", "opening_hours": null, "shop": null, "tourism": "hotel", "rooms": null, "building": null, "amenity": null, "name": "Tetirah Boutique Villa", "beds": null}},{"type": "Feature", "geometry": {"type":"Point","coordinates":[115.2637372,-8.4737547]}, "properties": {"osm_id": 5875284387, "osm_type": "nodes", "opening_hours": null, "shop": null, "tourism": "guest_house", "rooms": null, "building": null, "amenity": null, "name": "Widi’s house", "beds": null}},{"type": "Feature", "geometry": {"type":"Point","coordinates":[115.2637731,-8.4749456]}, "properties": {"osm_id": 6591422585, "osm_type": "nodes", "opening_hours": null, "shop": null, "tourism": null, "rooms": null, "building": null, "amenity": "restaurant", "name": "Happy Warung", "beds": null}},{"type": "Feature", "geometry": {"type":"Point","coordinates":[115.2482757,-8.4779961]}, "properties": {"osm_id": 12043299024, "osm_type": "nodes", "opening_hours": null, "shop": "convenience", "tourism": null, "rooms": null, "building": null, "amenity": null, "name": "Indomaret", "beds": null}},{"type": "Feature", "geometry": {"type":"Point","coordinates":[115.2855048,-8.4819962]}, "properties": {"osm_id": 7162121331, "osm_type": "nodes", "opening_hours": null, "shop": null, "tourism": "hotel", "rooms": null, "building": null, "amenity": null, "name": "Onje Resort and Villas", "beds": null}},{"type": "Feature", "geometry": {"type":"Point","coordinates":[115.2896241,-8.4954898]}, "properties": {"osm_id": 1053978676, "osm_type": "nodes", "opening_hours": null, "shop": null, "tourism": null, "rooms": null, "building": null, "amenity": "police", "name": "Kantor Polisi Pejeng", "beds": null}},{"type": "Feature", "geometry": {"type":"Point","coordinates":[115.2784039,-8.4740265]}, "properties": {"osm_id": 4231024217, "osm_type": "nodes", "opening_hours": null, "shop": null, "tourism": "hotel", "rooms": "28", "building": null, "amenity": null, "name": "Tejaprana Resort & Spa", "beds": null}},{"type": "Feature", "geometry": {"type":"Point","coordinates":[115.2766871,-8.4757376]}, "properties": {"osm_id": 2883393177, "osm_type": "nodes", "opening_hours": null, "shop": "kiosk", "tourism": null, "rooms": null, "building": null, "amenity": null, "name": null, "beds": null}},{"type": "Feature", "geometry": {"type":"Point","coordinates":[115.2988948,-8.4807867]}, "properties": {"osm_id": 12989979701, "osm_type": "nodes", "opening_hours": null, "shop": null, "tourism": "hostel", "rooms": null, "building": null, "amenity": null, "name": "Bali view Ubud Hotel", "beds": null}},{"type": "Feature", "geometry": {"type":"Point","coordinates":[115.276573,-8.4784655]}, "properties": {"osm_id": 4784473524, "osm_type": "nodes", "opening_hours": null, "shop": null, "tourism": "viewpoint", "rooms": null, "building": null, "amenity": null, "name": "Heron Viewing Platform", "beds": null}},{"type": "Feature", "geometry": {"type":"Point","coordinates":[115.2818068,-8.4700657]}, "properties": {"osm_id": 4938135221, "osm_type": "nodes", "opening_hours": null, "shop": null, "tourism": "guest_house", "rooms": null, "building": null, "amenity": null, "name": "Umah Nik Homestay", "beds": null}},{"type": "Feature", "geometry": {"type":"Point","coordinates":[115.2935718,-8.4708809]}, "properties": {"osm_id": 5762540853, "osm_type": "nodes", "opening_hours": null, "shop": null, "tourism": null, "rooms": null, "building": null, "amenity": "cafe", "name": "Warung", "beds": null}},{"type": "Feature", "geometry": {"type":"Point","coordinates":[115.2765573,-8.4701034]}, "properties": {"osm_id": 6355957190, "osm_type": "nodes", "opening_hours": null, "shop": "jewelry", "tourism": null, "rooms": null, "building": null, "amenity": null, "name": "Puri Taman", "beds": null}},{"type": "Feature", "geometry": {"type":"Point","coordinates":[115.278347,-8.4770471]}, "properties": {"osm_id": 6355988691, "osm_type": "nodes", "opening_hours": null, "shop": "convenience", "tourism": null, "rooms": null, "building": null, "amenity": null, "name": "Coco Mart", "beds": null}},{"type": "Feature", "geometry": {"type":"Point","coordinates":[115.2770414,-8.4721633]}, "properties": {"osm_id": 6355988985, "osm_type": "nodes", "opening_hours": null, "shop": "gift", "tourism": null, "rooms": null, "building": null, "amenity": null, "name": "Sari Bali Basket", "beds": null}},{"type": "Feature", "geometry": {"type":"Point","coordinates":[115.2784597,-8.4751464]}, "properties": {"osm_id": 6355999485, "osm_type": "nodes", "opening_hours": null, "shop": "gift", "tourism": null, "rooms": null, "building": null, "amenity": null, "name": "Lucky Art Shop", "beds": null}},{"type": "Feature", "geometry": {"type":"Point","coordinates":[115.2786598,-8.4764722]}, "properties": {"osm_id": 6356001685, "osm_type": "nodes", "opening_hours": null, "shop": "furniture", "tourism": null, "rooms": null, "building": null, "amenity": null, "name": "Railroad Industrial Furniture", "beds": null}},{"type": "Feature", "geometry": {"type":"Point","coordinates":[115.2973859,-8.482704]}, "properties": {"osm_id": 11182259837, "osm_type": "nodes", "opening_hours": null, "shop": null, "tourism": "hotel", "rooms": null, "building": null, "amenity": null, "name": "Pesantian Villa and Warung", "beds": null}},{"type": "Feature", "geometry": {"type":"Point","coordinates":[115.2925481,-8.5257608]}, "properties": {"osm_id": 6172767174, "osm_type": "nodes", "opening_hours": null, "shop": null, "tourism": null, "rooms": null, "building": null, "amenity": "fast_food", "name": "ACK fried chicken", "beds": null}},{"type": "Feature", "geometry": {"type":"Point","coordinates":[115.2953568,-8.5259718]}, "properties": {"osm_id": 12675417773, "osm_type": "nodes", "opening_hours": null, "shop": "convenience", "tourism": null, "rooms": null, "building": null, "amenity": null, "name": "Alfamart", "beds": null}},{"type": "Feature", "geometry": {"type":"Point","coordinates":[115.2929518,-8.5143358]}, "properties": {"osm_id": 7111622285, "osm_type": "nodes", "opening_hours": null, "shop": "convenience", "tourism": null, "rooms": null, "building": null, "amenity": null, "name": "Indomaret", "beds": null}},{"type": "Feature", "geometry": {"type":"Point","coordinates":[115.2929484,-8.5257751]}, "properties": {"osm_id": 10792337952, "osm_type": "nodes", "opening_hours": null, "shop": "convenience", "tourism": null, "rooms": null, "building": null, "amenity": null, "name": "Indomaret", "beds": null}},{"type": "Feature", "geometry": {"type":"Point","coordinates":[115.2414423,-8.4910297]}, "properties": {"osm_id": 2881458405, "osm_type": "nodes", "opening_hours": null, "shop": null, "tourism": "viewpoint", "rooms": null, "building": null, "amenity": null, "name": null, "beds": null}},{"type": "Feature", "geometry": {"type":"Point","coordinates":[115.2407486,-8.4899231]}, "properties": {"osm_id": 4734929724, "osm_type": "nodes", "opening_hours": null, "shop": null, "tourism": "attraction", "rooms": null, "building": null, "amenity": null, "name": "Bahama-Swing and rafting", "beds": null}},{"type": "Feature", "geometry": {"type":"Point","coordinates":[115.2399448,-8.4908314]}, "properties": {"osm_id": 4782415924, "osm_type": "nodes", "opening_hours": null, "shop": null, "tourism": "hotel", "rooms": null, "building": null, "amenity": null, "name": "Zen Hideaway", "beds": null}},{"type": "Feature", "geometry": {"type":"Point","coordinates":[115.2464497,-8.4826487]}, "properties": {"osm_id": 4860832323, "osm_type": "nodes", "opening_hours": null, "shop": null, "tourism": null, "rooms": null, "building": null, "amenity": "cafe", "name": "Nasi ayam kedewatan ibu mangku", "beds": null}},{"type": "Feature", "geometry": {"type":"Point","coordinates":[115.2478044,-8.4802158]}, "properties": {"osm_id": 5872547185, "osm_type": "nodes", "opening_hours": null, "shop": null, "tourism": "attraction", "rooms": null, "building": null, "amenity": null, "name": "TOEKAD RAFTING", "beds": null}},{"type": "Feature", "geometry": {"type":"Point","coordinates":[115.2596679,-8.509653]}, "properties": {"osm_id": 12495630028, "osm_type": "nodes", "opening_hours": null, "shop": null, "tourism": "hotel", "rooms": null, "building": null, "amenity": null, "name": "Villa Ubud Sunshine", "beds": null}},{"type": "Feature", "geometry": {"type":"Point","coordinates":[115.2624306,-8.5042743]}, "properties": {"osm_id": 3761415788, "osm_type": "nodes", "opening_hours": null, "shop": null, "tourism": null, "rooms": null, "building": null, "amenity": "restaurant", "name": "Savanna Moon", "beds": null}},{"type": "Feature", "geometry": {"type":"Point","coordinates":[115.2587091,-8.505275]}, "properties": {"osm_id": 6705399866, "osm_type": "nodes", "opening_hours": null, "shop": "beverages", "tourism": null, "rooms": null, "building": null, "amenity": null, "name": "Bottle Avenue", "beds": null}},{"type": "Feature", "geometry": {"type":"Point","coordinates":[115.2640798,-8.509637]}, "properties": {"osm_id": 10792827292, "osm_type": "nodes", "opening_hours": null, "shop": "jewelry", "tourism": null, "rooms": null, "building": null, "amenity": null, "name": "Kubu Silver", "beds": null}},{"type": "Feature", "geometry": {"type":"Point","coordinates":[115.2641847,-8.5096385]}, "properties": {"osm_id": 2952045842, "osm_type": "nodes", "opening_hours": "Mo-Su 10:00-22:00", "shop": null, "tourism": null, "rooms": null, "building": null, "amenity": "restaurant", "name": "Mai Malu Warung", "beds": null}},{"type": "Feature", "geometry": {"type":"Point","coordinates":[115.2617917,-8.5084212]}, "properties": {"osm_id": 10595707805, "osm_type": "nodes", "opening_hours": "Su,Th,Mo-We,Sa 11:30-00:00; Fr 11:30-02:00", "shop": null, "tourism": null, "rooms": null, "building": null, "amenity": "restaurant", "name": "Donna", "beds": null}},{"type": "Feature", "geometry": {"type":"Point","coordinates":[115.2622577,-8.5010704]}, "properties": {"osm_id": 10151608317, "osm_type": "nodes", "opening_hours": null, "shop": "massage", "tourism": null, "rooms": null, "building": null, "amenity": null, "name": "Juwuk Mannis", "beds": null}},{"type": "Feature", "geometry": {"type":"Point","coordinates":[115.264971,-8.5092902]}, "properties": {"osm_id": 4231244095, "osm_type": "nodes", "opening_hours": "08:00-23:00", "shop": null, "tourism": null, "rooms": null, "building": null, "amenity": "cafe", "name": "Clear Café", "beds": null}},{"type": "Feature", "geometry": {"type":"Point","coordinates":[115.2617993,-8.5067722]}, "properties": {"osm_id": 949570361, "osm_type": "nodes", "opening_hours": null, "shop": "books", "tourism": null, "rooms": null, "building": null, "amenity": null, "name": "Ary's Bookstore", "beds": null}},{"type": "Feature", "geometry": {"type":"Point","coordinates":[115.2635887,-8.5069505]}, "properties": {"osm_id": 1038017700, "osm_type": "nodes", "opening_hours": null, "shop": null, "tourism": "hotel", "rooms": null, "building": null, "amenity": null, "name": "Elephant Safari Park lodge", "beds": null}},{"type": "Feature", "geometry": {"type":"Point","coordinates":[115.2687741,-8.5083959]}, "properties": {"osm_id": 4375033039, "osm_type": "nodes", "opening_hours": null, "shop": null, "tourism": "guest_house", "rooms": null, "building": null, "amenity": null, "name": "Pondok Kutuh", "beds": null}},{"type": "Feature", "geometry": {"type":"Point","coordinates":[115.264,-8.50871]}, "properties": {"osm_id": 4836861621, "osm_type": "nodes", "opening_hours": null, "shop": null, "tourism": null, "rooms": null, "building": null, "amenity": "cafe", "name": null, "beds": null}},{"type": "Feature", "geometry": {"type":"Point","coordinates":[115.262908,-8.5097645]}, "properties": {"osm_id": 3761416308, "osm_type": "nodes", "opening_hours": null, "shop": null, "tourism": null, "rooms": null, "building": null, "amenity": "bar", "name": "Bollero", "beds": null}},{"type": "Feature", "geometry": {"type":"Point","coordinates":[115.2634408,-8.5101677]}, "properties": {"osm_id": 3761416534, "osm_type": "nodes", "opening_hours": null, "shop": "massage", "tourism": null, "rooms": null, "building": null, "amenity": null, "name": "Fresh! Spa", "beds": null}},{"type": "Feature", "geometry": {"type":"Point","coordinates":[115.2644829,-8.5103279]}, "properties": {"osm_id": 5801335594, "osm_type": "nodes", "opening_hours": null, "shop": null, "tourism": null, "rooms": null, "building": null, "amenity": "restaurant", "name": "Warung Kacu", "beds": null}},{"type": "Feature", "geometry": {"type":"Point","coordinates":[115.2652001,-8.5082128]}, "properties": {"osm_id": 2460471124, "osm_type": "nodes", "opening_hours": "Mo-Su 08:00-21:00", "shop": null, "tourism": null, "rooms": null, "building": null, "amenity": "cafe", "name": "Anomali Coffee", "beds": null}},{"type": "Feature", "geometry": {"type":"Point","coordinates":[115.258961,-8.5072133]}, "properties": {"osm_id": 6705226484, "osm_type": "nodes", "opening_hours": null, "shop": null, "tourism": "hotel", "rooms": null, "building": null, "amenity": null, "name": "Honeymoon Guesthouse 2", "beds": null}},{"type": "Feature", "geometry": {"type":"Point","coordinates":[115.2621971,-8.5073501]}, "properties": {"osm_id": 6869932115, "osm_type": "nodes", "opening_hours": null, "shop": "supermarket", "tourism": null, "rooms": null, "building": null, "amenity": null, "name": null, "beds": null}},{"type": "Feature", "geometry": {"type":"Point","coordinates":[115.2614433,-8.5092648]}, "properties": {"osm_id": 6720667638, "osm_type": "nodes", "opening_hours": null, "shop": "books", "tourism": null, "rooms": null, "building": null, "amenity": null, "name": "Periplus Bookshop", "beds": null}},{"type": "Feature", "geometry": {"type":"Point","coordinates":[115.2594258,-8.5055358]}, "properties": {"osm_id": 6705452494, "osm_type": "nodes", "opening_hours": null, "shop": "massage", "tourism": null, "rooms": null, "building": null, "amenity": null, "name": "Maleny Beauty & Spa", "beds": null}},{"type": "Feature", "geometry": {"type":"Point","coordinates":[115.26038,-8.5061083]}, "properties": {"osm_id": 6705226474, "osm_type": "nodes", "opening_hours": null, "shop": "clothes", "tourism": null, "rooms": null, "building": null, "amenity": null, "name": "Tanda Mata", "beds": null}},{"type": "Feature", "geometry": {"type":"Point","coordinates":[115.2602413,-8.5060619]}, "properties": {"osm_id": 6705264285, "osm_type": "nodes", "opening_hours": null, "shop": null, "tourism": null, "rooms": null, "building": null, "amenity": "restaurant", "name": "MyWarung", "beds": null}},{"type": "Feature", "geometry": {"type":"Point","coordinates":[115.2598142,-8.5056844]}, "properties": {"osm_id": 6705264299, "osm_type": "nodes", "opening_hours": null, "shop": "clothes", "tourism": null, "rooms": null, "building": null, "amenity": null, "name": "Billabong", "beds": null}},{"type": "Feature", "geometry": {"type":"Point","coordinates":[115.259296,-8.5067304]}, "properties": {"osm_id": 4289777089, "osm_type": "nodes", "opening_hours": null, "shop": null, "tourism": "hotel", "rooms": null, "building": null, "amenity": null, "name": "Samhita Garden Villas", "beds": null}},{"type": "Feature", "geometry": {"type":"Point","coordinates":[115.259037,-8.5067252]}, "properties": {"osm_id": 5251727227, "osm_type": "nodes", "opening_hours": null, "shop": null, "tourism": null, "rooms": null, "building": null, "amenity": "bar", "name": "Why Not", "beds": null}},{"type": "Feature", "geometry": {"type":"Point","coordinates":[115.2590958,-8.5062495]}, "properties": {"osm_id": 5653116023, "osm_type": "nodes", "opening_hours": null, "shop": null, "tourism": null, "rooms": null, "building": null, "amenity": "restaurant", "name": "Rouge", "beds": null}},{"type": "Feature", "geometry": {"type":"Point","coordinates":[115.2587025,-8.5067867]}, "properties": {"osm_id": 6301491886, "osm_type": "nodes", "opening_hours": null, "shop": null, "tourism": null, "rooms": null, "building": null, "amenity": "restaurant", "name": "Garden Cafe", "beds": null}},{"type": "Feature", "geometry": {"type":"Point","coordinates":[115.2611356,-8.506375]}, "properties": {"osm_id": 6704967517, "osm_type": "nodes", "opening_hours": null, "shop": null, "tourism": null, "rooms": null, "building": null, "amenity": "restaurant", "name": "Happy Chappy", "beds": null}},{"type": "Feature", "geometry": {"type":"Point","coordinates":[115.2592614,-8.5065293]}, "properties": {"osm_id": 4424538107, "osm_type": "nodes", "opening_hours": null, "shop": null, "tourism": null, "rooms": null, "building": null, "amenity": "restaurant", "name": "Cafe Des Artistes", "beds": null}},{"type": "Feature", "geometry": {"type":"Point","coordinates":[115.2626896,-8.5097957]}, "properties": {"osm_id": 3761417437, "osm_type": "nodes", "opening_hours": null, "shop": null, "tourism": null, "rooms": null, "building": null, "amenity": "cafe", "name": "Juice ja café", "beds": null}},{"type": "Feature", "geometry": {"type":"Point","coordinates":[115.2614534,-8.5050542]}, "properties": {"osm_id": 6194470413, "osm_type": "nodes", "opening_hours": "Mo-Su 16:00-23:00", "shop": null, "tourism": null, "rooms": null, "building": null, "amenity": "restaurant", "name": "Il Giardino", "beds": null}},{"type": "Feature", "geometry": {"type":"Point","coordinates":[115.2617279,-8.5085882]}, "properties": {"osm_id": 4788941022, "osm_type": "nodes", "opening_hours": null, "shop": null, "tourism": null, "rooms": null, "building": null, "amenity": "cafe", "name": "Coffee and co", "beds": null}},{"type": "Feature", "geometry": {"type":"Point","coordinates":[115.264076,-8.5097054]}, "properties": {"osm_id": 3761417007, "osm_type": "nodes", "opening_hours": null, "shop": null, "tourism": "guest_house", "rooms": null, "building": null, "amenity": "ice_cream", "name": "Organic Soy Ice Cream", "beds": null}},{"type": "Feature", "geometry": {"type":"Point","coordinates":[115.2622936,-8.5044794]}, "properties": {"osm_id": 3761415376, "osm_type": "nodes", "opening_hours": null, "shop": null, "tourism": null, "rooms": null, "building": null, "amenity": "restaurant", "name": "Surf's Warung", "beds": null}},{"type": "Feature", "geometry": {"type":"Point","coordinates":[115.2628136,-8.503503]}, "properties": {"osm_id": 3761415686, "osm_type": "nodes", "opening_hours": null, "shop": "clothes", "tourism": null, "rooms": null, "building": null, "amenity": null, "name": null, "beds": null}},{"type": "Feature", "geometry": {"type":"Point","coordinates":[115.2633781,-8.5013656]}, "properties": {"osm_id": 3761415920, "osm_type": "nodes", "opening_hours": null, "shop": "massage", "tourism": null, "rooms": null, "building": null, "amenity": null, "name": "Aditya Spa", "beds": null}},{"type": "Feature", "geometry": {"type":"Point","coordinates":[115.2621366,-8.5046956]}, "properties": {"osm_id": 3761412235, "osm_type": "nodes", "opening_hours": null, "shop": null, "tourism": null, "rooms": null, "building": null, "amenity": "restaurant", "name": "Bali Yoga", "beds": null}},{"type": "Feature", "geometry": {"type":"Point","coordinates":[115.2641932,-8.5089097]}, "properties": {"osm_id": 3761416515, "osm_type": "nodes", "opening_hours": null, "shop": "massage", "tourism": null, "rooms": null, "building": null, "amenity": null, "name": "Vinananda", "beds": null}},{"type": "Feature", "geometry": {"type":"Point","coordinates":[115.2623799,-8.5039581]}, "properties": {"osm_id": 3761416518, "osm_type": "nodes", "opening_hours": null, "shop": "hairdresser", "tourism": null, "rooms": null, "building": null, "amenity": null, "name": "Putri Salon", "beds": null}},{"type": "Feature", "geometry": {"type":"Point","coordinates":[115.2620219,-8.5048496]}, "properties": {"osm_id": 3761416519, "osm_type": "nodes", "opening_hours": null, "shop": null, "tourism": "guest_house", "rooms": null, "building": null, "amenity": null, "name": "Artja Inn Home Stay", "beds": null}},{"type": "Feature", "geometry": {"type":"Point","coordinates":[115.2635633,-8.5103182]}, "properties": {"osm_id": 3761416535, "osm_type": "nodes", "opening_hours": null, "shop": null, "tourism": null, "rooms": null, "building": null, "amenity": "bar", "name": "LaRaMona Tapas", "beds": null}},{"type": "Feature", "geometry": {"type":"Point","coordinates":[115.2618104,-8.50546]}, "properties": {"osm_id": 3761416536, "osm_type": "nodes", "opening_hours": null, "shop": null, "tourism": "guest_house", "rooms": null, "building": null, "amenity": null, "name": "Rojas Home Stay", "beds": null}},{"type": "Feature", "geometry": {"type":"Point","coordinates":[115.2619346,-8.5051459]}, "properties": {"osm_id": 3761417060, "osm_type": "nodes", "opening_hours": null, "shop": null, "tourism": "guest_house", "rooms": null, "building": null, "amenity": null, "name": "Shanti Home Stay", "beds": null}},{"type": "Feature", "geometry": {"type":"Point","coordinates":[115.2634112,-8.5072197]}, "properties": {"osm_id": 2460471131, "osm_type": "nodes", "opening_hours": null, "shop": null, "tourism": null, "rooms": null, "building": null, "amenity": "bar", "name": "Oops Cafe", "beds": null}},{"type": "Feature", "geometry": {"type":"Point","coordinates":[115.2624423,-8.5061958]}, "properties": {"osm_id": 2460471134, "osm_type": "nodes", "opening_hours": null, "shop": null, "tourism": null, "rooms": null, "building": null, "amenity": "restaurant", "name": "Queen's of India", "beds": null}},{"type": "Feature", "geometry": {"type":"Point","coordinates":[115.2622569,-8.5070348]}, "properties": {"osm_id": 2460471136, "osm_type": "nodes", "opening_hours": null, "shop": null, "tourism": "information", "rooms": null, "building": null, "amenity": null, "name": "Tourist Information", "beds": null}},{"type": "Feature", "geometry": {"type":"Point","coordinates":[115.262289,-8.5076017]}, "properties": {"osm_id": 2429794266, "osm_type": "nodes", "opening_hours": null, "shop": null, "tourism": null, "rooms": null, "building": null, "amenity": "restaurant", "name": "Canderi restaurant and homestay", "beds": null}},{"type": "Feature", "geometry": {"type":"Point","coordinates":[115.2666048,-8.5050526]}, "properties": {"osm_id": 2385629758, "osm_type": "nodes", "opening_hours": null, "shop": "convenience", "tourism": null, "rooms": null, "building": null, "amenity": null, "name": null, "beds": null}},{"type": "Feature", "geometry": {"type":"Point","coordinates":[115.2665822,-8.5095293]}, "properties": {"osm_id": 2385574283, "osm_type": "nodes", "opening_hours": null, "shop": null, "tourism": null, "rooms": null, "building": null, "amenity": "restaurant", "name": null, "beds": null}},{"type": "Feature", "geometry": {"type":"Point","coordinates":[115.2641355,-8.5094414]}, "properties": {"osm_id": 3761408155, "osm_type": "nodes", "opening_hours": null, "shop": "massage", "tourism": null, "rooms": null, "building": null, "amenity": null, "name": "Goutama Spa", "beds": null}},{"type": "Feature", "geometry": {"type":"Point","coordinates":[115.2640634,-8.5101924]}, "properties": {"osm_id": 3761412229, "osm_type": "nodes", "opening_hours": null, "shop": null, "tourism": null, "rooms": null, "building": null, "amenity": "restaurant", "name": "Dolce Arancia", "beds": null}},{"type": "Feature", "geometry": {"type":"Point","coordinates":[115.2640812,-8.5100284]}, "properties": {"osm_id": 3761414990, "osm_type": "nodes", "opening_hours": null, "shop": "massage", "tourism": null, "rooms": null, "building": null, "amenity": null, "name": "Fer Bali Massage", "beds": null}},{"type": "Feature", "geometry": {"type":"Point","coordinates":[115.2643541,-8.5083718]}, "properties": {"osm_id": 3761416510, "osm_type": "nodes", "opening_hours": null, "shop": null, "tourism": null, "rooms": null, "building": null, "amenity": "restaurant", "name": "Toro Sushi", "beds": null}},{"type": "Feature", "geometry": {"type":"Point","coordinates":[115.2641299,-8.5093683]}, "properties": {"osm_id": 3761416910, "osm_type": "nodes", "opening_hours": null, "shop": null, "tourism": "guest_house", "rooms": null, "building": null, "amenity": null, "name": "Goutama Home Stay", "beds": null}},{"type": "Feature", "geometry": {"type":"Point","coordinates":[115.2642127,-8.5095273]}, "properties": {"osm_id": 4358869797, "osm_type": "nodes", "opening_hours": "Tu-Su 10:00-22:00", "shop": null, "tourism": null, "rooms": null, "building": null, "amenity": "restaurant", "name": "Melting Wok Warung", "beds": null}},{"type": "Feature", "geometry": {"type":"Point","coordinates":[115.2689341,-8.5099158]}, "properties": {"osm_id": 4940280621, "osm_type": "nodes", "opening_hours": null, "shop": null, "tourism": null, "rooms": null, "building": null, "amenity": "restaurant", "name": "Sayuri", "beds": null}},{"type": "Feature", "geometry": {"type":"Point","coordinates":[115.2577166,-8.5043262]}, "properties": {"osm_id": 5563105221, "osm_type": "nodes", "opening_hours": "Mo-Su 07:00-22:00", "shop": null, "tourism": null, "rooms": null, "building": null, "amenity": "restaurant", "name": "Tandoor Indian Restaurant", "beds": null}},{"type": "Feature", "geometry": {"type":"Point","coordinates":[115.2584287,-8.5075691]}, "properties": {"osm_id": 6017689485, "osm_type": "nodes", "opening_hours": null, "shop": null, "tourism": null, "rooms": null, "building": null, "amenity": "restaurant", "name": "Warung Gauri", "beds": null}},{"type": "Feature", "geometry": {"type":"Point","coordinates":[115.2669481,-8.5041034]}, "properties": {"osm_id": 12960815001, "osm_type": "nodes", "opening_hours": null, "shop": null, "tourism": "hotel", "rooms": null, "building": null, "amenity": null, "name": "Okantara house", "beds": null}},{"type": "Feature", "geometry": {"type":"Point","coordinates":[115.2669916,-8.4998009]}, "properties": {"osm_id": 12989986201, "osm_type": "nodes", "opening_hours": null, "shop": null, "tourism": "hostel", "rooms": null, "building": null, "amenity": null, "name": "Pondok Wira ubud", "beds": null}},{"type": "Feature", "geometry": {"type":"Point","coordinates":[115.2571647,-8.5023506]}, "properties": {"osm_id": 13187445401, "osm_type": "nodes", "opening_hours": "Mo-Su 07:00-20:00", "shop": "coffee", "tourism": null, "rooms": null, "building": null, "amenity": null, "name": "Pukako", "beds": null}},{"type": "Feature", "geometry": {"type":"Point","coordinates":[115.2615641,-8.5064339]}, "properties": {"osm_id": 13188316701, "osm_type": "nodes", "opening_hours": null, "shop": null, "tourism": "attraction", "rooms": null, "building": null, "amenity": null, "name": "Prianka Ubud art market", "beds": null}},{"type": "Feature", "geometry": {"type":"Point","coordinates":[115.2661155,-8.5045754]}, "properties": {"osm_id": 13413189801, "osm_type": "nodes", "opening_hours": null, "shop": null, "tourism": "hotel", "rooms": null, "building": null, "amenity": null, "name": "Arsa Nala House", "beds": null}},{"type": "Feature", "geometry": {"type":"Point","coordinates":[115.2631943,-8.5041442]}, "properties": {"osm_id": 13452029101, "osm_type": "nodes", "opening_hours": null, "shop": "massage", "tourism": null, "rooms": null, "building": null, "amenity": null, "name": "Hita Spa Ubud", "beds": null}},{"type": "Feature", "geometry": {"type":"Point","coordinates":[115.2640999,-8.5098331]}, "properties": {"osm_id": 13459423701, "osm_type": "nodes", "opening_hours": null, "shop": null, "tourism": null, "rooms": null, "building": null, "amenity": "cafe", "name": "Tucky Speciality Coffee and Brunch", "beds": null}},{"type": "Feature", "geometry": {"type":"Point","coordinates":[115.2668619,-8.5024846]}, "properties": {"osm_id": 13519773855, "osm_type": "nodes", "opening_hours": null, "shop": null, "tourism": "hotel", "rooms": null, "building": null, "amenity": null, "name": "ART Villas by Into", "beds": null}},{"type": "Feature", "geometry": {"type":"Point","coordinates":[115.2662048,-8.5016639]}, "properties": {"osm_id": 4439106489, "osm_type": "nodes", "opening_hours": null, "shop": null, "tourism": "hotel", "rooms": null, "building": null, "amenity": null, "name": "Omah d'Taman", "beds": null}},{"type": "Feature", "geometry": {"type":"Point","coordinates":[115.255781,-8.5046351]}, "properties": {"osm_id": 4471094390, "osm_type": "nodes", "opening_hours": null, "shop": "supermarket", "tourism": null, "rooms": null, "building": null, "amenity": null, "name": "Minimarket", "beds": null}},{"type": "Feature", "geometry": {"type":"Point","coordinates":[115.2620473,-8.5052141]}, "properties": {"osm_id": 4697469191, "osm_type": "nodes", "opening_hours": null, "shop": null, "tourism": null, "rooms": null, "building": null, "amenity": "restaurant", "name": "Warung Superman", "beds": null}},{"type": "Feature", "geometry": {"type":"Point","coordinates":[115.2659426,-8.5099259]}, "properties": {"osm_id": 4716061095, "osm_type": "nodes", "opening_hours": null, "shop": "cosmetics", "tourism": null, "rooms": null, "building": null, "amenity": null, "name": "Angelo Store", "beds": null}},{"type": "Feature", "geometry": {"type":"Point","coordinates":[115.2640961,-8.5087371]}, "properties": {"osm_id": 4739548821, "osm_type": "nodes", "opening_hours": null, "shop": null, "tourism": null, "rooms": null, "building": null, "amenity": "cafe", "name": "HJ", "beds": null}},{"type": "Feature", "geometry": {"type":"Point","coordinates":[115.2652742,-8.4987696]}, "properties": {"osm_id": 4774135459, "osm_type": "nodes", "opening_hours": null, "shop": null, "tourism": "guest_house", "rooms": null, "building": null, "amenity": null, "name": "matahari house", "beds": null}},{"type": "Feature", "geometry": {"type":"Point","coordinates":[115.260134,-8.5061357]}, "properties": {"osm_id": 4784473525, "osm_type": "nodes", "opening_hours": null, "shop": "beauty", "tourism": null, "rooms": null, "building": null, "amenity": null, "name": "Mida's Spa", "beds": null}},{"type": "Feature", "geometry": {"type":"Point","coordinates":[115.2681653,-8.4994253]}, "properties": {"osm_id": 4792862622, "osm_type": "nodes", "opening_hours": null, "shop": null, "tourism": "hotel", "rooms": null, "building": null, "amenity": null, "name": "Tirta Arum", "beds": null}},{"type": "Feature", "geometry": {"type":"Point","coordinates":[115.2653873,-8.5060761]}, "properties": {"osm_id": 4869994622, "osm_type": "nodes", "opening_hours": null, "shop": null, "tourism": null, "rooms": null, "building": null, "amenity": "restaurant", "name": "Warung Ani Sari", "beds": null}},{"type": "Feature", "geometry": {"type":"Point","coordinates":[115.2666179,-8.5071868]}, "properties": {"osm_id": 4894707421, "osm_type": "nodes", "opening_hours": null, "shop": null, "tourism": "guest_house", "rooms": null, "building": null, "amenity": null, "name": "Rama guest house", "beds": null}},{"type": "Feature", "geometry": {"type":"Point","coordinates":[115.2619301,-8.5096017]}, "properties": {"osm_id": 4911969221, "osm_type": "nodes", "opening_hours": null, "shop": null, "tourism": null, "rooms": null, "building": null, "amenity": "restaurant", "name": "Bamboo bar & restaurant", "beds": null}},{"type": "Feature", "geometry": {"type":"Point","coordinates":[115.2664061,-8.5076059]}, "properties": {"osm_id": 4967643923, "osm_type": "nodes", "opening_hours": null, "shop": null, "tourism": null, "rooms": null, "building": null, "amenity": "restaurant", "name": "Warung Krisna", "beds": null}},{"type": "Feature", "geometry": {"type":"Point","coordinates":[115.264258,-8.5090598]}, "properties": {"osm_id": 5251732522, "osm_type": "nodes", "opening_hours": null, "shop": null, "tourism": null, "rooms": null, "building": null, "amenity": "restaurant", "name": "The Spell Creperie", "beds": null}},{"type": "Feature", "geometry": {"type":"Point","coordinates":[115.2621121,-8.5097436]}, "properties": {"osm_id": 5252019921, "osm_type": "nodes", "opening_hours": null, "shop": null, "tourism": null, "rooms": null, "building": null, "amenity": "bar", "name": "Bamboo", "beds": null}},{"type": "Feature", "geometry": {"type":"Point","coordinates":[115.2624831,-8.5063288]}, "properties": {"osm_id": 5321246022, "osm_type": "nodes", "opening_hours": null, "shop": null, "tourism": null, "rooms": null, "building": null, "amenity": "restaurant", "name": "Milk and Madu", "beds": null}},{"type": "Feature", "geometry": {"type":"Point","coordinates":[115.2583362,-8.5109295]}, "properties": {"osm_id": 5423913222, "osm_type": "nodes", "opening_hours": null, "shop": "travel_agency", "tourism": null, "rooms": null, "building": null, "amenity": null, "name": "Darva", "beds": null}},{"type": "Feature", "geometry": {"type":"Point","coordinates":[115.2616955,-8.5090302]}, "properties": {"osm_id": 5606991921, "osm_type": "nodes", "opening_hours": null, "shop": null, "tourism": null, "rooms": null, "building": null, "amenity": "restaurant", "name": "Sami Warung", "beds": null}},{"type": "Feature", "geometry": {"type":"Point","coordinates":[115.2687561,-8.5104636]}, "properties": {"osm_id": 5614613721, "osm_type": "nodes", "opening_hours": null, "shop": null, "tourism": null, "rooms": null, "building": null, "amenity": "cafe", "name": "Peliatan Snack&Bar", "beds": null}},{"type": "Feature", "geometry": {"type":"Point","coordinates":[115.2616505,-8.5065357]}, "properties": {"osm_id": 5633924622, "osm_type": "nodes", "opening_hours": null, "shop": "variety_store", "tourism": null, "rooms": null, "building": null, "amenity": null, "name": "Art market", "beds": null}},{"type": "Feature", "geometry": {"type":"Point","coordinates":[115.2628584,-8.5076356]}, "properties": {"osm_id": 5690148224, "osm_type": "nodes", "opening_hours": null, "shop": null, "tourism": "apartment", "rooms": null, "building": null, "amenity": null, "name": "Yuni‘s House", "beds": null}},{"type": "Feature", "geometry": {"type":"Point","coordinates":[115.2555892,-8.5046786]}, "properties": {"osm_id": 5924000685, "osm_type": "nodes", "opening_hours": null, "shop": "convenience", "tourism": null, "rooms": null, "building": null, "amenity": null, "name": "Minimart", "beds": null}},{"type": "Feature", "geometry": {"type":"Point","coordinates":[115.2625241,-8.5097885]}, "properties": {"osm_id": 5924126297, "osm_type": "nodes", "opening_hours": null, "shop": null, "tourism": null, "rooms": null, "building": null, "amenity": "restaurant", "name": "Nusantara", "beds": null}},{"type": "Feature", "geometry": {"type":"Point","coordinates":[115.2629624,-8.5054534]}, "properties": {"osm_id": 5983192785, "osm_type": "nodes", "opening_hours": null, "shop": null, "tourism": "gallery", "rooms": null, "building": null, "amenity": null, "name": "Rio Helmi Gallery & Cafe", "beds": null}},{"type": "Feature", "geometry": {"type":"Point","coordinates":[115.2639551,-8.5075033]}, "properties": {"osm_id": 6155499485, "osm_type": "nodes", "opening_hours": "Mo-Su 10:00-23:00", "shop": null, "tourism": null, "rooms": null, "building": null, "amenity": "restaurant", "name": "Hippie Fish", "beds": null}},{"type": "Feature", "geometry": {"type":"Point","coordinates":[115.2629278,-8.5053003]}, "properties": {"osm_id": 6209973287, "osm_type": "nodes", "opening_hours": null, "shop": null, "tourism": null, "rooms": null, "building": null, "amenity": "restaurant", "name": "Taco & grill mexican food", "beds": null}},{"type": "Feature", "geometry": {"type":"Point","coordinates":[115.2622494,-8.50741]}, "properties": {"osm_id": 6212914985, "osm_type": "nodes", "opening_hours": null, "shop": null, "tourism": null, "rooms": null, "building": null, "amenity": "restaurant", "name": "Krisna Coffee", "beds": null}},{"type": "Feature", "geometry": {"type":"Point","coordinates":[115.2651913,-8.5090027]}, "properties": {"osm_id": 6279907085, "osm_type": "nodes", "opening_hours": null, "shop": null, "tourism": "hostel", "rooms": null, "building": null, "amenity": null, "name": "Gusti Backpackers House", "beds": null}},{"type": "Feature", "geometry": {"type":"Point","coordinates":[115.2583296,-8.5069571]}, "properties": {"osm_id": 6340835585, "osm_type": "nodes", "opening_hours": null, "shop": "laundry", "tourism": null, "rooms": null, "building": null, "amenity": null, "name": "Rania Laundry 2", "beds": null}},{"type": "Feature", "geometry": {"type":"Point","coordinates":[115.2645211,-8.5010072]}, "properties": {"osm_id": 6346457185, "osm_type": "nodes", "opening_hours": null, "shop": "convenience", "tourism": null, "rooms": null, "building": null, "amenity": null, "name": "Owoce od 5 rano do 6pm tanio uczciwie", "beds": null}},{"type": "Feature", "geometry": {"type":"Point","coordinates":[115.2641313,-8.5099453]}, "properties": {"osm_id": 6354349094, "osm_type": "nodes", "opening_hours": "Mo-Su 10:00-21:00", "shop": "clothes", "tourism": null, "rooms": null, "building": null, "amenity": null, "name": "Dypt", "beds": null}},{"type": "Feature", "geometry": {"type":"Point","coordinates":[115.2642274,-8.5102666]}, "properties": {"osm_id": 6354366385, "osm_type": "nodes", "opening_hours": "Mo-Su 10:30-20:00", "shop": "jewelry", "tourism": null, "rooms": null, "building": null, "amenity": null, "name": "Lizzy Darling", "beds": null}},{"type": "Feature", "geometry": {"type":"Point","coordinates":[115.2679765,-8.5107161]}, "properties": {"osm_id": 6392906689, "osm_type": "nodes", "opening_hours": null, "shop": null, "tourism": "guest_house", "rooms": null, "building": null, "amenity": null, "name": "yuliati house", "beds": null}},{"type": "Feature", "geometry": {"type":"Point","coordinates":[115.2632283,-8.5043649]}, "properties": {"osm_id": 6440009788, "osm_type": "nodes", "opening_hours": null, "shop": "cosmetics", "tourism": null, "rooms": null, "building": null, "amenity": null, "name": "Nadis Herbal", "beds": null}},{"type": "Feature", "geometry": {"type":"Point","coordinates":[115.2658706,-8.510161]}, "properties": {"osm_id": 6445253485, "osm_type": "nodes", "opening_hours": null, "shop": "massage", "tourism": null, "rooms": null, "building": null, "amenity": null, "name": "Bali Santi", "beds": null}},{"type": "Feature", "geometry": {"type":"Point","coordinates":[115.2663426,-8.5084848]}, "properties": {"osm_id": 6448062585, "osm_type": "nodes", "opening_hours": null, "shop": null, "tourism": "museum", "rooms": null, "building": null, "amenity": null, "name": "House of Lempad", "beds": null}},{"type": "Feature", "geometry": {"type":"Point","coordinates":[115.2642749,-8.5090452]}, "properties": {"osm_id": 6561357288, "osm_type": "nodes", "opening_hours": null, "shop": "massage", "tourism": null, "rooms": null, "building": null, "amenity": null, "name": "Blissful", "beds": null}},{"type": "Feature", "geometry": {"type":"Point","coordinates":[115.2624448,-8.5019196]}, "properties": {"osm_id": 6738670790, "osm_type": "nodes", "opening_hours": null, "shop": null, "tourism": "attraction", "rooms": null, "building": null, "amenity": null, "name": "Kajeng Rice field", "beds": null}},{"type": "Feature", "geometry": {"type":"Point","coordinates":[115.2668338,-8.5086279]}, "properties": {"osm_id": 6773417386, "osm_type": "nodes", "opening_hours": null, "shop": "gift", "tourism": null, "rooms": null, "building": null, "amenity": null, "name": "Moari", "beds": null}},{"type": "Feature", "geometry": {"type":"Point","coordinates":[115.2650581,-8.5078756]}, "properties": {"osm_id": 6839248885, "osm_type": "nodes", "opening_hours": "Mo-Su 12:00-00:00", "shop": null, "tourism": null, "rooms": null, "building": null, "amenity": "bar", "name": "Lacasita Fonda Mexicana", "beds": null}},{"type": "Feature", "geometry": {"type":"Point","coordinates":[115.2679608,-8.508947]}, "properties": {"osm_id": 6915188685, "osm_type": "nodes", "opening_hours": null, "shop": null, "tourism": null, "rooms": null, "building": null, "amenity": "restaurant", "name": "Sumbar Hidup Masakan Padang", "beds": null}},{"type": "Feature", "geometry": {"type":"Point","coordinates":[115.2673012,-8.5087005]}, "properties": {"osm_id": 7010128785, "osm_type": "nodes", "opening_hours": null, "shop": null, "tourism": null, "rooms": null, "building": null, "amenity": "cafe", "name": "Dapurku", "beds": null}},{"type": "Feature", "geometry": {"type":"Point","coordinates":[115.2589912,-8.5087205]}, "properties": {"osm_id": 7023040286, "osm_type": "nodes", "opening_hours": null, "shop": null, "tourism": null, "rooms": null, "building": null, "amenity": "restaurant", "name": "Sun de Bisma", "beds": null}},{"type": "Feature", "geometry": {"type":"Point","coordinates":[115.2647285,-8.5010079]}, "properties": {"osm_id": 7114019185, "osm_type": "nodes", "opening_hours": "Mo-Su 09:00-19:30", "shop": "laundry;greengrocer", "tourism": null, "rooms": null, "building": null, "amenity": null, "name": "Mahesa Laundromat", "beds": null}},{"type": "Feature", "geometry": {"type":"Point","coordinates":[115.2637351,-8.5085221]}, "properties": {"osm_id": 7148663385, "osm_type": "nodes", "opening_hours": "Mo-Su 11:00-22:00", "shop": null, "tourism": null, "rooms": null, "building": null, "amenity": "cafe", "name": "Compound's warung", "beds": null}},{"type": "Feature", "geometry": {"type":"Point","coordinates":[115.2612052,-8.5100436]}, "properties": {"osm_id": 7281874986, "osm_type": "nodes", "opening_hours": null, "shop": "clothes", "tourism": null, "rooms": null, "building": null, "amenity": null, "name": "Puspita", "beds": null}},{"type": "Feature", "geometry": {"type":"Point","coordinates":[115.2610584,-8.5109261]}, "properties": {"osm_id": 7281874989, "osm_type": "nodes", "opening_hours": null, "shop": "shoes", "tourism": null, "rooms": null, "building": null, "amenity": null, "name": "Lila Lane Sandals", "beds": null}},{"type": "Feature", "geometry": {"type":"Point","coordinates":[115.2668265,-8.5087478]}, "properties": {"osm_id": 7755143087, "osm_type": "nodes", "opening_hours": null, "shop": "cosmetics", "tourism": null, "rooms": null, "building": null, "amenity": null, "name": "Lyang Lyang Spa", "beds": null}},{"type": "Feature", "geometry": {"type":"Point","coordinates":[115.2666557,-8.5086317]}, "properties": {"osm_id": 8061824785, "osm_type": "nodes", "opening_hours": null, "shop": null, "tourism": null, "rooms": null, "building": null, "amenity": null, "name": "Highway Bali Advisory Services", "beds": null}},{"type": "Feature", "geometry": {"type":"Point","coordinates":[115.2640584,-8.5076708]}, "properties": {"osm_id": 10095225218, "osm_type": "nodes", "opening_hours": null, "shop": null, "tourism": null, "rooms": null, "building": null, "amenity": "restaurant", "name": "Social Social", "beds": null}},{"type": "Feature", "geometry": {"type":"Point","coordinates":[115.2600112,-8.505958]}, "properties": {"osm_id": 10945658406, "osm_type": "nodes", "opening_hours": null, "shop": "bakery", "tourism": null, "rooms": null, "building": null, "amenity": null, "name": "Dally Baguette", "beds": null}},{"type": "Feature", "geometry": {"type":"Point","coordinates":[115.264051,-8.5077159]}, "properties": {"osm_id": 10945660205, "osm_type": "nodes", "opening_hours": null, "shop": null, "tourism": null, "rooms": null, "building": null, "amenity": "restaurant", "name": "Lynked", "beds": null}},{"type": "Feature", "geometry": {"type":"Point","coordinates":[115.2645514,-8.5078758]}, "properties": {"osm_id": 10945867005, "osm_type": "nodes", "opening_hours": null, "shop": null, "tourism": null, "rooms": null, "building": null, "amenity": "restaurant", "name": "Union", "beds": null}},{"type": "Feature", "geometry": {"type":"Point","coordinates":[115.2632046,-8.5073435]}, "properties": {"osm_id": 11686390984, "osm_type": "nodes", "opening_hours": "07:00-09:00", "shop": null, "tourism": null, "rooms": null, "building": null, "amenity": "marketplace", "name": "Morning Market", "beds": null}},{"type": "Feature", "geometry": {"type":"Point","coordinates":[115.2578577,-8.5052408]}, "properties": {"osm_id": 11689918669, "osm_type": "nodes", "opening_hours": null, "shop": null, "tourism": null, "rooms": null, "building": null, "amenity": "cafe", "name": "Abangan Warung", "beds": null}},{"type": "Feature", "geometry": {"type":"Point","coordinates":[115.2588987,-8.5076109]}, "properties": {"osm_id": 13671874215, "osm_type": "nodes", "opening_hours": "Thu-Fri 11:00-23:00", "shop": null, "tourism": null, "rooms": null, "building": null, "amenity": "restaurant", "name": "Shinraku Teppanyaki", "beds": null}},{"type": "Feature", "geometry": {"type":"Point","coordinates":[115.2636773,-8.5036454]}, "properties": {"osm_id": 8140723409, "osm_type": "nodes", "opening_hours": null, "shop": "convenience", "tourism": null, "rooms": null, "building": null, "amenity": null, "name": "Circle K", "beds": null}},{"type": "Feature", "geometry": {"type":"Point","coordinates":[115.2682602,-8.5088781]}, "properties": {"osm_id": 9465098507, "osm_type": "nodes", "opening_hours": null, "shop": "convenience", "tourism": null, "rooms": null, "building": null, "amenity": null, "name": "Circle K", "beds": null}},{"type": "Feature", "geometry": {"type":"Point","coordinates":[115.2610844,-8.5063453]}, "properties": {"osm_id": 2460471137, "osm_type": "nodes", "opening_hours": null, "shop": "variety_store", "tourism": null, "rooms": null, "building": null, "amenity": null, "name": "Ubud Music рядом камни", "beds": null}},{"type": "Feature", "geometry": {"type":"Point","coordinates":[115.2685494,-8.5111934]}, "properties": {"osm_id": 4115870189, "osm_type": "nodes", "opening_hours": "Mo-Su 08:30-22:00", "shop": null, "tourism": null, "rooms": null, "building": null, "amenity": "restaurant", "name": "Wulan Vegetarian Warung", "beds": null}},{"type": "Feature", "geometry": {"type":"Point","coordinates":[115.2755986,-8.5243847]}, "properties": {"osm_id": 6172767341, "osm_type": "nodes", "opening_hours": null, "shop": null, "tourism": null, "rooms": null, "building": null, "amenity": "restaurant", "name": "Bebek Joni", "beds": null}},{"type": "Feature", "geometry": {"type":"Point","coordinates":[115.2686716,-8.5107107]}, "properties": {"osm_id": 5138657021, "osm_type": "nodes", "opening_hours": null, "shop": null, "tourism": "guest_house", "rooms": null, "building": null, "amenity": null, "name": null, "beds": null}},{"type": "Feature", "geometry": {"type":"Point","coordinates":[115.2725103,-8.5333231]}, "properties": {"osm_id": 6715453516, "osm_type": "nodes", "opening_hours": "12:00-23:00", "shop": null, "tourism": null, "rooms": null, "building": null, "amenity": "restaurant", "name": "Iiga Warung", "beds": null}},{"type": "Feature", "geometry": {"type":"Point","coordinates":[115.2696314,-8.5162999]}, "properties": {"osm_id": 6172763920, "osm_type": "nodes", "opening_hours": null, "shop": "hairdresser", "tourism": null, "rooms": null, "building": null, "amenity": null, "name": null, "beds": null}},{"type": "Feature", "geometry": {"type":"Point","coordinates":[115.2727603,-8.5311138]}, "properties": {"osm_id": 1836098412, "osm_type": "nodes", "opening_hours": null, "shop": null, "tourism": "hotel", "rooms": null, "building": null, "amenity": null, "name": "Suly Resort", "beds": null}},{"type": "Feature", "geometry": {"type":"Point","coordinates":[115.2702709,-8.5239411]}, "properties": {"osm_id": 4356753431, "osm_type": "nodes", "opening_hours": null, "shop": null, "tourism": null, "rooms": null, "building": null, "amenity": "restaurant", "name": "Warung Makan Vegetarian", "beds": null}},{"type": "Feature", "geometry": {"type":"Point","coordinates":[115.2899104,-8.5296474]}, "properties": {"osm_id": 4775987622, "osm_type": "nodes", "opening_hours": null, "shop": null, "tourism": "hotel", "rooms": null, "building": null, "amenity": null, "name": "Bali Culture Guesthouse", "beds": null}},{"type": "Feature", "geometry": {"type":"Point","coordinates":[115.2870351,-8.5111994]}, "properties": {"osm_id": 11834635269, "osm_type": "nodes", "opening_hours": null, "shop": null, "tourism": null, "rooms": null, "building": null, "amenity": "restaurant", "name": "Heyou", "beds": null}},{"type": "Feature", "geometry": {"type":"Point","coordinates":[115.2673793,-8.5242479]}, "properties": {"osm_id": 12925160301, "osm_type": "nodes", "opening_hours": null, "shop": null, "tourism": "hotel", "rooms": null, "building": null, "amenity": null, "name": "Lucky Family", "beds": null}},{"type": "Feature", "geometry": {"type":"Point","coordinates":[115.2903858,-8.5301529]}, "properties": {"osm_id": 13012893990, "osm_type": "nodes", "opening_hours": null, "shop": null, "tourism": "guest_house", "rooms": null, "building": null, "amenity": null, "name": "Lebah Sari House", "beds": null}},{"type": "Feature", "geometry": {"type":"Point","coordinates":[115.2713477,-8.5273763]}, "properties": {"osm_id": 13100811521, "osm_type": "nodes", "opening_hours": "Mo-Su 09:00-17:00", "shop": "storage_rental", "tourism": null, "rooms": null, "building": null, "amenity": null, "name": "Self Storage Bali - World Safe Service - Luggage Storage Ubud 2", "beds": null}},{"type": "Feature", "geometry": {"type":"Point","coordinates":[115.2689994,-8.5186392]}, "properties": {"osm_id": 13189917701, "osm_type": "nodes", "opening_hours": null, "shop": null, "tourism": null, "rooms": null, "building": null, "amenity": "marketplace", "name": null, "beds": null}},{"type": "Feature", "geometry": {"type":"Point","coordinates":[115.26833,-8.5118578]}, "properties": {"osm_id": 4633791390, "osm_type": "nodes", "opening_hours": "Mo-Su 10:00-18:00", "shop": "laundry", "tourism": null, "rooms": null, "building": null, "amenity": null, "name": "Anjali Laundry", "beds": null}},{"type": "Feature", "geometry": {"type":"Point","coordinates":[115.2779829,-8.5232598]}, "properties": {"osm_id": 4696781894, "osm_type": "nodes", "opening_hours": null, "shop": null, "tourism": null, "rooms": null, "building": null, "amenity": "cafe", "name": "Kedai D'sawah", "beds": null}},{"type": "Feature", "geometry": {"type":"Point","coordinates":[115.2860355,-8.5231032]}, "properties": {"osm_id": 4782596921, "osm_type": "nodes", "opening_hours": null, "shop": null, "tourism": null, "rooms": null, "building": null, "amenity": "restaurant", "name": "Buddha Garden Restaurant", "beds": null}},{"type": "Feature", "geometry": {"type":"Point","coordinates":[115.2847729,-8.5229679]}, "properties": {"osm_id": 4891939822, "osm_type": "nodes", "opening_hours": null, "shop": null, "tourism": null, "rooms": null, "building": null, "amenity": "restaurant", "name": "Petanu River Restaurant", "beds": null}},{"type": "Feature", "geometry": {"type":"Point","coordinates":[115.2743893,-8.5184811]}, "properties": {"osm_id": 4921434621, "osm_type": "nodes", "opening_hours": null, "shop": null, "tourism": "guest_house", "rooms": null, "building": null, "amenity": null, "name": "The Elephant House", "beds": null}},{"type": "Feature", "geometry": {"type":"Point","coordinates":[115.2688151,-8.5192301]}, "properties": {"osm_id": 4939867221, "osm_type": "nodes", "opening_hours": null, "shop": null, "tourism": null, "rooms": null, "building": null, "amenity": "restaurant", "name": "Warung Jawa Timur", "beds": null}},{"type": "Feature", "geometry": {"type":"Point","coordinates":[115.2683881,-8.5145827]}, "properties": {"osm_id": 4981350223, "osm_type": "nodes", "opening_hours": null, "shop": null, "tourism": "guest_house", "rooms": null, "building": null, "amenity": null, "name": "Dani Home Stay", "beds": null}},{"type": "Feature", "geometry": {"type":"Point","coordinates":[115.2675266,-8.514816]}, "properties": {"osm_id": 5026076825, "osm_type": "nodes", "opening_hours": null, "shop": null, "tourism": null, "rooms": null, "building": null, "amenity": "bar", "name": "Lovin Bar", "beds": null}},{"type": "Feature", "geometry": {"type":"Point","coordinates":[115.2719546,-8.5191046]}, "properties": {"osm_id": 5044203121, "osm_type": "nodes", "opening_hours": null, "shop": null, "tourism": "hotel", "rooms": null, "building": null, "amenity": null, "name": "Pakung Sari", "beds": null}},{"type": "Feature", "geometry": {"type":"Point","coordinates":[115.2687456,-8.5224519]}, "properties": {"osm_id": 5220862024, "osm_type": "nodes", "opening_hours": null, "shop": null, "tourism": "guest_house", "rooms": null, "building": null, "amenity": null, "name": "Geriya House", "beds": null}},{"type": "Feature", "geometry": {"type":"Point","coordinates":[115.2678137,-8.5166469]}, "properties": {"osm_id": 5336810421, "osm_type": "nodes", "opening_hours": null, "shop": null, "tourism": "hotel", "rooms": null, "building": null, "amenity": null, "name": "Gading Homestay", "beds": null}},{"type": "Feature", "geometry": {"type":"Point","coordinates":[115.2715408,-8.5294046]}, "properties": {"osm_id": 5481834621, "osm_type": "nodes", "opening_hours": null, "shop": null, "tourism": "museum", "rooms": null, "building": null, "amenity": null, "name": "Museum Rudana", "beds": null}},{"type": "Feature", "geometry": {"type":"Point","coordinates":[115.2672387,-8.5157032]}, "properties": {"osm_id": 5614543926, "osm_type": "nodes", "opening_hours": null, "shop": "laundry", "tourism": null, "rooms": null, "building": null, "amenity": null, "name": "Bubble Spin Laundry", "beds": null}},{"type": "Feature", "geometry": {"type":"Point","coordinates":[115.2689258,-8.5182659]}, "properties": {"osm_id": 5616679021, "osm_type": "nodes", "opening_hours": null, "shop": null, "tourism": null, "rooms": null, "building": null, "amenity": "restaurant", "name": "Bakso Solo - Bapak Kairun", "beds": null}},{"type": "Feature", "geometry": {"type":"Point","coordinates":[115.267959,-8.5223466]}, "properties": {"osm_id": 5624849021, "osm_type": "nodes", "opening_hours": "Mo-Su 05:00-18:00", "shop": "supermarket", "tourism": null, "rooms": null, "building": null, "amenity": null, "name": "Local Market", "beds": null}},{"type": "Feature", "geometry": {"type":"Point","coordinates":[115.2685414,-8.5115621]}, "properties": {"osm_id": 5626334721, "osm_type": "nodes", "opening_hours": null, "shop": "cosmetics", "tourism": null, "rooms": null, "building": null, "amenity": null, "name": "Angelo Store", "beds": null}},{"type": "Feature", "geometry": {"type":"Point","coordinates":[115.2715494,-8.5207465]}, "properties": {"osm_id": 5648731621, "osm_type": "nodes", "opening_hours": null, "shop": null, "tourism": "guest_house", "rooms": null, "building": null, "amenity": null, "name": "Umah Dajane", "beds": null}},{"type": "Feature", "geometry": {"type":"Point","coordinates":[115.2695194,-8.5137111]}, "properties": {"osm_id": 5692291321, "osm_type": "nodes", "opening_hours": null, "shop": null, "tourism": "guest_house", "rooms": null, "building": null, "amenity": null, "name": "nova homestay", "beds": null}},{"type": "Feature", "geometry": {"type":"Point","coordinates":[115.2700307,-8.5138142]}, "properties": {"osm_id": 5761102621, "osm_type": "nodes", "opening_hours": null, "shop": null, "tourism": "hotel", "rooms": null, "building": null, "amenity": null, "name": "Nova Homestay", "beds": null}},{"type": "Feature", "geometry": {"type":"Point","coordinates":[115.2874089,-8.5229048]}, "properties": {"osm_id": 6124811385, "osm_type": "nodes", "opening_hours": null, "shop": "clothes", "tourism": null, "rooms": null, "building": null, "amenity": null, "name": "Free sarong", "beds": null}},{"type": "Feature", "geometry": {"type":"Point","coordinates":[115.2681626,-8.5126398]}, "properties": {"osm_id": 6160636885, "osm_type": "nodes", "opening_hours": null, "shop": null, "tourism": "guest_house", "rooms": null, "building": null, "amenity": null, "name": "Nyomak warta", "beds": null}},{"type": "Feature", "geometry": {"type":"Point","coordinates":[115.2844424,-8.5229203]}, "properties": {"osm_id": 6209424585, "osm_type": "nodes", "opening_hours": "Mo-Su 08:00-17:00", "shop": null, "tourism": null, "rooms": null, "building": null, "amenity": "restaurant", "name": "Talisman", "beds": null}},{"type": "Feature", "geometry": {"type":"Point","coordinates":[115.2678554,-8.5135857]}, "properties": {"osm_id": 6266977585, "osm_type": "nodes", "opening_hours": null, "shop": null, "tourism": null, "rooms": null, "building": null, "amenity": "restaurant", "name": "warung Colada", "beds": null}},{"type": "Feature", "geometry": {"type":"Point","coordinates":[115.2722055,-8.5272445]}, "properties": {"osm_id": 6327110088, "osm_type": "nodes", "opening_hours": null, "shop": null, "tourism": null, "rooms": null, "building": null, "amenity": "restaurant", "name": "warung makan teges", "beds": null}},{"type": "Feature", "geometry": {"type":"Point","coordinates":[115.2711722,-8.524744]}, "properties": {"osm_id": 6351605785, "osm_type": "nodes", "opening_hours": null, "shop": "variety_store", "tourism": null, "rooms": null, "building": null, "amenity": null, "name": "Wooden Homeware Store", "beds": null}},{"type": "Feature", "geometry": {"type":"Point","coordinates":[115.273182,-8.5206334]}, "properties": {"osm_id": 6525728085, "osm_type": "nodes", "opening_hours": null, "shop": null, "tourism": "guest_house", "rooms": null, "building": null, "amenity": null, "name": "Umah Bidadari", "beds": null}},{"type": "Feature", "geometry": {"type":"Point","coordinates":[115.2778275,-8.523033]}, "properties": {"osm_id": 6552867785, "osm_type": "nodes", "opening_hours": null, "shop": null, "tourism": null, "rooms": null, "building": null, "amenity": "cafe", "name": "Warung Babi Guling \"Bu Ari\"", "beds": null}},{"type": "Feature", "geometry": {"type":"Point","coordinates":[115.2686071,-8.5272712]}, "properties": {"osm_id": 6627739387, "osm_type": "nodes", "opening_hours": null, "shop": null, "tourism": "hotel", "rooms": null, "building": null, "amenity": null, "name": "Kubu Soca Villas", "beds": null}},{"type": "Feature", "geometry": {"type":"Point","coordinates":[115.2712522,-8.5263047]}, "properties": {"osm_id": 6720131785, "osm_type": "nodes", "opening_hours": null, "shop": null, "tourism": null, "rooms": null, "building": null, "amenity": "restaurant", "name": "Warung makan Teges", "beds": null}},{"type": "Feature", "geometry": {"type":"Point","coordinates":[115.2781038,-8.522908]}, "properties": {"osm_id": 6782816292, "osm_type": "nodes", "opening_hours": null, "shop": null, "tourism": null, "rooms": null, "building": null, "amenity": "cafe", "name": "Aroma Cafe Ubud", "beds": null}},{"type": "Feature", "geometry": {"type":"Point","coordinates":[115.2742518,-8.5210007]}, "properties": {"osm_id": 6924257285, "osm_type": "nodes", "opening_hours": "Mo-Sa 07:00-13:00", "shop": null, "tourism": null, "rooms": null, "building": null, "amenity": "cafe", "name": "Kecil", "beds": null}},{"type": "Feature", "geometry": {"type":"Point","coordinates":[115.2740477,-8.5169116]}, "properties": {"osm_id": 6926028285, "osm_type": "nodes", "opening_hours": null, "shop": null, "tourism": null, "rooms": null, "building": null, "amenity": "restaurant", "name": "Adiwana Bee house", "beds": null}},{"type": "Feature", "geometry": {"type":"Point","coordinates":[115.2754552,-8.5235426]}, "properties": {"osm_id": 6926878385, "osm_type": "nodes", "opening_hours": null, "shop": null, "tourism": null, "rooms": null, "building": null, "amenity": "cafe", "name": "Sekéco Teges", "beds": null}},{"type": "Feature", "geometry": {"type":"Point","coordinates":[115.2713516,-8.5233693]}, "properties": {"osm_id": 6940443187, "osm_type": "nodes", "opening_hours": null, "shop": "laundry", "tourism": null, "rooms": null, "building": null, "amenity": null, "name": "Kaya", "beds": null}},{"type": "Feature", "geometry": {"type":"Point","coordinates":[115.2713281,-8.5227665]}, "properties": {"osm_id": 6940503585, "osm_type": "nodes", "opening_hours": null, "shop": "supermarket", "tourism": null, "rooms": null, "building": null, "amenity": null, "name": "Nyoman", "beds": null}},{"type": "Feature", "geometry": {"type":"Point","coordinates":[115.2701378,-8.5193724]}, "properties": {"osm_id": 6940504786, "osm_type": "nodes", "opening_hours": null, "shop": "laundry", "tourism": null, "rooms": null, "building": null, "amenity": null, "name": "Laris Ka", "beds": null}},{"type": "Feature", "geometry": {"type":"Point","coordinates":[115.2684709,-8.5114682]}, "properties": {"osm_id": 6942597618, "osm_type": "nodes", "opening_hours": null, "shop": null, "tourism": null, "rooms": null, "building": null, "amenity": "cafe", "name": "You&mie", "beds": null}},{"type": "Feature", "geometry": {"type":"Point","coordinates":[115.278795,-8.5229264]}, "properties": {"osm_id": 6947800788, "osm_type": "nodes", "opening_hours": null, "shop": null, "tourism": null, "rooms": null, "building": null, "amenity": "cafe", "name": "Warung Sederhana", "beds": null}},{"type": "Feature", "geometry": {"type":"Point","coordinates":[115.2772273,-8.5230059]}, "properties": {"osm_id": 6948127596, "osm_type": "nodes", "opening_hours": null, "shop": null, "tourism": null, "rooms": null, "building": null, "amenity": "cafe", "name": "Warung Soto Ayam Tradisi", "beds": null}},{"type": "Feature", "geometry": {"type":"Point","coordinates":[115.2688366,-8.5189812]}, "properties": {"osm_id": 7048286585, "osm_type": "nodes", "opening_hours": null, "shop": "outdoor", "tourism": null, "rooms": null, "building": null, "amenity": null, "name": "Bali helm", "beds": null}},{"type": "Feature", "geometry": {"type":"Point","coordinates":[115.2799571,-8.5238429]}, "properties": {"osm_id": 7177237885, "osm_type": "nodes", "opening_hours": null, "shop": null, "tourism": "guest_house", "rooms": null, "building": null, "amenity": null, "name": "Omah Tabuan", "beds": null}},{"type": "Feature", "geometry": {"type":"Point","coordinates":[115.2712872,-8.5266218]}, "properties": {"osm_id": 7180899886, "osm_type": "nodes", "opening_hours": null, "shop": null, "tourism": null, "rooms": null, "building": null, "amenity": "fast_food", "name": "Roti John's", "beds": null}},{"type": "Feature", "geometry": {"type":"Point","coordinates":[115.2744003,-8.5187963]}, "properties": {"osm_id": 7228205585, "osm_type": "nodes", "opening_hours": "Mo-Su 10:00-21:00", "shop": null, "tourism": null, "rooms": null, "building": null, "amenity": "restaurant", "name": "Sawah Indah Resto Ubud", "beds": null}},{"type": "Feature", "geometry": {"type":"Point","coordinates":[115.2698758,-8.5240218]}, "properties": {"osm_id": 7673781085, "osm_type": "nodes", "opening_hours": null, "shop": "variety_store", "tourism": null, "rooms": null, "building": null, "amenity": null, "name": "Massa's", "beds": null}},{"type": "Feature", "geometry": {"type":"Point","coordinates":[115.2692789,-8.5165057]}, "properties": {"osm_id": 8883359818, "osm_type": "nodes", "opening_hours": null, "shop": "hairdresser", "tourism": null, "rooms": null, "building": null, "amenity": null, "name": "King's Barber Shop", "beds": null}},{"type": "Feature", "geometry": {"type":"Point","coordinates":[115.2691502,-8.5172191]}, "properties": {"osm_id": 8883359819, "osm_type": "nodes", "opening_hours": null, "shop": "optician", "tourism": null, "rooms": null, "building": null, "amenity": null, "name": "Wita Optikal", "beds": null}},{"type": "Feature", "geometry": {"type":"Point","coordinates":[115.2683805,-8.5234515]}, "properties": {"osm_id": 8955566317, "osm_type": "nodes", "opening_hours": null, "shop": "electronics", "tourism": null, "rooms": null, "building": null, "amenity": null, "name": "Paramarta Elektro", "beds": null}},{"type": "Feature", "geometry": {"type":"Point","coordinates":[115.2715657,-8.5295042]}, "properties": {"osm_id": 8955566517, "osm_type": "nodes", "opening_hours": "Mo-Su 09:00-17:00", "shop": "car_parts", "tourism": null, "rooms": null, "building": null, "amenity": null, "name": "Sinar Agung Motor", "beds": null}},{"type": "Feature", "geometry": {"type":"Point","coordinates":[115.2687244,-8.5108644]}, "properties": {"osm_id": 10943446805, "osm_type": "nodes", "opening_hours": null, "shop": "bakery", "tourism": null, "rooms": null, "building": null, "amenity": null, "name": "Warma Vegie Bakery & Coffee Shop", "beds": null}},{"type": "Feature", "geometry": {"type":"Point","coordinates":[115.2685614,-8.5114568]}, "properties": {"osm_id": 10945660105, "osm_type": "nodes", "opening_hours": null, "shop": null, "tourism": null, "rooms": null, "building": null, "amenity": "cafe", "name": "Awake", "beds": null}},{"type": "Feature", "geometry": {"type":"Point","coordinates":[115.2679922,-8.5125238]}, "properties": {"osm_id": 10946099005, "osm_type": "nodes", "opening_hours": null, "shop": null, "tourism": null, "rooms": null, "building": null, "amenity": "restaurant", "name": "Warung Baliku", "beds": null}},{"type": "Feature", "geometry": {"type":"Point","coordinates":[115.2873922,-8.5228576]}, "properties": {"osm_id": 11683470669, "osm_type": "nodes", "opening_hours": null, "shop": "ticket", "tourism": null, "rooms": null, "building": null, "amenity": null, "name": "50 000 fee", "beds": null}},{"type": "Feature", "geometry": {"type":"Point","coordinates":[115.2875996,-8.5219457]}, "properties": {"osm_id": 11802106769, "osm_type": "nodes", "opening_hours": null, "shop": null, "tourism": "hotel", "rooms": null, "building": null, "amenity": null, "name": "Mancur guesthouse", "beds": null}},{"type": "Feature", "geometry": {"type":"Point","coordinates":[115.2884584,-8.5113743]}, "properties": {"osm_id": 11834597069, "osm_type": "nodes", "opening_hours": null, "shop": null, "tourism": null, "rooms": null, "building": null, "amenity": "bar", "name": "My Cantine", "beds": null}},{"type": "Feature", "geometry": {"type":"Point","coordinates":[115.2684995,-8.5228998]}, "properties": {"osm_id": 6460726088, "osm_type": "nodes", "opening_hours": null, "shop": "convenience", "tourism": null, "rooms": null, "building": null, "amenity": null, "name": "Alfamart", "beds": null}},{"type": "Feature", "geometry": {"type":"Point","coordinates":[115.2895461,-8.5231804]}, "properties": {"osm_id": 10792337953, "osm_type": "nodes", "opening_hours": null, "shop": "convenience", "tourism": null, "rooms": null, "building": null, "amenity": null, "name": "Alfamart", "beds": null}},{"type": "Feature", "geometry": {"type":"Point","coordinates":[115.2642197,-8.5095947]}, "properties": {"osm_id": 3761416909, "osm_type": "nodes", "opening_hours": null, "shop": null, "tourism": "guest_house", "rooms": null, "building": null, "amenity": null, "name": "Mai Malu Home Stay", "beds": null}},{"type": "Feature", "geometry": {"type":"Point","coordinates":[115.2634655,-8.5103161]}, "properties": {"osm_id": 3761416916, "osm_type": "nodes", "opening_hours": null, "shop": null, "tourism": null, "rooms": null, "building": null, "amenity": "restaurant", "name": "Kafé bunuté", "beds": null}},{"type": "Feature", "geometry": {"type":"Point","coordinates":[115.2622376,-8.5097346]}, "properties": {"osm_id": 3761417439, "osm_type": "nodes", "opening_hours": null, "shop": null, "tourism": null, "rooms": null, "building": null, "amenity": "restaurant", "name": "Tutmak", "beds": null}},{"type": "Feature", "geometry": {"type":"Point","coordinates":[115.2655902,-8.5281197]}, "properties": {"osm_id": 1726066312, "osm_type": "nodes", "opening_hours": null, "shop": null, "tourism": "guest_house", "rooms": null, "building": null, "amenity": null, "name": "Bali Dream House:Oka's Homestay/bungalows", "beds": null}},{"type": "Feature", "geometry": {"type":"Point","coordinates":[115.2589171,-8.5081183]}, "properties": {"osm_id": 4441958991, "osm_type": "nodes", "opening_hours": null, "shop": null, "tourism": "hostel", "rooms": null, "building": null, "amenity": null, "name": "The Happy Mango Tree", "beds": null}},{"type": "Feature", "geometry": {"type":"Point","coordinates":[115.2602652,-8.5140048]}, "properties": {"osm_id": 5321684624, "osm_type": "nodes", "opening_hours": null, "shop": "massage", "tourism": null, "rooms": null, "building": null, "amenity": null, "name": "shambala", "beds": null}},{"type": "Feature", "geometry": {"type":"Point","coordinates":[115.2602567,-8.5139855]}, "properties": {"osm_id": 5322220021, "osm_type": "nodes", "opening_hours": null, "shop": "massage", "tourism": null, "rooms": null, "building": null, "amenity": null, "name": "Melya Dewi Spa and Salon.", "beds": null}},{"type": "Feature", "geometry": {"type":"Point","coordinates":[115.2601148,-8.5178101]}, "properties": {"osm_id": 6720615180, "osm_type": "nodes", "opening_hours": null, "shop": null, "tourism": null, "rooms": null, "building": null, "amenity": "restaurant", "name": "Bowl Haus", "beds": null}},{"type": "Feature", "geometry": {"type":"Point","coordinates":[115.2592515,-8.5054673]}, "properties": {"osm_id": 5204511308, "osm_type": "nodes", "opening_hours": null, "shop": "massage", "tourism": null, "rooms": null, "building": null, "amenity": null, "name": "Glory Spa", "beds": null}},{"type": "Feature", "geometry": {"type":"Point","coordinates":[115.2591096,-8.5061527]}, "properties": {"osm_id": 5607345224, "osm_type": "nodes", "opening_hours": "Mo-Su 11:00-23:00", "shop": null, "tourism": null, "rooms": null, "building": null, "amenity": "cafe", "name": "Burger shop", "beds": null}},{"type": "Feature", "geometry": {"type":"Point","coordinates":[115.2595125,-8.5055682]}, "properties": {"osm_id": 6275832685, "osm_type": "nodes", "opening_hours": null, "shop": null, "tourism": null, "rooms": null, "building": null, "amenity": "restaurant", "name": "Warung Semanggi", "beds": null}},{"type": "Feature", "geometry": {"type":"Point","coordinates":[115.2597313,-8.5058065]}, "properties": {"osm_id": 5251727225, "osm_type": "nodes", "opening_hours": null, "shop": null, "tourism": null, "rooms": null, "building": null, "amenity": "restaurant", "name": "Halal Ubud Burger", "beds": null}},{"type": "Feature", "geometry": {"type":"Point","coordinates":[115.2577989,-8.5076937]}, "properties": {"osm_id": 6705226434, "osm_type": "nodes", "opening_hours": null, "shop": null, "tourism": "hotel", "rooms": null, "building": null, "amenity": null, "name": "Hibiscus Cottages", "beds": null}},{"type": "Feature", "geometry": {"type":"Point","coordinates":[115.2590793,-8.5063635]}, "properties": {"osm_id": 5713321227, "osm_type": "nodes", "opening_hours": null, "shop": null, "tourism": null, "rooms": null, "building": null, "amenity": "restaurant", "name": "Semujaen", "beds": null}},{"type": "Feature", "geometry": {"type":"Point","coordinates":[115.2597746,-8.5056691]}, "properties": {"osm_id": 6341100692, "osm_type": "nodes", "opening_hours": null, "shop": null, "tourism": null, "rooms": null, "building": null, "amenity": "restaurant", "name": "OIA Greek and Meditation Restaurant", "beds": null}},{"type": "Feature", "geometry": {"type":"Point","coordinates":[115.2591746,-8.5071572]}, "properties": {"osm_id": 6704967522, "osm_type": "nodes", "opening_hours": null, "shop": null, "tourism": "hotel", "rooms": null, "building": null, "amenity": null, "name": "Sama's Cottages", "beds": null}},{"type": "Feature", "geometry": {"type":"Point","coordinates":[115.2622122,-8.5161343]}, "properties": {"osm_id": 5278673423, "osm_type": "nodes", "opening_hours": null, "shop": null, "tourism": "guest_house", "rooms": null, "building": null, "amenity": null, "name": "CIK's Guest House", "beds": null}},{"type": "Feature", "geometry": {"type":"Point","coordinates":[115.2624427,-8.5162452]}, "properties": {"osm_id": 5440393721, "osm_type": "nodes", "opening_hours": null, "shop": null, "tourism": "hostel", "rooms": null, "building": null, "amenity": null, "name": "Sunshine Vintage House", "beds": null}},{"type": "Feature", "geometry": {"type":"Point","coordinates":[115.2622822,-8.504393]}, "properties": {"osm_id": 3761412783, "osm_type": "nodes", "opening_hours": null, "shop": null, "tourism": "guest_house", "rooms": null, "building": null, "amenity": null, "name": "Lecuk Inn", "beds": null}},{"type": "Feature", "geometry": {"type":"Point","coordinates":[115.2630492,-8.5097658]}, "properties": {"osm_id": 3761416465, "osm_type": "nodes", "opening_hours": null, "shop": "massage", "tourism": null, "rooms": null, "building": null, "amenity": null, "name": "Bali Ethnic Spa", "beds": null}},{"type": "Feature", "geometry": {"type":"Point","coordinates":[115.2471476,-8.4865094]}, "properties": {"osm_id": 2188281708, "osm_type": "nodes", "opening_hours": null, "shop": null, "tourism": "hotel", "rooms": null, "building": null, "amenity": null, "name": "Terracotta", "beds": null}},{"type": "Feature", "geometry": {"type":"Point","coordinates":[115.2682562,-8.5087168]}, "properties": {"osm_id": 11156408176, "osm_type": "nodes", "opening_hours": "Mo-Su 09:00-21:00", "shop": null, "tourism": null, "rooms": null, "building": null, "amenity": "restaurant", "name": "Nano Vege Warung", "beds": null}},{"type": "Feature", "geometry": {"type":"Point","coordinates":[115.2590768,-8.5084166]}, "properties": {"osm_id": 11155372641, "osm_type": "nodes", "opening_hours": "Mo-Su 09:00-21:00", "shop": "laundry", "tourism": null, "rooms": null, "building": null, "amenity": null, "name": "Puji Laundry", "beds": null}},{"type": "Feature", "geometry": {"type":"Point","coordinates":[115.259069,-8.5085369]}, "properties": {"osm_id": 6705226470, "osm_type": "nodes", "opening_hours": null, "shop": "massage", "tourism": null, "rooms": null, "building": null, "amenity": null, "name": "Inggrith Spa", "beds": null}},{"type": "Feature", "geometry": {"type":"Point","coordinates":[115.2649957,-8.5098326]}, "properties": {"osm_id": 11131835353, "osm_type": "nodes", "opening_hours": null, "shop": "jewelry", "tourism": null, "rooms": null, "building": null, "amenity": null, "name": "Studio Perak", "beds": null}},{"type": "Feature", "geometry": {"type":"Point","coordinates":[115.2589818,-8.5077201]}, "properties": {"osm_id": 6705264291, "osm_type": "nodes", "opening_hours": null, "shop": "massage", "tourism": null, "rooms": null, "building": null, "amenity": null, "name": "Lily Spa", "beds": null}},{"type": "Feature", "geometry": {"type":"Point","coordinates":[115.2591296,-8.5057485]}, "properties": {"osm_id": 2432172287, "osm_type": "nodes", "opening_hours": null, "shop": null, "tourism": null, "rooms": null, "building": null, "amenity": "restaurant", "name": "Miro's Garden Restaurant", "beds": null}},{"type": "Feature", "geometry": {"type":"Point","coordinates":[115.2688796,-8.5124296]}, "properties": {"osm_id": 11068770105, "osm_type": "nodes", "opening_hours": null, "shop": null, "tourism": "hotel", "rooms": null, "building": null, "amenity": null, "name": null, "beds": null}},{"type": "Feature", "geometry": {"type":"Point","coordinates":[115.2465461,-8.4835878]}, "properties": {"osm_id": 4544132792, "osm_type": "nodes", "opening_hours": "Mo-Su 09:00-18:00", "shop": null, "tourism": null, "rooms": null, "building": null, "amenity": "restaurant", "name": "Warung Nasi Ayam Kedewatan Ibu Mangku", "beds": null}},{"type": "Feature", "geometry": {"type":"Point","coordinates":[115.2750509,-8.5444523]}, "properties": {"osm_id": 11048192288, "osm_type": "nodes", "opening_hours": null, "shop": null, "tourism": "motel", "rooms": null, "building": null, "amenity": null, "name": null, "beds": null}},{"type": "Feature", "geometry": {"type":"Point","coordinates":[115.253482,-8.5064358]}, "properties": {"osm_id": 2031496162, "osm_type": "nodes", "opening_hours": null, "shop": null, "tourism": null, "rooms": null, "building": null, "amenity": "restaurant", "name": "Warung Mendez", "beds": null}},{"type": "Feature", "geometry": {"type":"Point","coordinates":[115.2626406,-8.4852137]}, "properties": {"osm_id": 6320018786, "osm_type": "nodes", "opening_hours": null, "shop": null, "tourism": "hotel", "rooms": null, "building": null, "amenity": null, "name": "Firefly Retreat Bali", "beds": null}},{"type": "Feature", "geometry": {"type":"Point","coordinates":[115.2713986,-8.5058186]}, "properties": {"osm_id": 11037671905, "osm_type": "nodes", "opening_hours": null, "shop": null, "tourism": "hostel", "rooms": null, "building": null, "amenity": null, "name": "Anggrek Mas Bed and Breakfast", "beds": null}},{"type": "Feature", "geometry": {"type":"Point","coordinates":[115.272667,-8.5231552]}, "properties": {"osm_id": 7111678712, "osm_type": "nodes", "opening_hours": "Mo-Su 10:00-22:00", "shop": null, "tourism": null, "rooms": null, "building": null, "amenity": "restaurant", "name": "Bebek Tepi Sawah Restaurant Ubud", "beds": null}},{"type": "Feature", "geometry": {"type":"Point","coordinates":[115.2704391,-8.4919714]}, "properties": {"osm_id": 10872827205, "osm_type": "nodes", "opening_hours": null, "shop": null, "tourism": "guest_house", "rooms": null, "building": null, "amenity": null, "name": "Ayudira Heritage House", "beds": null}},{"type": "Feature", "geometry": {"type":"Point","coordinates":[115.2667137,-8.5117956]}, "properties": {"osm_id": 10980282808, "osm_type": "nodes", "opening_hours": null, "shop": "massage", "tourism": null, "rooms": null, "building": null, "amenity": null, "name": "sang spa", "beds": null}},{"type": "Feature", "geometry": {"type":"Point","coordinates":[115.2632864,-8.515444]}, "properties": {"osm_id": 10910612605, "osm_type": "nodes", "opening_hours": null, "shop": null, "tourism": "guest_house", "rooms": null, "building": null, "amenity": null, "name": "Kecag Kecog", "beds": null}},{"type": "Feature", "geometry": {"type":"Point","coordinates":[115.2622778,-8.5481126]}, "properties": {"osm_id": 10908183813, "osm_type": "nodes", "opening_hours": "24/7", "shop": "storage_rental", "tourism": null, "rooms": null, "building": null, "amenity": null, "name": "Self Storage Bali", "beds": null}},{"type": "Feature", "geometry": {"type":"Point","coordinates":[115.2623374,-8.5157978]}, "properties": {"osm_id": 10882945705, "osm_type": "nodes", "opening_hours": "24/7", "shop": null, "tourism": "hostel", "rooms": null, "building": null, "amenity": null, "name": "Peanut Hostel", "beds": null}},{"type": "Feature", "geometry": {"type":"Point","coordinates":[115.2604894,-8.505972]}, "properties": {"osm_id": 5206623221, "osm_type": "nodes", "opening_hours": null, "shop": null, "tourism": null, "rooms": null, "building": null, "amenity": "restaurant", "name": "The PAON International Restaurant", "beds": null}},{"type": "Feature", "geometry": {"type":"Point","coordinates":[115.2905124,-8.5233008]}, "properties": {"osm_id": 12675407041, "osm_type": "nodes", "opening_hours": null, "shop": "motorcycle_parts", "tourism": null, "rooms": null, "building": null, "amenity": null, "name": "Helmet Shop", "beds": null}},{"type": "Feature", "geometry": {"type":"Point","coordinates":[115.2626282,-8.5086375]}, "properties": {"osm_id": 12522480901, "osm_type": "nodes", "opening_hours": null, "shop": null, "tourism": null, "rooms": null, "building": null, "amenity": "marketplace", "name": "Ubud Street Market", "beds": null}},{"type": "Feature", "geometry": {"type":"Point","coordinates":[115.2627074,-8.4954858]}, "properties": {"osm_id": 12531266012, "osm_type": "nodes", "opening_hours": null, "shop": null, "tourism": "hotel", "rooms": "10", "building": null, "amenity": null, "name": "Juwuk Manis Hotel", "beds": null}},{"type": "Feature", "geometry": {"type":"Point","coordinates":[115.2667243,-8.5032108]}, "properties": {"osm_id": 12531315809, "osm_type": "nodes", "opening_hours": null, "shop": "beauty", "tourism": null, "rooms": null, "building": null, "amenity": null, "name": "Hesa Wellness Spa Ubud", "beds": null}},{"type": "Feature", "geometry": {"type":"Point","coordinates":[115.2669475,-8.5093673]}, "properties": {"osm_id": 5370642321, "osm_type": "nodes", "opening_hours": "Mo-Sa 10:00-21:00", "shop": null, "tourism": null, "rooms": null, "building": null, "amenity": "restaurant", "name": "Run’s Warung", "beds": null}},{"type": "Feature", "geometry": {"type":"Point","coordinates":[115.2642758,-8.4787235]}, "properties": {"osm_id": 5488811371, "osm_type": "nodes", "opening_hours": null, "shop": null, "tourism": null, "rooms": null, "building": null, "amenity": "restaurant", "name": "Pyramids of Chi Cafe", "beds": null}},{"type": "Feature", "geometry": {"type":"Point","coordinates":[115.2628414,-8.4777467]}, "properties": {"osm_id": 12543048701, "osm_type": "nodes", "opening_hours": null, "shop": null, "tourism": "hotel", "rooms": null, "building": null, "amenity": null, "name": "Blue Karma Dijiwa Ubud", "beds": null}},{"type": "Feature", "geometry": {"type":"Point","coordinates":[115.2529754,-8.5037017]}, "properties": {"osm_id": 12555988569, "osm_type": "nodes", "opening_hours": null, "shop": null, "tourism": null, "rooms": null, "building": null, "amenity": "restaurant", "name": "Waroeng Jadoel", "beds": null}},{"type": "Feature", "geometry": {"type":"Point","coordinates":[115.2572257,-8.5092429]}, "properties": {"osm_id": 12669658699, "osm_type": "nodes", "opening_hours": null, "shop": null, "tourism": "apartment", "rooms": null, "building": null, "amenity": null, "name": "Why Not Villas", "beds": null}},{"type": "Feature", "geometry": {"type":"Point","coordinates":[115.2577529,-8.5089861]}, "properties": {"osm_id": 12669682576, "osm_type": "nodes", "opening_hours": null, "shop": null, "tourism": "guest_house", "rooms": null, "building": null, "amenity": null, "name": "Happy Inn 2", "beds": null}},{"type": "Feature", "geometry": {"type":"Point","coordinates":[115.2624641,-8.506377]}, "properties": {"osm_id": 12837381338, "osm_type": "nodes", "opening_hours": null, "shop": null, "tourism": null, "rooms": null, "building": null, "amenity": "restaurant", "name": null, "beds": null}},{"type": "Feature", "geometry": {"type":"Point","coordinates":[115.2635879,-8.4730216]}, "properties": {"osm_id": 12327649001, "osm_type": "nodes", "opening_hours": null, "shop": null, "tourism": "hotel", "rooms": null, "building": null, "amenity": null, "name": "Horison Ume Suites & Villas Ubud (Metland Venya Ubud)", "beds": null}},{"type": "Feature", "geometry": {"type":"Point","coordinates":[115.2681889,-8.5242969]}, "properties": {"osm_id": 4873173122, "osm_type": "nodes", "opening_hours": null, "shop": null, "tourism": "guest_house", "rooms": null, "building": null, "amenity": null, "name": "Siti Batik", "beds": null}},{"type": "Feature", "geometry": {"type":"Point","coordinates":[115.2634633,-8.5191666]}, "properties": {"osm_id": 6715453528, "osm_type": "nodes", "opening_hours": null, "shop": null, "tourism": "hotel", "rooms": null, "building": null, "amenity": null, "name": "Puri Padi", "beds": null}},{"type": "Feature", "geometry": {"type":"Point","coordinates":[115.2458558,-8.5300008]}, "properties": {"osm_id": 12114070394, "osm_type": "nodes", "opening_hours": null, "shop": null, "tourism": "guest_house", "rooms": null, "building": null, "amenity": null, "name": "Villa Semera Wana", "beds": null}},{"type": "Feature", "geometry": {"type":"Point","coordinates":[115.2624981,-8.5069623]}, "properties": {"osm_id": 11939576013, "osm_type": "nodes", "opening_hours": null, "shop": null, "tourism": "artwork", "rooms": null, "building": null, "amenity": null, "name": "Ida Tjokorda Gde Agung Sukawati", "beds": null}},{"type": "Feature", "geometry": {"type":"Point","coordinates":[115.2492845,-8.4757837]}, "properties": {"osm_id": 12043299025, "osm_type": "nodes", "opening_hours": null, "shop": null, "tourism": null, "rooms": null, "building": null, "amenity": "fast_food", "name": "Pizza Made", "beds": null}},{"type": "Feature", "geometry": {"type":"Point","coordinates":[115.2502424,-8.4761367]}, "properties": {"osm_id": 12043299027, "osm_type": "nodes", "opening_hours": null, "shop": "convenience", "tourism": null, "rooms": null, "building": null, "amenity": null, "name": null, "beds": null}},{"type": "Feature", "geometry": {"type":"Point","coordinates":[115.2446922,-8.4712628]}, "properties": {"osm_id": 12042918122, "osm_type": "nodes", "opening_hours": null, "shop": null, "tourism": "hotel", "rooms": null, "building": null, "amenity": null, "name": "Pramana Watu Kurung", "beds": null}},{"type": "Feature", "geometry": {"type":"Point","coordinates":[115.260288,-8.514711]}, "properties": {"osm_id": 12041385802, "osm_type": "nodes", "opening_hours": null, "shop": null, "tourism": null, "rooms": null, "building": null, "amenity": "restaurant", "name": "Bollywood Masalaz", "beds": null}},{"type": "Feature", "geometry": {"type":"Point","coordinates":[115.2614191,-8.5180535]}, "properties": {"osm_id": 2843283521, "osm_type": "nodes", "opening_hours": "24/7", "shop": null, "tourism": null, "rooms": null, "building": null, "amenity": null, "name": "Hubud Co-Working Space", "beds": null}},{"type": "Feature", "geometry": {"type":"Point","coordinates":[115.2614629,-8.5180751]}, "properties": {"osm_id": 12039831793, "osm_type": "nodes", "opening_hours": null, "shop": "yes", "tourism": null, "rooms": null, "building": null, "amenity": null, "name": "Delima natural dyes", "beds": null}},{"type": "Feature", "geometry": {"type":"Point","coordinates":[115.2613722,-8.5180792]}, "properties": {"osm_id": 12039831791, "osm_type": "nodes", "opening_hours": null, "shop": "convenience", "tourism": null, "rooms": null, "building": null, "amenity": null, "name": "M MART", "beds": null}},{"type": "Feature", "geometry": {"type":"Point","coordinates":[115.2669139,-8.5088221]}, "properties": {"osm_id": 12017261169, "osm_type": "nodes", "opening_hours": "Mo-Su 07:00-21:30", "shop": null, "tourism": null, "rooms": null, "building": null, "amenity": "restaurant", "name": "Bali Buda Ubud", "beds": null}},{"type": "Feature", "geometry": {"type":"Point","coordinates":[115.2518928,-8.5059731]}, "properties": {"osm_id": 6601525383, "osm_type": "nodes", "opening_hours": null, "shop": null, "tourism": "hotel", "rooms": null, "building": null, "amenity": null, "name": "Gerebig Bungalows", "beds": null}},{"type": "Feature", "geometry": {"type":"Point","coordinates":[115.2627235,-8.5165165]}, "properties": {"osm_id": 11982315069, "osm_type": "nodes", "opening_hours": null, "shop": "massage", "tourism": null, "rooms": null, "building": null, "amenity": null, "name": "Ayuning SPA", "beds": null}},{"type": "Feature", "geometry": {"type":"Point","coordinates":[115.2587621,-8.5090671]}, "properties": {"osm_id": 7218234286, "osm_type": "nodes", "opening_hours": null, "shop": null, "tourism": null, "rooms": null, "building": null, "amenity": "restaurant", "name": "Taco Fiesta", "beds": null}},{"type": "Feature", "geometry": {"type":"Point","coordinates":[115.2583345,-8.5087895]}, "properties": {"osm_id": 11934872109, "osm_type": "nodes", "opening_hours": null, "shop": null, "tourism": null, "rooms": null, "building": null, "amenity": null, "name": null, "beds": null}},{"type": "Feature", "geometry": {"type":"Point","coordinates":[115.2586132,-8.5098616]}, "properties": {"osm_id": 11950248803, "osm_type": "nodes", "opening_hours": null, "shop": null, "tourism": null, "rooms": null, "building": null, "amenity": null, "name": "Disna Tours", "beds": null}},{"type": "Feature", "geometry": {"type":"Point","coordinates":[115.2576633,-8.5105268]}, "properties": {"osm_id": 11946469524, "osm_type": "nodes", "opening_hours": null, "shop": null, "tourism": "hotel", "rooms": null, "building": null, "amenity": null, "name": "Alamdini Resort", "beds": null}},{"type": "Feature", "geometry": {"type":"Point","coordinates":[115.2586813,-8.4977403]}, "properties": {"osm_id": 11946405820, "osm_type": "nodes", "opening_hours": null, "shop": "art", "tourism": null, "rooms": null, "building": null, "amenity": null, "name": "Kadek Astamar", "beds": null}},{"type": "Feature", "geometry": {"type":"Point","coordinates":[115.2584008,-8.4985578]}, "properties": {"osm_id": 11946405822, "osm_type": "nodes", "opening_hours": null, "shop": null, "tourism": null, "rooms": null, "building": null, "amenity": null, "name": "Beluna Coworking Space", "beds": null}},{"type": "Feature", "geometry": {"type":"Point","coordinates":[115.258498,-8.5004445]}, "properties": {"osm_id": 11946484524, "osm_type": "nodes", "opening_hours": null, "shop": "art", "tourism": null, "rooms": null, "building": null, "amenity": null, "name": null, "beds": null}},{"type": "Feature", "geometry": {"type":"Point","coordinates":[115.2584135,-8.5006989]}, "properties": {"osm_id": 11946484525, "osm_type": "nodes", "opening_hours": null, "shop": "art", "tourism": null, "rooms": null, "building": null, "amenity": null, "name": null, "beds": null}},{"type": "Feature", "geometry": {"type":"Point","coordinates":[115.2585322,-8.5096553]}, "properties": {"osm_id": 11945035732, "osm_type": "nodes", "opening_hours": null, "shop": null, "tourism": null, "rooms": null, "building": null, "amenity": "restaurant", "name": "Sag Bistro", "beds": null}},{"type": "Feature", "geometry": {"type":"Point","coordinates":[115.2608801,-8.5062705]}, "properties": {"osm_id": 11944443702, "osm_type": "nodes", "opening_hours": null, "shop": null, "tourism": null, "rooms": null, "building": null, "amenity": "restaurant", "name": "Nusa", "beds": null}},{"type": "Feature", "geometry": {"type":"Point","coordinates":[115.2609246,-8.506159]}, "properties": {"osm_id": 11944443704, "osm_type": "nodes", "opening_hours": null, "shop": null, "tourism": null, "rooms": null, "building": null, "amenity": "bar", "name": "THE ROOF at Sala", "beds": null}},{"type": "Feature", "geometry": {"type":"Point","coordinates":[115.2538689,-8.492481]}, "properties": {"osm_id": 11944094023, "osm_type": "nodes", "opening_hours": null, "shop": null, "tourism": null, "rooms": null, "building": null, "amenity": "cafe", "name": "Drupadi", "beds": null}},{"type": "Feature", "geometry": {"type":"Point","coordinates":[115.2536794,-8.4925292]}, "properties": {"osm_id": 11943843365, "osm_type": "nodes", "opening_hours": null, "shop": null, "tourism": "artwork", "rooms": null, "building": null, "amenity": null, "name": null, "beds": null}},{"type": "Feature", "geometry": {"type":"Point","coordinates":[115.25325,-8.492696]}, "properties": {"osm_id": 11943843366, "osm_type": "nodes", "opening_hours": null, "shop": null, "tourism": null, "rooms": null, "building": null, "amenity": "restaurant", "name": "Room4Dessert", "beds": null}},{"type": "Feature", "geometry": {"type":"Point","coordinates":[115.2529855,-8.4929047]}, "properties": {"osm_id": 11943843368, "osm_type": "nodes", "opening_hours": null, "shop": null, "tourism": "artwork", "rooms": null, "building": null, "amenity": null, "name": null, "beds": null}},{"type": "Feature", "geometry": {"type":"Point","coordinates":[115.2529909,-8.4928659]}, "properties": {"osm_id": 11943941969, "osm_type": "nodes", "opening_hours": null, "shop": null, "tourism": "artwork", "rooms": null, "building": null, "amenity": null, "name": null, "beds": null}},{"type": "Feature", "geometry": {"type":"Point","coordinates":[115.2623857,-8.5068957]}, "properties": {"osm_id": 11941203828, "osm_type": "nodes", "opening_hours": null, "shop": null, "tourism": "artwork", "rooms": null, "building": null, "amenity": null, "name": null, "beds": null}},{"type": "Feature", "geometry": {"type":"Point","coordinates":[115.2620934,-8.4861333]}, "properties": {"osm_id": 11938583797, "osm_type": "nodes", "opening_hours": null, "shop": "art", "tourism": null, "rooms": null, "building": null, "amenity": null, "name": null, "beds": null}},{"type": "Feature", "geometry": {"type":"Point","coordinates":[115.2607543,-8.512843]}, "properties": {"osm_id": 317207556, "osm_type": "nodes", "opening_hours": null, "shop": null, "tourism": null, "rooms": null, "building": null, "amenity": "cafe", "name": "Cafe Wayan & Bakery", "beds": null}},{"type": "Feature", "geometry": {"type":"Point","coordinates":[115.2617877,-8.500797]}, "properties": {"osm_id": 11934351659, "osm_type": "nodes", "opening_hours": null, "shop": null, "tourism": null, "rooms": null, "building": null, "amenity": "restaurant", "name": "Aldi’s Coffee & Eatery", "beds": null}},{"type": "Feature", "geometry": {"type":"Point","coordinates":[115.2664713,-8.5085121]}, "properties": {"osm_id": 11902542739, "osm_type": "nodes", "opening_hours": "Mo-Su 12:00-21:00", "shop": "massage", "tourism": null, "rooms": null, "building": null, "amenity": null, "name": "Nusa therapy", "beds": null}},{"type": "Feature", "geometry": {"type":"Point","coordinates":[115.2645425,-8.5111691]}, "properties": {"osm_id": 3924760341, "osm_type": "nodes", "opening_hours": null, "shop": null, "tourism": null, "rooms": null, "building": null, "amenity": "cafe", "name": "Sweety's Kitchen", "beds": null}},{"type": "Feature", "geometry": {"type":"Point","coordinates":[115.2655282,-8.5057346]}, "properties": {"osm_id": 11843643984, "osm_type": "nodes", "opening_hours": null, "shop": null, "tourism": null, "rooms": null, "building": null, "amenity": "restaurant", "name": "Pizza Cult", "beds": null}},{"type": "Feature", "geometry": {"type":"Point","coordinates":[115.2613911,-8.5089549]}, "properties": {"osm_id": 11843222172, "osm_type": "nodes", "opening_hours": null, "shop": null, "tourism": "hostel", "rooms": null, "building": null, "amenity": null, "name": "Nua House", "beds": null}},{"type": "Feature", "geometry": {"type":"Point","coordinates":[115.2598131,-8.5165377]}, "properties": {"osm_id": 4233401590, "osm_type": "nodes", "opening_hours": null, "shop": null, "tourism": null, "rooms": null, "building": null, "amenity": "restaurant", "name": "Maha", "beds": null}},{"type": "Feature", "geometry": {"type":"Point","coordinates":[115.271,-8.5110504]}, "properties": {"osm_id": 11801898069, "osm_type": "nodes", "opening_hours": null, "shop": null, "tourism": null, "rooms": null, "building": null, "amenity": "cafe", "name": "Вкусная местная еда", "beds": null}},{"type": "Feature", "geometry": {"type":"Point","coordinates":[115.2651985,-8.5067323]}, "properties": {"osm_id": 1726069192, "osm_type": "nodes", "opening_hours": "Mo-Su 08:00-22:00", "shop": null, "tourism": null, "rooms": null, "building": null, "amenity": "cafe", "name": "Seniman Coffee Studio", "beds": null}},{"type": "Feature", "geometry": {"type":"Point","coordinates":[115.2611359,-8.5081866]}, "properties": {"osm_id": 11800736469, "osm_type": "nodes", "opening_hours": null, "shop": null, "tourism": "guest_house", "rooms": null, "building": null, "amenity": null, "name": null, "beds": null}},{"type": "Feature", "geometry": {"type":"Point","coordinates":[115.2686919,-8.4772534]}, "properties": {"osm_id": 11782477469, "osm_type": "nodes", "opening_hours": "Mo-Su 08:00-22:00", "shop": null, "tourism": null, "rooms": null, "building": null, "amenity": "cafe", "name": "Maniztutu Coffee & Eatery", "beds": null}},{"type": "Feature", "geometry": {"type":"Point","coordinates":[115.2587599,-8.4975574]}, "properties": {"osm_id": 11781902550, "osm_type": "nodes", "opening_hours": null, "shop": null, "tourism": "hotel", "rooms": null, "building": null, "amenity": null, "name": "Cahaya Villa Ubud", "beds": null}},{"type": "Feature", "geometry": {"type":"Point","coordinates":[115.255635,-8.4954372]}, "properties": {"osm_id": 11778036119, "osm_type": "nodes", "opening_hours": null, "shop": null, "tourism": "viewpoint", "rooms": null, "building": null, "amenity": null, "name": null, "beds": null}},{"type": "Feature", "geometry": {"type":"Point","coordinates":[115.2553404,-8.4968087]}, "properties": {"osm_id": 6611743030, "osm_type": "nodes", "opening_hours": null, "shop": null, "tourism": "viewpoint", "rooms": null, "building": null, "amenity": null, "name": "Partial viewpoint on Mount Agung", "beds": null}},{"type": "Feature", "geometry": {"type":"Point","coordinates":[115.263159,-8.5202824]}, "properties": {"osm_id": 11765943469, "osm_type": "nodes", "opening_hours": null, "shop": null, "tourism": null, "rooms": null, "building": null, "amenity": "restaurant", "name": "Vietnam", "beds": null}},{"type": "Feature", "geometry": {"type":"Point","coordinates":[115.2648458,-8.508048]}, "properties": {"osm_id": 1608486628, "osm_type": "nodes", "opening_hours": null, "shop": null, "tourism": null, "rooms": null, "building": null, "amenity": "restaurant", "name": "Warung Ijo Ubud", "beds": null}},{"type": "Feature", "geometry": {"type":"Point","coordinates":[115.2721764,-8.5046982]}, "properties": {"osm_id": 11707991369, "osm_type": "nodes", "opening_hours": null, "shop": null, "tourism": null, "rooms": null, "building": null, "amenity": "cafe", "name": "Livingstone.Holyground", "beds": null}},{"type": "Feature", "geometry": {"type":"Point","coordinates":[115.2614575,-8.5096361]}, "properties": {"osm_id": 11699352243, "osm_type": "nodes", "opening_hours": null, "shop": null, "tourism": "artwork", "rooms": null, "building": null, "amenity": null, "name": null, "beds": null}},{"type": "Feature", "geometry": {"type":"Point","coordinates":[115.2611338,-8.507873]}, "properties": {"osm_id": 5625904921, "osm_type": "nodes", "opening_hours": null, "shop": null, "tourism": "guest_house", "rooms": null, "building": null, "amenity": null, "name": "Kabera House 2", "beds": null}},{"type": "Feature", "geometry": {"type":"Point","coordinates":[115.2764337,-8.5059019]}, "properties": {"osm_id": 11548979608, "osm_type": "nodes", "opening_hours": null, "shop": null, "tourism": null, "rooms": null, "building": null, "amenity": "cafe", "name": "Made Tea", "beds": null}},{"type": "Feature", "geometry": {"type":"Point","coordinates":[115.265939,-8.5096192]}, "properties": {"osm_id": 11539397115, "osm_type": "nodes", "opening_hours": null, "shop": null, "tourism": null, "rooms": null, "building": null, "amenity": "restaurant", "name": "Sugriwa's Warung", "beds": null}},{"type": "Feature", "geometry": {"type":"Point","coordinates":[115.2713464,-8.5081591]}, "properties": {"osm_id": 11515428421, "osm_type": "nodes", "opening_hours": "Mo-Su 09:00-21:00", "shop": "stationery", "tourism": null, "rooms": null, "building": null, "amenity": null, "name": "Wine Glass Ubud", "beds": null}},{"type": "Feature", "geometry": {"type":"Point","coordinates":[115.2643595,-8.5015812]}, "properties": {"osm_id": 3761410541, "osm_type": "nodes", "opening_hours": null, "shop": null, "tourism": "guest_house", "rooms": null, "building": null, "amenity": null, "name": "Pondok Bambu Home Stay", "beds": null}},{"type": "Feature", "geometry": {"type":"Point","coordinates":[115.2516162,-8.5075492]}, "properties": {"osm_id": 11461745869, "osm_type": "nodes", "opening_hours": null, "shop": null, "tourism": "guest_house", "rooms": null, "building": null, "amenity": null, "name": "Umasari Villa", "beds": null}},{"type": "Feature", "geometry": {"type":"Point","coordinates":[115.2606829,-8.5000663]}, "properties": {"osm_id": 11450664448, "osm_type": "nodes", "opening_hours": null, "shop": null, "tourism": "guest_house", "rooms": "2", "building": null, "amenity": null, "name": "Ardea Villa", "beds": null}},{"type": "Feature", "geometry": {"type":"Point","coordinates":[115.2613679,-8.506498]}, "properties": {"osm_id": 11438615769, "osm_type": "nodes", "opening_hours": null, "shop": null, "tourism": null, "rooms": null, "building": null, "amenity": "restaurant", "name": "Uno Ristorante Italiano", "beds": null}},{"type": "Feature", "geometry": {"type":"Point","coordinates":[115.2580894,-8.5138289]}, "properties": {"osm_id": 11438615869, "osm_type": "nodes", "opening_hours": null, "shop": null, "tourism": null, "rooms": null, "building": null, "amenity": "restaurant", "name": "Pistachio", "beds": null}},{"type": "Feature", "geometry": {"type":"Point","coordinates":[115.2742547,-8.5086178]}, "properties": {"osm_id": 11436803869, "osm_type": "nodes", "opening_hours": null, "shop": null, "tourism": null, "rooms": null, "building": null, "amenity": "restaurant", "name": "ADIDARMA", "beds": null}},{"type": "Feature", "geometry": {"type":"Point","coordinates":[115.2584751,-8.509905]}, "properties": {"osm_id": 12665297527, "osm_type": "nodes", "opening_hours": null, "shop": null, "tourism": null, "rooms": null, "building": null, "amenity": "cafe", "name": "U sandwich & Coffee", "beds": null}},{"type": "Feature", "geometry": {"type":"Point","coordinates":[115.2579541,-8.5091555]}, "properties": {"osm_id": 12669687648, "osm_type": "nodes", "opening_hours": null, "shop": null, "tourism": "guest_house", "rooms": null, "building": null, "amenity": null, "name": "Monka House", "beds": null}},{"type": "Feature", "geometry": {"type":"Point","coordinates":[115.2583853,-8.5101501]}, "properties": {"osm_id": 12669703399, "osm_type": "nodes", "opening_hours": null, "shop": null, "tourism": null, "rooms": null, "building": null, "amenity": "restaurant", "name": "Shamana Mama", "beds": null}},{"type": "Feature", "geometry": {"type":"Point","coordinates":[115.2582765,-8.5122057]}, "properties": {"osm_id": 12669692666, "osm_type": "nodes", "opening_hours": "Mo-Su 08:00-23:00", "shop": null, "tourism": null, "rooms": null, "building": null, "amenity": "restaurant", "name": "Rus Kitchen", "beds": null}},{"type": "Feature", "geometry": {"type":"Point","coordinates":[115.2578282,-8.5124188]}, "properties": {"osm_id": 12669717947, "osm_type": "nodes", "opening_hours": null, "shop": null, "tourism": "hotel", "rooms": null, "building": null, "amenity": null, "name": "Komaneka Bisma", "beds": null}},{"type": "Feature", "geometry": {"type":"Point","coordinates":[115.2662136,-8.5113518]}, "properties": {"osm_id": 12692209301, "osm_type": "nodes", "opening_hours": "Mo-Su 09:00-19:00", "shop": null, "tourism": "attraction", "rooms": null, "building": null, "amenity": null, "name": "ArtMan massage", "beds": null}},{"type": "Feature", "geometry": {"type":"Point","coordinates":[115.2658903,-8.4803962]}, "properties": {"osm_id": 12679858301, "osm_type": "nodes", "opening_hours": "Mo-Su 07:00-23:00", "shop": null, "tourism": null, "rooms": null, "building": null, "amenity": "restaurant", "name": "Cocoku Ubud Healthy Restaurant", "beds": null}},{"type": "Feature", "geometry": {"type":"Point","coordinates":[115.2602271,-8.5485275]}, "properties": {"osm_id": 12755078801, "osm_type": "nodes", "opening_hours": null, "shop": null, "tourism": "attraction", "rooms": null, "building": null, "amenity": null, "name": null, "beds": null}},{"type": "Feature", "geometry": {"type":"Point","coordinates":[115.2509104,-8.4998221]}, "properties": {"osm_id": 12767806996, "osm_type": "nodes", "opening_hours": null, "shop": null, "tourism": "guest_house", "rooms": null, "building": null, "amenity": null, "name": "Villa Soul", "beds": null}},{"type": "Feature", "geometry": {"type":"Point","coordinates":[115.2652481,-8.4981728]}, "properties": {"osm_id": 5168444221, "osm_type": "nodes", "opening_hours": "Mo-Su 09:00-22:00", "shop": null, "tourism": null, "rooms": null, "building": null, "amenity": "restaurant", "name": "Echo Kitchen", "beds": null}},{"type": "Feature", "geometry": {"type":"Point","coordinates":[115.2636736,-8.5213373]}, "properties": {"osm_id": 3227755723, "osm_type": "nodes", "opening_hours": "Mo-Su 11:00-22:30", "shop": null, "tourism": null, "rooms": null, "building": null, "amenity": "restaurant", "name": "Who's Who", "beds": null}},{"type": "Feature", "geometry": {"type":"Point","coordinates":[115.2501595,-8.543133]}, "properties": {"osm_id": 1038065878, "osm_type": "nodes", "opening_hours": null, "shop": null, "tourism": "hotel", "rooms": null, "building": null, "amenity": null, "name": "The Ubud Village", "beds": null}},{"type": "Feature", "geometry": {"type":"Point","coordinates":[115.2629024,-8.5209556]}, "properties": {"osm_id": 12808121901, "osm_type": "nodes", "opening_hours": "Mo-Su 07:00-23:00", "shop": null, "tourism": null, "rooms": null, "building": null, "amenity": "cafe", "name": "Ivy Cafe", "beds": null}},{"type": "Feature", "geometry": {"type":"Point","coordinates":[115.2629344,-8.5199996]}, "properties": {"osm_id": 12808896501, "osm_type": "nodes", "opening_hours": null, "shop": "massage", "tourism": null, "rooms": null, "building": null, "amenity": null, "name": "Audry's Spa", "beds": null}},{"type": "Feature", "geometry": {"type":"Point","coordinates":[115.2636646,-8.5195844]}, "properties": {"osm_id": 12807608801, "osm_type": "nodes", "opening_hours": null, "shop": null, "tourism": "hotel", "rooms": null, "building": null, "amenity": null, "name": "Vitasha Supala Ubud", "beds": null}},{"type": "Feature", "geometry": {"type":"Point","coordinates":[115.2508372,-8.5286252]}, "properties": {"osm_id": 12787582170, "osm_type": "nodes", "opening_hours": null, "shop": "laundry", "tourism": null, "rooms": null, "building": null, "amenity": null, "name": "D&W express laundry", "beds": null}},{"type": "Feature", "geometry": {"type":"Point","coordinates":[115.2546545,-8.5281076]}, "properties": {"osm_id": 12686185394, "osm_type": "nodes", "opening_hours": null, "shop": null, "tourism": "hotel", "rooms": null, "building": null, "amenity": null, "name": "Labak River Hotel", "beds": null}},{"type": "Feature", "geometry": {"type":"Point","coordinates":[115.2640643,-8.5174911]}, "properties": {"osm_id": 10705856505, "osm_type": "nodes", "opening_hours": "Mo-Su 10:00-10:00, 20:00-20:00", "shop": null, "tourism": null, "rooms": null, "building": null, "amenity": "restaurant", "name": "9 Angels 9 Bambu", "beds": null}},{"type": "Feature", "geometry": {"type":"Point","coordinates":[115.2578959,-8.5194508]}, "properties": {"osm_id": 2976838580, "osm_type": "nodes", "opening_hours": null, "shop": null, "tourism": "yes", "rooms": null, "building": null, "amenity": "restaurant", "name": "Bali Bohemia", "beds": null}},{"type": "Feature", "geometry": {"type":"Point","coordinates":[115.2636421,-8.5213546]}, "properties": {"osm_id": 4596057648, "osm_type": "nodes", "opening_hours": null, "shop": null, "tourism": "hotel", "rooms": null, "building": null, "amenity": null, "name": "De Dalam - Secret Nature", "beds": null}},{"type": "Feature", "geometry": {"type":"Point","coordinates":[115.2610256,-8.514]}, "properties": {"osm_id": 4233231790, "osm_type": "nodes", "opening_hours": null, "shop": null, "tourism": null, "rooms": null, "building": null, "amenity": "restaurant", "name": "3 Monkeys", "beds": null}},{"type": "Feature", "geometry": {"type":"Point","coordinates":[115.2595308,-8.5138525]}, "properties": {"osm_id": 4046918273, "osm_type": "nodes", "opening_hours": null, "shop": null, "tourism": "hotel", "rooms": null, "building": null, "amenity": null, "name": "Rahayu 2 Bungalows", "beds": null}},{"type": "Feature", "geometry": {"type":"Point","coordinates":[115.263585,-8.5191549]}, "properties": {"osm_id": 4250076434, "osm_type": "nodes", "opening_hours": null, "shop": null, "tourism": null, "rooms": null, "building": null, "amenity": "bar", "name": "the melting pot", "beds": null}},{"type": "Feature", "geometry": {"type":"Point","coordinates":[115.2720761,-8.5238158]}, "properties": {"osm_id": 6601842986, "osm_type": "nodes", "opening_hours": null, "shop": null, "tourism": null, "rooms": null, "building": null, "amenity": "fast_food", "name": null, "beds": null}},{"type": "Feature", "geometry": {"type":"Point","coordinates":[115.2733701,-8.5236848]}, "properties": {"osm_id": 6926105485, "osm_type": "nodes", "opening_hours": "Mo-Su 11:00-18:00", "shop": null, "tourism": null, "rooms": null, "building": null, "amenity": "restaurant", "name": "Warung Kedewatan Ibu Agung", "beds": null}},{"type": "Feature", "geometry": {"type":"Point","coordinates":[115.260194,-8.5275905]}, "properties": {"osm_id": 6967844947, "osm_type": "nodes", "opening_hours": null, "shop": null, "tourism": null, "rooms": null, "building": null, "amenity": "cafe", "name": "Jaya Coffee Roasters", "beds": null}},{"type": "Feature", "geometry": {"type":"Point","coordinates":[115.2603585,-8.5154488]}, "properties": {"osm_id": 6720656502, "osm_type": "nodes", "opening_hours": null, "shop": "massage", "tourism": null, "rooms": null, "building": null, "amenity": null, "name": "Aska Spa", "beds": null}},{"type": "Feature", "geometry": {"type":"Point","coordinates":[115.2602068,-8.5139888]}, "properties": {"osm_id": 5321065721, "osm_type": "nodes", "opening_hours": null, "shop": "massage", "tourism": null, "rooms": null, "building": null, "amenity": null, "name": "Nine Heaven Spa", "beds": null}},{"type": "Feature", "geometry": {"type":"Point","coordinates":[115.2607034,-8.5193481]}, "properties": {"osm_id": 5201147426, "osm_type": "nodes", "opening_hours": "Mo-Su 08:30-18:00", "shop": "ticket", "tourism": null, "rooms": null, "building": null, "amenity": null, "name": "Monkey Forest main entrance", "beds": null}},{"type": "Feature", "geometry": {"type":"Point","coordinates":[115.2608012,-8.5192523]}, "properties": {"osm_id": 6236141965, "osm_type": "nodes", "opening_hours": null, "shop": null, "tourism": "artwork", "rooms": null, "building": null, "amenity": null, "name": null, "beds": null}},{"type": "Feature", "geometry": {"type":"Point","coordinates":[115.2642835,-8.5158174]}, "properties": {"osm_id": 5814484333, "osm_type": "nodes", "opening_hours": null, "shop": null, "tourism": "hotel", "rooms": null, "building": null, "amenity": null, "name": "Three Brothers Guest House", "beds": null}},{"type": "Feature", "geometry": {"type":"Point","coordinates":[115.2664417,-8.5237844]}, "properties": {"osm_id": 5809213113, "osm_type": "nodes", "opening_hours": null, "shop": "travel_agency", "tourism": null, "rooms": null, "building": null, "amenity": null, "name": "Moto Explore", "beds": null}},{"type": "Feature", "geometry": {"type":"Point","coordinates":[115.2622948,-8.5150995]}, "properties": {"osm_id": 5130591125, "osm_type": "nodes", "opening_hours": null, "shop": null, "tourism": "hotel", "rooms": null, "building": null, "amenity": null, "name": "White House", "beds": null}},{"type": "Feature", "geometry": {"type":"Point","coordinates":[115.263952,-8.5134952]}, "properties": {"osm_id": 2952045647, "osm_type": "nodes", "opening_hours": null, "shop": null, "tourism": "guest_house", "rooms": null, "building": null, "amenity": null, "name": "Dewi Ayu 2", "beds": null}},{"type": "Feature", "geometry": {"type":"Point","coordinates":[115.2644559,-8.5275407]}, "properties": {"osm_id": 1841014901, "osm_type": "nodes", "opening_hours": null, "shop": null, "tourism": "guest_house", "rooms": null, "building": null, "amenity": null, "name": "Aum Villa and Aum Home", "beds": null}},{"type": "Feature", "geometry": {"type":"Point","coordinates":[115.2599684,-8.5165146]}, "properties": {"osm_id": 4113512889, "osm_type": "nodes", "opening_hours": null, "shop": "beauty", "tourism": null, "rooms": null, "building": null, "amenity": null, "name": "Utama Spice", "beds": null}},{"type": "Feature", "geometry": {"type":"Point","coordinates":[115.2689481,-8.5236984]}, "properties": {"osm_id": 4796023421, "osm_type": "nodes", "opening_hours": null, "shop": "clothes", "tourism": null, "rooms": null, "building": null, "amenity": null, "name": "Markas", "beds": null}},{"type": "Feature", "geometry": {"type":"Point","coordinates":[115.2682069,-8.523299]}, "properties": {"osm_id": 6172767276, "osm_type": "nodes", "opening_hours": null, "shop": "bakery", "tourism": null, "rooms": null, "building": null, "amenity": null, "name": null, "beds": null}},{"type": "Feature", "geometry": {"type":"Point","coordinates":[115.2720087,-8.5343478]}, "properties": {"osm_id": 7090072185, "osm_type": "nodes", "opening_hours": null, "shop": null, "tourism": null, "rooms": null, "building": null, "amenity": "cafe", "name": "Odette Bali", "beds": null}},{"type": "Feature", "geometry": {"type":"Point","coordinates":[115.2668906,-8.5163489]}, "properties": {"osm_id": 7181597302, "osm_type": "nodes", "opening_hours": null, "shop": null, "tourism": null, "rooms": null, "building": null, "amenity": "restaurant", "name": "Warung Kita", "beds": null}},{"type": "Feature", "geometry": {"type":"Point","coordinates":[115.2581473,-8.5147935]}, "properties": {"osm_id": 13091773601, "osm_type": "nodes", "opening_hours": null, "shop": null, "tourism": null, "rooms": null, "building": null, "amenity": "restaurant", "name": "Roots Bisma", "beds": null}},{"type": "Feature", "geometry": {"type":"Point","coordinates":[115.2734341,-8.5252024]}, "properties": {"osm_id": 13176050027, "osm_type": "nodes", "opening_hours": "24/7", "shop": null, "tourism": "guest_house", "rooms": null, "building": null, "amenity": null, "name": "Dream House Teges Jati", "beds": null}},{"type": "Feature", "geometry": {"type":"Point","coordinates":[115.2504974,-8.5212877]}, "properties": {"osm_id": 13337385064, "osm_type": "nodes", "opening_hours": "Mo-Su 08:00-17:00", "shop": null, "tourism": null, "rooms": null, "building": null, "amenity": "cafe", "name": "Petite Boulangerie", "beds": null}},{"type": "Feature", "geometry": {"type":"Point","coordinates":[115.2639879,-8.5246474]}, "properties": {"osm_id": 13373127001, "osm_type": "nodes", "opening_hours": null, "shop": null, "tourism": "hostel", "rooms": null, "building": null, "amenity": null, "name": "Tude Hostel Ubud", "beds": null}},{"type": "Feature", "geometry": {"type":"Point","coordinates":[115.2606323,-8.513092]}, "properties": {"osm_id": 3495297506, "osm_type": "nodes", "opening_hours": "11:30-02:00", "shop": null, "tourism": null, "rooms": null, "building": null, "amenity": "restaurant", "name": "Donna", "beds": null}},{"type": "Feature", "geometry": {"type":"Point","coordinates":[115.2599176,-8.5136397]}, "properties": {"osm_id": 2186773781, "osm_type": "nodes", "opening_hours": null, "shop": null, "tourism": "guest_house", "rooms": null, "building": null, "amenity": null, "name": "Alamanda Accommodation", "beds": null}},{"type": "Feature", "geometry": {"type":"Point","coordinates":[115.2583148,-8.5148066]}, "properties": {"osm_id": 4484925789, "osm_type": "nodes", "opening_hours": "Mo-Su 10:00-21:00", "shop": "massage", "tourism": null, "rooms": null, "building": null, "amenity": null, "name": "Putri Ubud Spa 2", "beds": null}},{"type": "Feature", "geometry": {"type":"Point","coordinates":[115.260899,-8.5132162]}, "properties": {"osm_id": 4214697631, "osm_type": "nodes", "opening_hours": null, "shop": null, "tourism": "hotel", "rooms": null, "building": null, "amenity": null, "name": "Adiwana Cottages", "beds": null}},{"type": "Feature", "geometry": {"type":"Point","coordinates":[115.2607546,-8.5130654]}, "properties": {"osm_id": 6197929076, "osm_type": "nodes", "opening_hours": null, "shop": null, "tourism": null, "rooms": null, "building": null, "amenity": "cafe", "name": "Starbucks", "beds": null}},{"type": "Feature", "geometry": {"type":"Point","coordinates":[115.2609428,-8.5129447]}, "properties": {"osm_id": 3495284328, "osm_type": "nodes", "opening_hours": null, "shop": null, "tourism": null, "rooms": null, "building": null, "amenity": "restaurant", "name": "Laughing Buddha Bar", "beds": null}},{"type": "Feature", "geometry": {"type":"Point","coordinates":[115.2608852,-8.5123326]}, "properties": {"osm_id": 6720656489, "osm_type": "nodes", "opening_hours": null, "shop": null, "tourism": null, "rooms": null, "building": null, "amenity": "restaurant", "name": "Maluku Asian Cuisine", "beds": null}},{"type": "Feature", "geometry": {"type":"Point","coordinates":[115.2610996,-8.5123368]}, "properties": {"osm_id": 6720615182, "osm_type": "nodes", "opening_hours": null, "shop": "convenience", "tourism": null, "rooms": null, "building": null, "amenity": null, "name": "Mini Mart", "beds": null}},{"type": "Feature", "geometry": {"type":"Point","coordinates":[115.2608867,-8.5122102]}, "properties": {"osm_id": 6720656503, "osm_type": "nodes", "opening_hours": null, "shop": null, "tourism": "hotel", "rooms": null, "building": null, "amenity": null, "name": "Ubud Village Inn", "beds": null}},{"type": "Feature", "geometry": {"type":"Point","coordinates":[115.2609497,-8.5121048]}, "properties": {"osm_id": 3759761429, "osm_type": "nodes", "opening_hours": null, "shop": null, "tourism": null, "rooms": null, "building": null, "amenity": "bar", "name": "L.O.L. Bar&Restaurant", "beds": null}},{"type": "Feature", "geometry": {"type":"Point","coordinates":[115.2595281,-8.5174793]}, "properties": {"osm_id": 6720656500, "osm_type": "nodes", "opening_hours": null, "shop": null, "tourism": "hotel", "rooms": null, "building": null, "amenity": null, "name": "Ubud Permai Bungalow", "beds": null}},{"type": "Feature", "geometry": {"type":"Point","coordinates":[115.2597733,-8.5170944]}, "properties": {"osm_id": 6720656487, "osm_type": "nodes", "opening_hours": null, "shop": null, "tourism": null, "rooms": null, "building": null, "amenity": "restaurant", "name": "Indigo Kitchen", "beds": null}},{"type": "Feature", "geometry": {"type":"Point","coordinates":[115.2596528,-8.5169816]}, "properties": {"osm_id": 5421490355, "osm_type": "nodes", "opening_hours": null, "shop": null, "tourism": null, "rooms": null, "building": null, "amenity": "restaurant", "name": "Ganesha", "beds": null}},{"type": "Feature", "geometry": {"type":"Point","coordinates":[115.2597509,-8.5166477]}, "properties": {"osm_id": 6720615175, "osm_type": "nodes", "opening_hours": null, "shop": "massage", "tourism": null, "rooms": null, "building": null, "amenity": null, "name": "Naily", "beds": null}},{"type": "Feature", "geometry": {"type":"Point","coordinates":[115.2598342,-8.516419]}, "properties": {"osm_id": 5421490589, "osm_type": "nodes", "opening_hours": null, "shop": "clothes", "tourism": null, "rooms": null, "building": null, "amenity": null, "name": "Ladris", "beds": null}},{"type": "Feature", "geometry": {"type":"Point","coordinates":[115.259951,-8.5160975]}, "properties": {"osm_id": 5421490356, "osm_type": "nodes", "opening_hours": null, "shop": "convenience", "tourism": null, "rooms": null, "building": null, "amenity": null, "name": "MiniMart", "beds": null}},{"type": "Feature", "geometry": {"type":"Point","coordinates":[115.2603354,-8.5157116]}, "properties": {"osm_id": 6720615179, "osm_type": "nodes", "opening_hours": null, "shop": null, "tourism": "hotel", "rooms": null, "building": null, "amenity": null, "name": "Ubud Inn Cottages", "beds": null}},{"type": "Feature", "geometry": {"type":"Point","coordinates":[115.2601534,-8.5156356]}, "properties": {"osm_id": 6715453523, "osm_type": "nodes", "opening_hours": null, "shop": null, "tourism": "hotel", "rooms": null, "building": null, "amenity": null, "name": "Ubud Terrace Bungalows", "beds": null}},{"type": "Feature", "geometry": {"type":"Point","coordinates":[115.2602121,-8.5153847]}, "properties": {"osm_id": 6720656493, "osm_type": "nodes", "opening_hours": null, "shop": null, "tourism": "hotel", "rooms": null, "building": null, "amenity": null, "name": "Dewi Ayu", "beds": null}},{"type": "Feature", "geometry": {"type":"Point","coordinates":[115.2604024,-8.515229]}, "properties": {"osm_id": 6720656488, "osm_type": "nodes", "opening_hours": null, "shop": "massage", "tourism": null, "rooms": null, "building": null, "amenity": null, "name": "Edelweiss Spa", "beds": null}},{"type": "Feature", "geometry": {"type":"Point","coordinates":[115.2602749,-8.5151252]}, "properties": {"osm_id": 5558146521, "osm_type": "nodes", "opening_hours": null, "shop": null, "tourism": null, "rooms": null, "building": null, "amenity": "restaurant", "name": "lcip~icip", "beds": null}},{"type": "Feature", "geometry": {"type":"Point","coordinates":[115.2602487,-8.5152279]}, "properties": {"osm_id": 3410945801, "osm_type": "nodes", "opening_hours": null, "shop": null, "tourism": "hotel", "rooms": null, "building": null, "amenity": null, "name": "Kartika Bungalows", "beds": null}},{"type": "Feature", "geometry": {"type":"Point","coordinates":[115.2606528,-8.5142107]}, "properties": {"osm_id": 6282951286, "osm_type": "nodes", "opening_hours": null, "shop": null, "tourism": null, "rooms": null, "building": null, "amenity": "cafe", "name": "Bittersweet", "beds": null}},{"type": "Feature", "geometry": {"type":"Point","coordinates":[115.2606831,-8.5141235]}, "properties": {"osm_id": 5062233822, "osm_type": "nodes", "opening_hours": null, "shop": null, "tourism": null, "rooms": null, "building": null, "amenity": "restaurant", "name": "Pissari Bali Café Gran Cuisine", "beds": null}},{"type": "Feature", "geometry": {"type":"Point","coordinates":[115.2606942,-8.5140493]}, "properties": {"osm_id": 5658727121, "osm_type": "nodes", "opening_hours": null, "shop": null, "tourism": null, "rooms": null, "building": null, "amenity": "restaurant", "name": "Rai Pasti's", "beds": null}},{"type": "Feature", "geometry": {"type":"Point","coordinates":[115.2607072,-8.5140059]}, "properties": {"osm_id": 6720615176, "osm_type": "nodes", "opening_hours": null, "shop": "clothes", "tourism": null, "rooms": null, "building": null, "amenity": null, "name": "Quicksilver", "beds": null}},{"type": "Feature", "geometry": {"type":"Point","coordinates":[115.2605775,-8.5139019]}, "properties": {"osm_id": 7287197278, "osm_type": "nodes", "opening_hours": "Mo-Su 07:00-22:00", "shop": null, "tourism": null, "rooms": null, "building": null, "amenity": "cafe", "name": "Coffee & Thyme Ubud", "beds": null}},{"type": "Feature", "geometry": {"type":"Point","coordinates":[115.26053,-8.5140796]}, "properties": {"osm_id": 5488345125, "osm_type": "nodes", "opening_hours": null, "shop": null, "tourism": null, "rooms": null, "building": null, "amenity": "bar", "name": "Elixer", "beds": null}},{"type": "Feature", "geometry": {"type":"Point","coordinates":[115.2605554,-8.513965]}, "properties": {"osm_id": 4325314594, "osm_type": "nodes", "opening_hours": null, "shop": null, "tourism": null, "rooms": null, "building": null, "amenity": "bar", "name": "No más", "beds": null}},{"type": "Feature", "geometry": {"type":"Point","coordinates":[115.2607368,-8.5139454]}, "properties": {"osm_id": 5323086821, "osm_type": "nodes", "opening_hours": null, "shop": null, "tourism": null, "rooms": null, "building": null, "amenity": "restaurant", "name": "3 Monkeys", "beds": null}},{"type": "Feature", "geometry": {"type":"Point","coordinates":[115.2607586,-8.5138452]}, "properties": {"osm_id": 6720615184, "osm_type": "nodes", "opening_hours": null, "shop": "shoes", "tourism": null, "rooms": null, "building": null, "amenity": null, "name": "Fipper", "beds": null}},{"type": "Feature", "geometry": {"type":"Point","coordinates":[115.257854,-8.5168555]}, "properties": {"osm_id": 4307254292, "osm_type": "nodes", "opening_hours": null, "shop": null, "tourism": "hotel", "rooms": null, "building": null, "amenity": null, "name": "Villa D' Bisma", "beds": null}},{"type": "Feature", "geometry": {"type":"Point","coordinates":[115.2609915,-8.512666]}, "properties": {"osm_id": 6720656494, "osm_type": "nodes", "opening_hours": null, "shop": null, "tourism": null, "rooms": null, "building": null, "amenity": "restaurant", "name": "Wildberry 18", "beds": null}},{"type": "Feature", "geometry": {"type":"Point","coordinates":[115.2603435,-8.515612]}, "properties": {"osm_id": 6720656498, "osm_type": "nodes", "opening_hours": null, "shop": null, "tourism": null, "rooms": null, "building": null, "amenity": "restaurant", "name": "Pringgas Grill", "beds": null}},{"type": "Feature", "geometry": {"type":"Point","coordinates":[115.2610277,-8.511028]}, "properties": {"osm_id": 5423738122, "osm_type": "nodes", "opening_hours": "Mo-Su 08:00-23:00", "shop": null, "tourism": null, "rooms": null, "building": null, "amenity": "cafe", "name": "Tukies (The coconut ice cream & shop)", "beds": null}},{"type": "Feature", "geometry": {"type":"Point","coordinates":[115.2596147,-8.5186294]}, "properties": {"osm_id": 6720463914, "osm_type": "nodes", "opening_hours": null, "shop": null, "tourism": "attraction", "rooms": null, "building": null, "amenity": null, "name": "Monkey Feeding Place", "beds": null}},{"type": "Feature", "geometry": {"type":"Point","coordinates":[115.2594584,-8.5175227]}, "properties": {"osm_id": 12993944601, "osm_type": "nodes", "opening_hours": null, "shop": "jewelry", "tourism": null, "rooms": null, "building": null, "amenity": null, "name": "Ring Herstellung Silber", "beds": null}},{"type": "Feature", "geometry": {"type":"Point","coordinates":[115.2586713,-8.5146374]}, "properties": {"osm_id": 13089158201, "osm_type": "nodes", "opening_hours": null, "shop": null, "tourism": "hostel", "rooms": null, "building": null, "amenity": null, "name": "Vin Vin Hostel", "beds": null}},{"type": "Feature", "geometry": {"type":"Point","coordinates":[115.2583854,-8.5138431]}, "properties": {"osm_id": 13095473102, "osm_type": "nodes", "opening_hours": null, "shop": null, "tourism": null, "rooms": null, "building": null, "amenity": "restaurant", "name": "Warung Ning", "beds": null}},{"type": "Feature", "geometry": {"type":"Point","coordinates":[115.2688281,-8.5046528]}, "properties": {"osm_id": 13344391479, "osm_type": "nodes", "opening_hours": "24/7", "shop": null, "tourism": "hotel", "rooms": "Private Villa with Pool and Jungle Views", "building": null, "amenity": null, "name": "Saughina Ubud", "beds": null}},{"type": "Feature", "geometry": {"type":"Point","coordinates":[115.2682098,-8.5126037]}, "properties": {"osm_id": 13621728790, "osm_type": "nodes", "opening_hours": null, "shop": null, "tourism": null, "rooms": null, "building": null, "amenity": "cafe", "name": "Chai of the Tiger", "beds": null}},{"type": "Feature", "geometry": {"type":"Point","coordinates":[115.2634999,-8.5101687]}, "properties": {"osm_id": 3761417058, "osm_type": "nodes", "opening_hours": null, "shop": "books", "tourism": null, "rooms": null, "building": null, "amenity": null, "name": "Cantina Taco Bar", "beds": null}},{"type": "Feature", "geometry": {"type":"Point","coordinates":[115.2655949,-8.505621]}, "properties": {"osm_id": 4375085792, "osm_type": "nodes", "opening_hours": null, "shop": null, "tourism": "hostel", "rooms": null, "building": null, "amenity": null, "name": "Taman Dewangga", "beds": null}},{"type": "Feature", "geometry": {"type":"Point","coordinates":[115.2660804,-8.508235]}, "properties": {"osm_id": 4425985590, "osm_type": "nodes", "opening_hours": null, "shop": null, "tourism": null, "rooms": null, "building": null, "amenity": "restaurant", "name": "Warung Taman Anyar", "beds": null}},{"type": "Feature", "geometry": {"type":"Point","coordinates":[115.2581807,-8.5030886]}, "properties": {"osm_id": 4529969092, "osm_type": "nodes", "opening_hours": null, "shop": null, "tourism": "guest_house", "rooms": null, "building": null, "amenity": null, "name": "Mulawarman Guest House", "beds": null}},{"type": "Feature", "geometry": {"type":"Point","coordinates":[115.2639323,-8.5074518]}, "properties": {"osm_id": 4560910797, "osm_type": "nodes", "opening_hours": null, "shop": null, "tourism": null, "rooms": null, "building": null, "amenity": "restaurant", "name": "Warung Bendenga", "beds": null}},{"type": "Feature", "geometry": {"type":"Point","coordinates":[115.2581287,-8.5039888]}, "properties": {"osm_id": 4637485491, "osm_type": "nodes", "opening_hours": "24/7", "shop": null, "tourism": "guest_house", "rooms": null, "building": null, "amenity": null, "name": "Eden House Ubud", "beds": null}},{"type": "Feature", "geometry": {"type":"Point","coordinates":[115.2646685,-8.5162802]}, "properties": {"osm_id": 4727068091, "osm_type": "nodes", "opening_hours": null, "shop": null, "tourism": null, "rooms": null, "building": null, "amenity": "restaurant", "name": "Warung Don Biu", "beds": null}},{"type": "Feature", "geometry": {"type":"Point","coordinates":[115.2652636,-8.5127383]}, "properties": {"osm_id": 4733245621, "osm_type": "nodes", "opening_hours": null, "shop": null, "tourism": "guest_house", "rooms": null, "building": null, "amenity": null, "name": "Grey House Villa", "beds": null}},{"type": "Feature", "geometry": {"type":"Point","coordinates":[115.2616819,-8.506612]}, "properties": {"osm_id": 4733245622, "osm_type": "nodes", "opening_hours": null, "shop": "clothes", "tourism": null, "rooms": null, "building": null, "amenity": null, "name": "Hurley", "beds": null}},{"type": "Feature", "geometry": {"type":"Point","coordinates":[115.2637087,-8.5140346]}, "properties": {"osm_id": 4744884321, "osm_type": "nodes", "opening_hours": null, "shop": null, "tourism": null, "rooms": null, "building": null, "amenity": "cafe", "name": "Atman Nourish KAFE", "beds": null}},{"type": "Feature", "geometry": {"type":"Point","coordinates":[115.2669605,-8.5078418]}, "properties": {"osm_id": 4746810724, "osm_type": "nodes", "opening_hours": "24/7", "shop": null, "tourism": "guest_house", "rooms": null, "building": null, "amenity": null, "name": "Arya Homestay", "beds": null}},{"type": "Feature", "geometry": {"type":"Point","coordinates":[115.2608921,-8.5076528]}, "properties": {"osm_id": 4792907921, "osm_type": "nodes", "opening_hours": null, "shop": null, "tourism": "guest_house", "rooms": null, "building": null, "amenity": null, "name": "Narada House", "beds": null}},{"type": "Feature", "geometry": {"type":"Point","coordinates":[115.2617392,-8.5074751]}, "properties": {"osm_id": 4803485322, "osm_type": "nodes", "opening_hours": null, "shop": null, "tourism": "hostel", "rooms": null, "building": null, "amenity": null, "name": "New Ubud Hostel", "beds": null}},{"type": "Feature", "geometry": {"type":"Point","coordinates":[115.2612035,-8.5079905]}, "properties": {"osm_id": 4810705421, "osm_type": "nodes", "opening_hours": null, "shop": null, "tourism": "guest_house", "rooms": null, "building": null, "amenity": null, "name": "Kabera Bungalows", "beds": null}},{"type": "Feature", "geometry": {"type":"Point","coordinates":[115.2638443,-8.5117845]}, "properties": {"osm_id": 4814704521, "osm_type": "nodes", "opening_hours": "Mo-Su 08:00-18:00", "shop": null, "tourism": null, "rooms": null, "building": null, "amenity": "cafe", "name": "Ubud Coffee Roastery", "beds": null}},{"type": "Feature", "geometry": {"type":"Point","coordinates":[115.2671028,-8.5087657]}, "properties": {"osm_id": 4824305222, "osm_type": "nodes", "opening_hours": null, "shop": null, "tourism": "hostel", "rooms": null, "building": null, "amenity": null, "name": "Accomodation", "beds": null}},{"type": "Feature", "geometry": {"type":"Point","coordinates":[115.265654,-8.5083815]}, "properties": {"osm_id": 4824534321, "osm_type": "nodes", "opening_hours": null, "shop": null, "tourism": null, "rooms": null, "building": null, "amenity": "cafe", "name": "Dewa Warung", "beds": null}},{"type": "Feature", "geometry": {"type":"Point","coordinates":[115.2629536,-8.5098576]}, "properties": {"osm_id": 4837985923, "osm_type": "nodes", "opening_hours": "24/7", "shop": null, "tourism": "hostel", "rooms": null, "building": null, "amenity": null, "name": "Kayuni Hostel Right Location", "beds": null}},{"type": "Feature", "geometry": {"type":"Point","coordinates":[115.264168,-8.5093368]}, "properties": {"osm_id": 4849818321, "osm_type": "nodes", "opening_hours": null, "shop": null, "tourism": null, "rooms": null, "building": null, "amenity": "restaurant", "name": "Warung biah biah", "beds": null}},{"type": "Feature", "geometry": {"type":"Point","coordinates":[115.2597784,-8.5136873]}, "properties": {"osm_id": 4879505024, "osm_type": "nodes", "opening_hours": null, "shop": "cosmetics", "tourism": null, "rooms": null, "building": null, "amenity": null, "name": "Star Child Massages", "beds": null}},{"type": "Feature", "geometry": {"type":"Point","coordinates":[115.2637312,-8.5073562]}, "properties": {"osm_id": 4916659922, "osm_type": "nodes", "opening_hours": null, "shop": null, "tourism": null, "rooms": null, "building": null, "amenity": "restaurant", "name": "Oops", "beds": null}},{"type": "Feature", "geometry": {"type":"Point","coordinates":[115.2667292,-8.5080133]}, "properties": {"osm_id": 4937986840, "osm_type": "nodes", "opening_hours": null, "shop": null, "tourism": "hotel", "rooms": null, "building": null, "amenity": null, "name": "ojek homestay", "beds": null}},{"type": "Feature", "geometry": {"type":"Point","coordinates":[115.2685866,-8.5114052]}, "properties": {"osm_id": 4940280321, "osm_type": "nodes", "opening_hours": null, "shop": null, "tourism": null, "rooms": null, "building": null, "amenity": "restaurant", "name": "Warung Uyah", "beds": null}},{"type": "Feature", "geometry": {"type":"Point","coordinates":[115.2689641,-8.5100768]}, "properties": {"osm_id": 4940280322, "osm_type": "nodes", "opening_hours": null, "shop": null, "tourism": null, "rooms": null, "building": null, "amenity": "restaurant", "name": "White Yellow", "beds": null}},{"type": "Feature", "geometry": {"type":"Point","coordinates":[115.2686549,-8.5111382]}, "properties": {"osm_id": 4940280421, "osm_type": "nodes", "opening_hours": null, "shop": null, "tourism": null, "rooms": null, "building": null, "amenity": "restaurant", "name": "Warung Bali", "beds": null}},{"type": "Feature", "geometry": {"type":"Point","coordinates":[115.2626935,-8.5060354]}, "properties": {"osm_id": 4941518226, "osm_type": "nodes", "opening_hours": null, "shop": "convenience", "tourism": null, "rooms": null, "building": null, "amenity": null, "name": "Mini Mart", "beds": null}},{"type": "Feature", "geometry": {"type":"Point","coordinates":[115.2613535,-8.5137467]}, "properties": {"osm_id": 5062233924, "osm_type": "nodes", "opening_hours": null, "shop": "cosmetics", "tourism": null, "rooms": null, "building": null, "amenity": null, "name": "Verona Spa", "beds": null}},{"type": "Feature", "geometry": {"type":"Point","coordinates":[115.2615552,-8.5134434]}, "properties": {"osm_id": 5062265922, "osm_type": "nodes", "opening_hours": null, "shop": "cosmetics", "tourism": null, "rooms": null, "building": null, "amenity": null, "name": "Nani Spa", "beds": null}},{"type": "Feature", "geometry": {"type":"Point","coordinates":[115.2639037,-8.5154411]}, "properties": {"osm_id": 5071523521, "osm_type": "nodes", "opening_hours": null, "shop": null, "tourism": "hotel", "rooms": null, "building": null, "amenity": null, "name": "Artini 1 Cottages", "beds": null}},{"type": "Feature", "geometry": {"type":"Point","coordinates":[115.2609692,-8.5064474]}, "properties": {"osm_id": 5103025633, "osm_type": "nodes", "opening_hours": null, "shop": null, "tourism": null, "rooms": null, "building": null, "amenity": "restaurant", "name": "Tino Warung", "beds": null}},{"type": "Feature", "geometry": {"type":"Point","coordinates":[115.2650775,-8.5073491]}, "properties": {"osm_id": 5225493722, "osm_type": "nodes", "opening_hours": null, "shop": null, "tourism": null, "rooms": null, "building": null, "amenity": "restaurant", "name": "Hujan Locale", "beds": null}},{"type": "Feature", "geometry": {"type":"Point","coordinates":[115.2607919,-8.5127026]}, "properties": {"osm_id": 5225493724, "osm_type": "nodes", "opening_hours": null, "shop": null, "tourism": null, "rooms": null, "building": null, "amenity": "restaurant", "name": "Folk Pool & Gardens", "beds": null}},{"type": "Feature", "geometry": {"type":"Point","coordinates":[115.2608741,-8.5126827]}, "properties": {"osm_id": 5251727324, "osm_type": "nodes", "opening_hours": null, "shop": "clothes", "tourism": null, "rooms": null, "building": null, "amenity": null, "name": "Nice Blue Teal Dress", "beds": null}},{"type": "Feature", "geometry": {"type":"Point","coordinates":[115.2645135,-8.5118028]}, "properties": {"osm_id": 5404779823, "osm_type": "nodes", "opening_hours": "Mo-Su 09:00-21:00", "shop": "clothes", "tourism": null, "rooms": null, "building": null, "amenity": null, "name": "Thaikila", "beds": null}},{"type": "Feature", "geometry": {"type":"Point","coordinates":[115.263984,-8.5102269]}, "properties": {"osm_id": 5417560721, "osm_type": "nodes", "opening_hours": null, "shop": "gift", "tourism": null, "rooms": null, "building": null, "amenity": null, "name": "confiture de bali", "beds": null}},{"type": "Feature", "geometry": {"type":"Point","coordinates":[115.2654173,-8.5127686]}, "properties": {"osm_id": 5480209723, "osm_type": "nodes", "opening_hours": "Mo-Su 11:00-23:00", "shop": null, "tourism": null, "rooms": null, "building": null, "amenity": "restaurant", "name": "Warung Gitari BBQ & Steak", "beds": null}},{"type": "Feature", "geometry": {"type":"Point","coordinates":[115.2661711,-8.5084322]}, "properties": {"osm_id": 5509886323, "osm_type": "nodes", "opening_hours": null, "shop": null, "tourism": null, "rooms": null, "building": null, "amenity": "cafe", "name": "munchies warung", "beds": null}},{"type": "Feature", "geometry": {"type":"Point","coordinates":[115.2606165,-8.5063173]}, "properties": {"osm_id": 5512705922, "osm_type": "nodes", "opening_hours": null, "shop": null, "tourism": null, "rooms": null, "building": null, "amenity": "restaurant", "name": "be warung", "beds": null}},{"type": "Feature", "geometry": {"type":"Point","coordinates":[115.2623645,-8.509444]}, "properties": {"osm_id": 5531522122, "osm_type": "nodes", "opening_hours": null, "shop": null, "tourism": null, "rooms": null, "building": null, "amenity": null, "name": "Tourist Tours Service", "beds": null}},{"type": "Feature", "geometry": {"type":"Point","coordinates":[115.2696636,-8.5002933]}, "properties": {"osm_id": 5581982822, "osm_type": "nodes", "opening_hours": null, "shop": null, "tourism": null, "rooms": null, "building": null, "amenity": "cafe", "name": "Warung Titi", "beds": null}},{"type": "Feature", "geometry": {"type":"Point","coordinates":[115.2618289,-8.5086799]}, "properties": {"osm_id": 5624370821, "osm_type": "nodes", "opening_hours": "Mo-Su 07:30-23:00", "shop": null, "tourism": null, "rooms": null, "building": null, "amenity": "cafe", "name": "Coffee and Co", "beds": null}},{"type": "Feature", "geometry": {"type":"Point","coordinates":[115.2643095,-8.5124644]}, "properties": {"osm_id": 5624849221, "osm_type": "nodes", "opening_hours": null, "shop": "jewelry", "tourism": null, "rooms": null, "building": null, "amenity": null, "name": "Chez Monique", "beds": null}},{"type": "Feature", "geometry": {"type":"Point","coordinates":[115.2725925,-8.5002351]}, "properties": {"osm_id": 5630567921, "osm_type": "nodes", "opening_hours": null, "shop": null, "tourism": "hotel", "rooms": null, "building": null, "amenity": null, "name": "Cilinaya", "beds": null}},{"type": "Feature", "geometry": {"type":"Point","coordinates":[115.2681797,-8.5123103]}, "properties": {"osm_id": 5633559022, "osm_type": "nodes", "opening_hours": "Mo-Su 09:00-21:00", "shop": "beauty", "tourism": null, "rooms": null, "building": null, "amenity": null, "name": "Ubud Relax Spa", "beds": null}},{"type": "Feature", "geometry": {"type":"Point","coordinates":[115.264467,-8.5133474]}, "properties": {"osm_id": 5633924623, "osm_type": "nodes", "opening_hours": null, "shop": "laundry", "tourism": null, "rooms": null, "building": null, "amenity": null, "name": "Ketut", "beds": null}},{"type": "Feature", "geometry": {"type":"Point","coordinates":[115.2679336,-8.5130846]}, "properties": {"osm_id": 5639071521, "osm_type": "nodes", "opening_hours": null, "shop": null, "tourism": null, "rooms": null, "building": null, "amenity": "cafe", "name": "Taru Coffee", "beds": null}},{"type": "Feature", "geometry": {"type":"Point","coordinates":[115.2619368,-8.5075135]}, "properties": {"osm_id": 5708334823, "osm_type": "nodes", "opening_hours": null, "shop": null, "tourism": null, "rooms": null, "building": null, "amenity": "restaurant", "name": "Sinduk Warung", "beds": null}},{"type": "Feature", "geometry": {"type":"Point","coordinates":[115.2641189,-8.5098538]}, "properties": {"osm_id": 5712685921, "osm_type": "nodes", "opening_hours": null, "shop": "massage", "tourism": null, "rooms": null, "building": null, "amenity": null, "name": "Suren Spa", "beds": null}},{"type": "Feature", "geometry": {"type":"Point","coordinates":[115.2642503,-8.5090972]}, "properties": {"osm_id": 5728405522, "osm_type": "nodes", "opening_hours": "Mo-Su 09:00-23:00", "shop": null, "tourism": null, "rooms": null, "building": null, "amenity": "restaurant", "name": "The Spell Creperie", "beds": null}},{"type": "Feature", "geometry": {"type":"Point","coordinates":[115.2616609,-8.5075323]}, "properties": {"osm_id": 5736742734, "osm_type": "nodes", "opening_hours": null, "shop": null, "tourism": null, "rooms": null, "building": null, "amenity": "cafe", "name": "Warung Bubur Bali", "beds": null}},{"type": "Feature", "geometry": {"type":"Point","coordinates":[115.2619195,-8.5067262]}, "properties": {"osm_id": 5774214453, "osm_type": "nodes", "opening_hours": null, "shop": null, "tourism": null, "rooms": null, "building": null, "amenity": "cafe", "name": "ary's bookcafe organic & vegetarian food", "beds": null}},{"type": "Feature", "geometry": {"type":"Point","coordinates":[115.260528,-8.514665]}, "properties": {"osm_id": 5781865656, "osm_type": "nodes", "opening_hours": null, "shop": null, "tourism": null, "rooms": null, "building": null, "amenity": "restaurant", "name": "Cafe Restaurant Jaya", "beds": null}},{"type": "Feature", "geometry": {"type":"Point","coordinates":[115.2637219,-8.5175566]}, "properties": {"osm_id": 5789284553, "osm_type": "nodes", "opening_hours": null, "shop": null, "tourism": null, "rooms": null, "building": null, "amenity": "restaurant", "name": "Ryoshi", "beds": null}},{"type": "Feature", "geometry": {"type":"Point","coordinates":[115.2641991,-8.5089848]}, "properties": {"osm_id": 5793303553, "osm_type": "nodes", "opening_hours": null, "shop": null, "tourism": null, "rooms": null, "building": null, "amenity": "restaurant", "name": "Bonito", "beds": null}},{"type": "Feature", "geometry": {"type":"Point","coordinates":[115.2689934,-8.5126468]}, "properties": {"osm_id": 5809648653, "osm_type": "nodes", "opening_hours": null, "shop": null, "tourism": "guest_house", "rooms": null, "building": null, "amenity": null, "name": "Aji Lodge", "beds": null}},{"type": "Feature", "geometry": {"type":"Point","coordinates":[115.2653366,-8.5062337]}, "properties": {"osm_id": 5833674886, "osm_type": "nodes", "opening_hours": null, "shop": null, "tourism": null, "rooms": null, "building": null, "amenity": "restaurant", "name": "Warung Komang", "beds": null}},{"type": "Feature", "geometry": {"type":"Point","coordinates":[115.275061,-8.5092375]}, "properties": {"osm_id": 5855583485, "osm_type": "nodes", "opening_hours": null, "shop": null, "tourism": null, "rooms": null, "building": null, "amenity": "restaurant", "name": "Warung Batan Cempaka (WBC)", "beds": null}},{"type": "Feature", "geometry": {"type":"Point","coordinates":[115.2691853,-8.5122462]}, "properties": {"osm_id": 5889869787, "osm_type": "nodes", "opening_hours": null, "shop": null, "tourism": "hotel", "rooms": null, "building": null, "amenity": null, "name": "Manuaba Inn", "beds": null}},{"type": "Feature", "geometry": {"type":"Point","coordinates":[115.2719261,-8.5003196]}, "properties": {"osm_id": 5905794786, "osm_type": "nodes", "opening_hours": null, "shop": null, "tourism": "hotel", "rooms": null, "building": null, "amenity": null, "name": "Ubud Tropical", "beds": null}},{"type": "Feature", "geometry": {"type":"Point","coordinates":[115.2676882,-8.5104038]}, "properties": {"osm_id": 5912836285, "osm_type": "nodes", "opening_hours": null, "shop": null, "tourism": "apartment", "rooms": null, "building": null, "amenity": null, "name": "Adiwana Jembawan hotel", "beds": null}},{"type": "Feature", "geometry": {"type":"Point","coordinates":[115.2606409,-8.5056526]}, "properties": {"osm_id": 5917853486, "osm_type": "nodes", "opening_hours": null, "shop": null, "tourism": null, "rooms": null, "building": null, "amenity": "restaurant", "name": "river view", "beds": null}},{"type": "Feature", "geometry": {"type":"Point","coordinates":[115.2567097,-8.5030293]}, "properties": {"osm_id": 5921894885, "osm_type": "nodes", "opening_hours": null, "shop": null, "tourism": "guest_house", "rooms": null, "building": null, "amenity": null, "name": "Lebah Villa", "beds": null}},{"type": "Feature", "geometry": {"type":"Point","coordinates":[115.2596782,-8.5142517]}, "properties": {"osm_id": 5940322185, "osm_type": "nodes", "opening_hours": null, "shop": null, "tourism": "guest_house", "rooms": null, "building": null, "amenity": null, "name": "Agus Pension", "beds": null}},{"type": "Feature", "geometry": {"type":"Point","coordinates":[115.2674079,-8.5175462]}, "properties": {"osm_id": 5985277887, "osm_type": "nodes", "opening_hours": null, "shop": null, "tourism": null, "rooms": null, "building": null, "amenity": "restaurant", "name": "Warung", "beds": null}},{"type": "Feature", "geometry": {"type":"Point","coordinates":[115.2582576,-8.512046]}, "properties": {"osm_id": 6082123785, "osm_type": "nodes", "opening_hours": null, "shop": null, "tourism": "hotel", "rooms": null, "building": null, "amenity": null, "name": "Goya Boutique Resort", "beds": null}},{"type": "Feature", "geometry": {"type":"Point","coordinates":[115.258253,-8.5121472]}, "properties": {"osm_id": 6082126985, "osm_type": "nodes", "opening_hours": null, "shop": null, "tourism": "hotel", "rooms": null, "building": null, "amenity": null, "name": "Brata Cottage", "beds": null}},{"type": "Feature", "geometry": {"type":"Point","coordinates":[115.2573558,-8.5111244]}, "properties": {"osm_id": 6082126987, "osm_type": "nodes", "opening_hours": null, "shop": null, "tourism": "hotel", "rooms": null, "building": null, "amenity": null, "name": "Nick's Hidden Cottages", "beds": null}},{"type": "Feature", "geometry": {"type":"Point","coordinates":[115.2584337,-8.5108956]}, "properties": {"osm_id": 6082129087, "osm_type": "nodes", "opening_hours": null, "shop": null, "tourism": "hotel", "rooms": null, "building": null, "amenity": null, "name": "Alam Terrace", "beds": null}},{"type": "Feature", "geometry": {"type":"Point","coordinates":[115.2647361,-8.5012033]}, "properties": {"osm_id": 6131877785, "osm_type": "nodes", "opening_hours": null, "shop": null, "tourism": "hostel", "rooms": null, "building": null, "amenity": null, "name": "Laksita Hostel", "beds": null}},{"type": "Feature", "geometry": {"type":"Point","coordinates":[115.2595102,-8.5175008]}, "properties": {"osm_id": 6142545785, "osm_type": "nodes", "opening_hours": null, "shop": null, "tourism": "hotel", "rooms": null, "building": null, "amenity": null, "name": "Ubud Permai Bungalows", "beds": null}},{"type": "Feature", "geometry": {"type":"Point","coordinates":[115.263105,-8.5100166]}, "properties": {"osm_id": 6246346786, "osm_type": "nodes", "opening_hours": null, "shop": null, "tourism": null, "rooms": null, "building": null, "amenity": "restaurant", "name": "pica south America kitchen", "beds": null}},{"type": "Feature", "geometry": {"type":"Point","coordinates":[115.2632802,-8.5010977]}, "properties": {"osm_id": 6251748685, "osm_type": "nodes", "opening_hours": null, "shop": null, "tourism": null, "rooms": null, "building": null, "amenity": "cafe", "name": "Kajeng corner", "beds": null}},{"type": "Feature", "geometry": {"type":"Point","coordinates":[115.266953,-8.5049231]}, "properties": {"osm_id": 6263428885, "osm_type": "nodes", "opening_hours": null, "shop": null, "tourism": "hotel", "rooms": null, "building": null, "amenity": null, "name": "Miko Villas", "beds": null}},{"type": "Feature", "geometry": {"type":"Point","coordinates":[115.2641174,-8.5075079]}, "properties": {"osm_id": 6354283886, "osm_type": "nodes", "opening_hours": null, "shop": "clothes", "tourism": null, "rooms": null, "building": null, "amenity": null, "name": "Manik Bali", "beds": null}},{"type": "Feature", "geometry": {"type":"Point","coordinates":[115.2640336,-8.5105097]}, "properties": {"osm_id": 6354305789, "osm_type": "nodes", "opening_hours": "Mo-Su 10:00-21:00", "shop": "clothes", "tourism": null, "rooms": null, "building": null, "amenity": null, "name": "ARTcycle Bali", "beds": null}},{"type": "Feature", "geometry": {"type":"Point","coordinates":[115.2540892,-8.5064238]}, "properties": {"osm_id": 6354371844, "osm_type": "nodes", "opening_hours": null, "shop": "jewelry", "tourism": null, "rooms": null, "building": null, "amenity": null, "name": "Sunaka Jewelry", "beds": null}},{"type": "Feature", "geometry": {"type":"Point","coordinates":[115.2640237,-8.5098213]}, "properties": {"osm_id": 6357732385, "osm_type": "nodes", "opening_hours": null, "shop": "gift", "tourism": null, "rooms": null, "building": null, "amenity": null, "name": "Setia Ceramics", "beds": null}},{"type": "Feature", "geometry": {"type":"Point","coordinates":[115.2684902,-8.5117688]}, "properties": {"osm_id": 6403450585, "osm_type": "nodes", "opening_hours": null, "shop": null, "tourism": null, "rooms": null, "building": null, "amenity": "cafe", "name": "UCC Ubud Coffee Culture", "beds": null}},{"type": "Feature", "geometry": {"type":"Point","coordinates":[115.2639204,-8.5108668]}, "properties": {"osm_id": 6403568285, "osm_type": "nodes", "opening_hours": null, "shop": null, "tourism": null, "rooms": null, "building": null, "amenity": "cafe", "name": "Mudra", "beds": null}},{"type": "Feature", "geometry": {"type":"Point","coordinates":[115.2640677,-8.5057435]}, "properties": {"osm_id": 6418857685, "osm_type": "nodes", "opening_hours": null, "shop": null, "tourism": null, "rooms": null, "building": null, "amenity": "restaurant", "name": "Warung Babi Guling Ibu Oka 3", "beds": null}},{"type": "Feature", "geometry": {"type":"Point","coordinates":[115.2619254,-8.5082543]}, "properties": {"osm_id": 6516440785, "osm_type": "nodes", "opening_hours": null, "shop": "cosmetics", "tourism": null, "rooms": null, "building": null, "amenity": null, "name": "Sensatia Botanicals Monkey Forest", "beds": null}},{"type": "Feature", "geometry": {"type":"Point","coordinates":[115.2606209,-8.5140338]}, "properties": {"osm_id": 6516440885, "osm_type": "nodes", "opening_hours": null, "shop": "gift", "tourism": null, "rooms": null, "building": null, "amenity": null, "name": "Ashitaba Ubud", "beds": null}},{"type": "Feature", "geometry": {"type":"Point","coordinates":[115.2626925,-8.509659]}, "properties": {"osm_id": 6516440886, "osm_type": "nodes", "opening_hours": null, "shop": "gift", "tourism": null, "rooms": null, "building": null, "amenity": null, "name": "Kou Bali", "beds": null}},{"type": "Feature", "geometry": {"type":"Point","coordinates":[115.2684334,-8.5118458]}, "properties": {"osm_id": 6536730085, "osm_type": "nodes", "opening_hours": null, "shop": null, "tourism": null, "rooms": null, "building": null, "amenity": "restaurant", "name": "Sawobali, The Daily Buffet", "beds": null}},{"type": "Feature", "geometry": {"type":"Point","coordinates":[115.2645678,-8.5112293]}, "properties": {"osm_id": 6580669385, "osm_type": "nodes", "opening_hours": "Mo-Su 08:00-20:00", "shop": "massage", "tourism": null, "rooms": null, "building": null, "amenity": null, "name": "Ubud Bodyworks Centre", "beds": null}},{"type": "Feature", "geometry": {"type":"Point","coordinates":[115.2669697,-8.5087612]}, "properties": {"osm_id": 6586092485, "osm_type": "nodes", "opening_hours": null, "shop": "bakery", "tourism": null, "rooms": null, "building": null, "amenity": null, "name": "Buda Mart", "beds": null}},{"type": "Feature", "geometry": {"type":"Point","coordinates":[115.2665388,-8.500561]}, "properties": {"osm_id": 6611313186, "osm_type": "nodes", "opening_hours": "Mo-Su 09:00-20:00", "shop": "massage", "tourism": null, "rooms": null, "building": null, "amenity": null, "name": "Iman Intuitive Bodywork and Spa", "beds": null}},{"type": "Feature", "geometry": {"type":"Point","coordinates":[115.2692739,-8.5077108]}, "properties": {"osm_id": 6611901090, "osm_type": "nodes", "opening_hours": null, "shop": null, "tourism": null, "rooms": null, "building": null, "amenity": "restaurant", "name": "Putu’s wild ginger", "beds": null}},{"type": "Feature", "geometry": {"type":"Point","coordinates":[115.2659866,-8.5087756]}, "properties": {"osm_id": 6633084490, "osm_type": "nodes", "opening_hours": null, "shop": null, "tourism": null, "rooms": null, "building": null, "amenity": "restaurant", "name": "Warung Alhamdulillah", "beds": null}},{"type": "Feature", "geometry": {"type":"Point","coordinates":[115.2654536,-8.5057443]}, "properties": {"osm_id": 6640270285, "osm_type": "nodes", "opening_hours": null, "shop": null, "tourism": null, "rooms": null, "building": null, "amenity": "restaurant", "name": "Warung rodja apa ada", "beds": null}},{"type": "Feature", "geometry": {"type":"Point","coordinates":[115.2713287,-8.5093918]}, "properties": {"osm_id": 6660009685, "osm_type": "nodes", "opening_hours": null, "shop": null, "tourism": null, "rooms": null, "building": null, "amenity": "restaurant", "name": "Prambanan", "beds": null}},{"type": "Feature", "geometry": {"type":"Point","coordinates":[115.2665929,-8.5047502]}, "properties": {"osm_id": 6687097587, "osm_type": "nodes", "opening_hours": null, "shop": null, "tourism": "guest_house", "rooms": null, "building": null, "amenity": null, "name": "Pondek Mundeh Ubud", "beds": null}},{"type": "Feature", "geometry": {"type":"Point","coordinates":[115.2625256,-8.5096694]}, "properties": {"osm_id": 6754922585, "osm_type": "nodes", "opening_hours": null, "shop": null, "tourism": null, "rooms": null, "building": null, "amenity": "cafe", "name": "Weni's Coffee", "beds": null}},{"type": "Feature", "geometry": {"type":"Point","coordinates":[115.2663894,-8.5086779]}, "properties": {"osm_id": 6768567985, "osm_type": "nodes", "opening_hours": null, "shop": "toys", "tourism": null, "rooms": null, "building": null, "amenity": null, "name": "Moari Musical Instruments", "beds": null}},{"type": "Feature", "geometry": {"type":"Point","coordinates":[115.2616991,-8.5074202]}, "properties": {"osm_id": 6917859386, "osm_type": "nodes", "opening_hours": null, "shop": "massage", "tourism": null, "rooms": null, "building": null, "amenity": null, "name": "Dana Spa", "beds": null}},{"type": "Feature", "geometry": {"type":"Point","coordinates":[115.2608872,-8.5145952]}, "properties": {"osm_id": 6924172385, "osm_type": "nodes", "opening_hours": null, "shop": null, "tourism": null, "rooms": null, "building": null, "amenity": "restaurant", "name": "Indo Yummy Warung", "beds": null}},{"type": "Feature", "geometry": {"type":"Point","coordinates":[115.2681638,-8.5145326]}, "properties": {"osm_id": 6940858885, "osm_type": "nodes", "opening_hours": null, "shop": null, "tourism": "attraction", "rooms": null, "building": null, "amenity": null, "name": "Traditional public shower", "beds": null}},{"type": "Feature", "geometry": {"type":"Point","coordinates":[115.2610371,-8.5072792]}, "properties": {"osm_id": 7017155486, "osm_type": "nodes", "opening_hours": "Mo-Su 08:30-22:00", "shop": null, "tourism": null, "rooms": null, "building": null, "amenity": "restaurant", "name": "Warung Bagkok", "beds": null}},{"type": "Feature", "geometry": {"type":"Point","coordinates":[115.2647101,-8.5005568]}, "properties": {"osm_id": 7018656194, "osm_type": "nodes", "opening_hours": null, "shop": "laundry", "tourism": null, "rooms": null, "building": null, "amenity": null, "name": "Ajus", "beds": null}},{"type": "Feature", "geometry": {"type":"Point","coordinates":[115.2669247,-8.5091541]}, "properties": {"osm_id": 7103355685, "osm_type": "nodes", "opening_hours": null, "shop": "beverages", "tourism": null, "rooms": null, "building": null, "amenity": null, "name": "Ubud Tea Shop", "beds": null}},{"type": "Feature", "geometry": {"type":"Point","coordinates":[115.2651832,-8.5109539]}, "properties": {"osm_id": 7111828586, "osm_type": "nodes", "opening_hours": null, "shop": null, "tourism": "hostel", "rooms": null, "building": null, "amenity": null, "name": "Nami House", "beds": null}},{"type": "Feature", "geometry": {"type":"Point","coordinates":[115.268873,-8.5103485]}, "properties": {"osm_id": 7136413485, "osm_type": "nodes", "opening_hours": null, "shop": null, "tourism": null, "rooms": null, "building": null, "amenity": "cafe", "name": "Made Durian", "beds": null}},{"type": "Feature", "geometry": {"type":"Point","coordinates":[115.2720931,-8.5092359]}, "properties": {"osm_id": 7142101885, "osm_type": "nodes", "opening_hours": null, "shop": null, "tourism": null, "rooms": null, "building": null, "amenity": "cafe", "name": "Kedai bibi", "beds": null}},{"type": "Feature", "geometry": {"type":"Point","coordinates":[115.2625761,-8.5154426]}, "properties": {"osm_id": 7161617985, "osm_type": "nodes", "opening_hours": null, "shop": null, "tourism": "guest_house", "rooms": null, "building": null, "amenity": null, "name": "Ubud Ku Guesthouse", "beds": null}},{"type": "Feature", "geometry": {"type":"Point","coordinates":[115.2660136,-8.5084571]}, "properties": {"osm_id": 7166387786, "osm_type": "nodes", "opening_hours": "24/7", "shop": null, "tourism": null, "rooms": null, "building": null, "amenity": "cafe", "name": "супер сок и поэлья с креветками", "beds": null}},{"type": "Feature", "geometry": {"type":"Point","coordinates":[115.2643044,-8.5076603]}, "properties": {"osm_id": 7194884786, "osm_type": "nodes", "opening_hours": null, "shop": null, "tourism": null, "rooms": null, "building": null, "amenity": "cafe", "name": "avocado factory", "beds": null}},{"type": "Feature", "geometry": {"type":"Point","coordinates":[115.2782817,-8.5017007]}, "properties": {"osm_id": 7213870485, "osm_type": "nodes", "opening_hours": null, "shop": null, "tourism": "hotel", "rooms": null, "building": null, "amenity": null, "name": "our home", "beds": null}},{"type": "Feature", "geometry": {"type":"Point","coordinates":[115.2727412,-8.4999741]}, "properties": {"osm_id": 7213988285, "osm_type": "nodes", "opening_hours": null, "shop": null, "tourism": null, "rooms": null, "building": null, "amenity": "cafe", "name": "Nagi - kitchen, coffee, sushi", "beds": null}},{"type": "Feature", "geometry": {"type":"Point","coordinates":[115.2606497,-8.5136799]}, "properties": {"osm_id": 7217866485, "osm_type": "nodes", "opening_hours": null, "shop": "variety_store", "tourism": null, "rooms": null, "building": null, "amenity": null, "name": "Swaha", "beds": null}},{"type": "Feature", "geometry": {"type":"Point","coordinates":[115.2691207,-8.5093248]}, "properties": {"osm_id": 7230329991, "osm_type": "nodes", "opening_hours": null, "shop": "variety_store", "tourism": null, "rooms": null, "building": null, "amenity": null, "name": "Baliqui", "beds": null}},{"type": "Feature", "geometry": {"type":"Point","coordinates":[115.2633427,-8.5100521]}, "properties": {"osm_id": 7230330585, "osm_type": "nodes", "opening_hours": null, "shop": "variety_store", "tourism": null, "rooms": null, "building": null, "amenity": null, "name": "Ubud Ceramics", "beds": null}},{"type": "Feature", "geometry": {"type":"Point","coordinates":[115.2596926,-8.516841]}, "properties": {"osm_id": 7234689185, "osm_type": "nodes", "opening_hours": null, "shop": "clothes", "tourism": null, "rooms": null, "building": null, "amenity": null, "name": "Wear", "beds": null}},{"type": "Feature", "geometry": {"type":"Point","coordinates":[115.2680421,-8.5052232]}, "properties": {"osm_id": 7239442385, "osm_type": "nodes", "opening_hours": null, "shop": null, "tourism": "hotel", "rooms": null, "building": null, "amenity": null, "name": "Swahita", "beds": null}},{"type": "Feature", "geometry": {"type":"Point","coordinates":[115.2655814,-8.5055457]}, "properties": {"osm_id": 7273656586, "osm_type": "nodes", "opening_hours": null, "shop": null, "tourism": "hotel", "rooms": null, "building": null, "amenity": null, "name": "Ubud18", "beds": null}},{"type": "Feature", "geometry": {"type":"Point","coordinates":[115.2616389,-8.509135]}, "properties": {"osm_id": 7281882685, "osm_type": "nodes", "opening_hours": null, "shop": "jewelry", "tourism": null, "rooms": null, "building": null, "amenity": null, "name": "Shape", "beds": null}},{"type": "Feature", "geometry": {"type":"Point","coordinates":[115.2605494,-8.5060264]}, "properties": {"osm_id": 7284943385, "osm_type": "nodes", "opening_hours": null, "shop": "travel_agency", "tourism": null, "rooms": null, "building": null, "amenity": null, "name": "Very efficient to fond tickets", "beds": null}},{"type": "Feature", "geometry": {"type":"Point","coordinates":[115.2689003,-8.5100863]}, "properties": {"osm_id": 7800498185, "osm_type": "nodes", "opening_hours": null, "shop": null, "tourism": null, "rooms": null, "building": null, "amenity": "cafe", "name": "Umah Alur", "beds": null}},{"type": "Feature", "geometry": {"type":"Point","coordinates":[115.2631204,-8.5099599]}, "properties": {"osm_id": 8064593185, "osm_type": "nodes", "opening_hours": null, "shop": null, "tourism": null, "rooms": null, "building": null, "amenity": "cafe", "name": "Mingle", "beds": null}},{"type": "Feature", "geometry": {"type":"Point","coordinates":[115.2659181,-8.5091551]}, "properties": {"osm_id": 8092733321, "osm_type": "nodes", "opening_hours": null, "shop": null, "tourism": null, "rooms": null, "building": null, "amenity": "restaurant", "name": "Usada", "beds": null}},{"type": "Feature", "geometry": {"type":"Point","coordinates":[115.2710945,-8.5108151]}, "properties": {"osm_id": 8148286917, "osm_type": "nodes", "opening_hours": null, "shop": null, "tourism": null, "rooms": null, "building": null, "amenity": "fast_food", "name": "Cabang", "beds": null}},{"type": "Feature", "geometry": {"type":"Point","coordinates":[115.2698628,-8.5147716]}, "properties": {"osm_id": 8148286918, "osm_type": "nodes", "opening_hours": null, "shop": "pet", "tourism": null, "rooms": null, "building": null, "amenity": null, "name": "Saraswati", "beds": null}},{"type": "Feature", "geometry": {"type":"Point","coordinates":[115.2668351,-8.509352]}, "properties": {"osm_id": 8337707017, "osm_type": "nodes", "opening_hours": null, "shop": null, "tourism": "motel", "rooms": null, "building": null, "amenity": null, "name": "Nikuna Homestay", "beds": null}},{"type": "Feature", "geometry": {"type":"Point","coordinates":[115.263216,-8.5100876]}, "properties": {"osm_id": 10095225217, "osm_type": "nodes", "opening_hours": null, "shop": null, "tourism": null, "rooms": null, "building": null, "amenity": "restaurant", "name": "Guti Warung", "beds": null}},{"type": "Feature", "geometry": {"type":"Point","coordinates":[115.2679703,-8.5116472]}, "properties": {"osm_id": 10943446705, "osm_type": "nodes", "opening_hours": null, "shop": null, "tourism": "apartment", "rooms": null, "building": null, "amenity": null, "name": "Tu Sandat Homestay", "beds": null}},{"type": "Feature", "geometry": {"type":"Point","coordinates":[115.2682763,-8.5124964]}, "properties": {"osm_id": 10945557405, "osm_type": "nodes", "opening_hours": null, "shop": null, "tourism": null, "rooms": null, "building": null, "amenity": "restaurant", "name": "Tan Hua", "beds": null}},{"type": "Feature", "geometry": {"type":"Point","coordinates":[115.2640694,-8.5076962]}, "properties": {"osm_id": 10945858306, "osm_type": "nodes", "opening_hours": null, "shop": null, "tourism": null, "rooms": null, "building": null, "amenity": "restaurant", "name": "Simply Social", "beds": null}},{"type": "Feature", "geometry": {"type":"Point","coordinates":[115.2702557,-8.5045005]}, "properties": {"osm_id": 11068676405, "osm_type": "nodes", "opening_hours": null, "shop": null, "tourism": "guest_house", "rooms": null, "building": null, "amenity": null, "name": "Danu House Ubud", "beds": null}},{"type": "Feature", "geometry": {"type":"Point","coordinates":[115.2648175,-8.501138]}, "properties": {"osm_id": 11263811437, "osm_type": "nodes", "opening_hours": "24/7", "shop": null, "tourism": "hostel", "rooms": null, "building": null, "amenity": null, "name": "D’Jero HomeStay", "beds": null}},{"type": "Feature", "geometry": {"type":"Point","coordinates":[115.2663428,-8.5167886]}, "properties": {"osm_id": 11507880770, "osm_type": "nodes", "opening_hours": null, "shop": null, "tourism": null, "rooms": null, "building": null, "amenity": "restaurant", "name": "Home Cafe", "beds": null}},{"type": "Feature", "geometry": {"type":"Point","coordinates":[115.2643136,-8.5087671]}, "properties": {"osm_id": 11681065170, "osm_type": "nodes", "opening_hours": null, "shop": null, "tourism": null, "rooms": null, "building": null, "amenity": "cafe", "name": "Health Warung", "beds": null}},{"type": "Feature", "geometry": {"type":"Point","coordinates":[115.2539629,-8.5061267]}, "properties": {"osm_id": 11707649869, "osm_type": "nodes", "opening_hours": null, "shop": null, "tourism": null, "rooms": null, "building": null, "amenity": "cafe", "name": "Kopi Pangeran", "beds": null}},{"type": "Feature", "geometry": {"type":"Point","coordinates":[115.2589815,-8.5088877]}, "properties": {"osm_id": 11707991270, "osm_type": "nodes", "opening_hours": null, "shop": null, "tourism": null, "rooms": null, "building": null, "amenity": "restaurant", "name": "Nick's Restaurant", "beds": null}},{"type": "Feature", "geometry": {"type":"Point","coordinates":[115.2688925,-8.5089381]}, "properties": {"osm_id": 11726442669, "osm_type": "nodes", "opening_hours": null, "shop": null, "tourism": null, "rooms": null, "building": null, "amenity": "fast_food", "name": "ACK", "beds": null}},{"type": "Feature", "geometry": {"type":"Point","coordinates":[115.2544489,-8.5049645]}, "properties": {"osm_id": 11751460569, "osm_type": "nodes", "opening_hours": null, "shop": null, "tourism": "attraction", "rooms": null, "building": null, "amenity": null, "name": "Old Dutch Suspension Bridge", "beds": null}},{"type": "Feature", "geometry": {"type":"Point","coordinates":[115.2652079,-8.509067]}, "properties": {"osm_id": 11775456069, "osm_type": "nodes", "opening_hours": null, "shop": null, "tourism": null, "rooms": null, "building": null, "amenity": "restaurant", "name": "Ranu Kitchen Grill", "beds": null}},{"type": "Feature", "geometry": {"type":"Point","coordinates":[115.2650628,-8.5089241]}, "properties": {"osm_id": 11853271669, "osm_type": "nodes", "opening_hours": null, "shop": null, "tourism": null, "rooms": null, "building": null, "amenity": "restaurant", "name": "Sattvik by Nature", "beds": null}},{"type": "Feature", "geometry": {"type":"Point","coordinates":[115.2732069,-8.5076017]}, "properties": {"osm_id": 11919567570, "osm_type": "nodes", "opening_hours": null, "shop": null, "tourism": "hotel", "rooms": null, "building": null, "amenity": null, "name": "queen at gunung sari", "beds": null}},{"type": "Feature", "geometry": {"type":"Point","coordinates":[115.2583016,-8.5053096]}, "properties": {"osm_id": 12045014800, "osm_type": "nodes", "opening_hours": null, "shop": "clothes", "tourism": null, "rooms": null, "building": null, "amenity": null, "name": "Gito Leather", "beds": null}},{"type": "Feature", "geometry": {"type":"Point","coordinates":[115.2581285,-8.5190046]}, "properties": {"osm_id": 12625790705, "osm_type": "nodes", "opening_hours": null, "shop": null, "tourism": "attraction", "rooms": null, "building": null, "amenity": null, "name": "Manley forest", "beds": null}},{"type": "Feature", "geometry": {"type":"Point","coordinates":[115.2635657,-8.504061]}, "properties": {"osm_id": 11696432869, "osm_type": "nodes", "opening_hours": null, "shop": "convenience", "tourism": null, "rooms": null, "building": null, "amenity": null, "name": "Alfamart", "beds": null}},{"type": "Feature", "geometry": {"type":"Point","coordinates":[115.2603394,-8.5146326]}, "properties": {"osm_id": 5418298045, "osm_type": "nodes", "opening_hours": null, "shop": "convenience", "tourism": null, "rooms": null, "building": null, "amenity": null, "name": "Circle K", "beds": null}},{"type": "Feature", "geometry": {"type":"Point","coordinates":[115.2670837,-8.5090546]}, "properties": {"osm_id": 6801306685, "osm_type": "nodes", "opening_hours": null, "shop": "convenience", "tourism": null, "rooms": null, "building": null, "amenity": null, "name": "Circle K", "beds": null}},{"type": "Feature", "geometry": {"type":"Point","coordinates":[115.2665633,-8.5003591]}, "properties": {"osm_id": 12519695382, "osm_type": "nodes", "opening_hours": null, "shop": "convenience", "tourism": null, "rooms": null, "building": null, "amenity": null, "name": "Circle K", "beds": null}},{"type": "Feature", "geometry": {"type":"Point","coordinates":[115.2613357,-8.5072912]}, "properties": {"osm_id": 4262627189, "osm_type": "nodes", "opening_hours": "24/7", "shop": null, "tourism": "hostel", "rooms": null, "building": null, "amenity": null, "name": "Jungut Inn", "beds": null}},{"type": "Feature", "geometry": {"type":"Point","coordinates":[115.2621891,-8.5077077]}, "properties": {"osm_id": 6869821760, "osm_type": "nodes", "opening_hours": "Mo-Su,PH 00:00-24:00", "shop": "supermarket", "tourism": null, "rooms": null, "building": null, "amenity": null, "name": "Mini Mart", "beds": null}},{"type": "Feature", "geometry": {"type":"Point","coordinates":[115.2746731,-8.5472365]}, "properties": {"osm_id": 4999122321, "osm_type": "nodes", "opening_hours": null, "shop": null, "tourism": "guest_house", "rooms": null, "building": null, "amenity": null, "name": "Sujana Home Stay", "beds": null}},{"type": "Feature", "geometry": {"type":"Point","coordinates":[115.2856021,-8.546674]}, "properties": {"osm_id": 5222591221, "osm_type": "nodes", "opening_hours": "24/7", "shop": null, "tourism": "hotel", "rooms": null, "building": null, "amenity": null, "name": "The Savatthi Villas", "beds": null}},{"type": "Feature", "geometry": {"type":"Point","coordinates":[115.270887,-8.5485213]}, "properties": {"osm_id": 5614348821, "osm_type": "nodes", "opening_hours": "Mo-Su 11:00-21:30", "shop": null, "tourism": null, "rooms": null, "building": null, "amenity": "restaurant", "name": "Warung Gurihan Mas BBQ", "beds": null}},{"type": "Feature", "geometry": {"type":"Point","coordinates":[115.2532928,-8.4924253]}, "properties": {"osm_id": 1067881082, "osm_type": "nodes", "opening_hours": "Mo-Su 10:00-22:00", "shop": null, "tourism": null, "rooms": null, "building": null, "amenity": "restaurant", "name": "Naughty Nuri warung n Grill", "beds": null}},{"type": "Feature", "geometry": {"type":"Point","coordinates":[115.2649453,-8.5160335]}, "properties": {"osm_id": 2953993786, "osm_type": "nodes", "opening_hours": null, "shop": null, "tourism": "guest_house", "rooms": null, "building": null, "amenity": null, "name": "Teba House", "beds": null}},{"type": "Feature", "geometry": {"type":"Point","coordinates":[115.2625883,-8.5036513]}, "properties": {"osm_id": 3057642016, "osm_type": "nodes", "opening_hours": null, "shop": null, "tourism": null, "rooms": null, "building": null, "amenity": "restaurant", "name": "Gusti's Warung - good food", "beds": null}},{"type": "Feature", "geometry": {"type":"Point","coordinates":[115.2632132,-8.5211355]}, "properties": {"osm_id": 4446960856, "osm_type": "nodes", "opening_hours": "Mo-Su 07:30-21:00", "shop": null, "tourism": null, "rooms": null, "building": null, "amenity": "restaurant", "name": "Suka Espresso", "beds": null}},{"type": "Feature", "geometry": {"type":"Point","coordinates":[115.260983,-8.5118681]}, "properties": {"osm_id": 6720667637, "osm_type": "nodes", "opening_hours": "Mo-Su 09:00-23:00", "shop": "beauty", "tourism": null, "rooms": null, "building": null, "amenity": null, "name": "Angela Spa", "beds": null}},{"type": "Feature", "geometry": {"type":"Point","coordinates":[115.2639778,-8.5103111]}, "properties": {"osm_id": 7517497585, "osm_type": "nodes", "opening_hours": null, "shop": null, "tourism": null, "rooms": null, "building": null, "amenity": "restaurant", "name": "Golden Monkey Chinese Restaurant", "beds": null}},{"type": "Feature", "geometry": {"type":"Point","coordinates":[115.2584805,-8.5106337]}, "properties": {"osm_id": 12662777555, "osm_type": "nodes", "opening_hours": null, "shop": null, "tourism": null, "rooms": null, "building": null, "amenity": "bar", "name": "El Toro", "beds": null}},{"type": "Feature", "geometry": {"type":"Point","coordinates":[115.2497781,-8.5218663]}, "properties": {"osm_id": 12960952601, "osm_type": "nodes", "opening_hours": null, "shop": null, "tourism": "hostel", "rooms": null, "building": null, "amenity": null, "name": "Dedeane ubut Hotel", "beds": null}},{"type": "Feature", "geometry": {"type":"Point","coordinates":[115.2569821,-8.5010508]}, "properties": {"osm_id": 12986066434, "osm_type": "nodes", "opening_hours": null, "shop": null, "tourism": "hotel", "rooms": null, "building": null, "amenity": null, "name": "Nirwa Ubud Karma", "beds": null}},{"type": "Feature", "geometry": {"type":"Point","coordinates":[115.2596087,-8.4949051]}, "properties": {"osm_id": 13020141301, "osm_type": "nodes", "opening_hours": null, "shop": null, "tourism": null, "rooms": null, "building": null, "amenity": "restaurant", "name": "Greenlander", "beds": null}},{"type": "Feature", "geometry": {"type":"Point","coordinates":[115.2567798,-8.5270265]}, "properties": {"osm_id": 13068163895, "osm_type": "nodes", "opening_hours": null, "shop": "clothes", "tourism": null, "rooms": null, "building": null, "amenity": null, "name": "Krista", "beds": null}},{"type": "Feature", "geometry": {"type":"Point","coordinates":[115.2623123,-8.5070327]}, "properties": {"osm_id": 13068181809, "osm_type": "nodes", "opening_hours": null, "shop": null, "tourism": "information", "rooms": null, "building": null, "amenity": null, "name": "Ubud Tourist Information", "beds": null}},{"type": "Feature", "geometry": {"type":"Point","coordinates":[115.253558,-8.4950917]}, "properties": {"osm_id": 13091370282, "osm_type": "nodes", "opening_hours": "Mo-Su 07:00-20:00", "shop": null, "tourism": null, "rooms": null, "building": null, "amenity": "cafe", "name": "Lemony", "beds": null}},{"type": "Feature", "geometry": {"type":"Point","coordinates":[115.2648861,-8.4889506]}, "properties": {"osm_id": 13091531647, "osm_type": "nodes", "opening_hours": null, "shop": null, "tourism": null, "rooms": null, "building": null, "amenity": "restaurant", "name": "Ely's Kitchen", "beds": null}},{"type": "Feature", "geometry": {"type":"Point","coordinates":[115.2629265,-8.5185366]}, "properties": {"osm_id": 13093870801, "osm_type": "nodes", "opening_hours": null, "shop": null, "tourism": null, "rooms": null, "building": null, "amenity": "restaurant", "name": "Citrus Berry", "beds": null}},{"type": "Feature", "geometry": {"type":"Point","coordinates":[115.2585736,-8.5100374]}, "properties": {"osm_id": 13098541402, "osm_type": "nodes", "opening_hours": null, "shop": null, "tourism": null, "rooms": null, "building": null, "amenity": "bar", "name": "Sud Mampir Warung", "beds": null}},{"type": "Feature", "geometry": {"type":"Point","coordinates":[115.260969,-8.5120948]}, "properties": {"osm_id": 13174865201, "osm_type": "nodes", "opening_hours": "Mo-Su,PH 16:00-01:00", "shop": null, "tourism": null, "rooms": null, "building": null, "amenity": "restaurant", "name": "Spice by Blake", "beds": null}},{"type": "Feature", "geometry": {"type":"Point","coordinates":[115.2628082,-8.5072142]}, "properties": {"osm_id": 13188398503, "osm_type": "nodes", "opening_hours": null, "shop": null, "tourism": null, "rooms": null, "building": null, "amenity": "police", "name": null, "beds": null}},{"type": "Feature", "geometry": {"type":"Point","coordinates":[115.2568038,-8.5031767]}, "properties": {"osm_id": 13189831901, "osm_type": "nodes", "opening_hours": "Mo-Su 08:00-22:00", "shop": null, "tourism": null, "rooms": null, "building": null, "amenity": "restaurant", "name": "Ulu", "beds": null}},{"type": "Feature", "geometry": {"type":"Point","coordinates":[115.2657036,-8.5109537]}, "properties": {"osm_id": 13246643222, "osm_type": "nodes", "opening_hours": null, "shop": null, "tourism": "guest_house", "rooms": null, "building": null, "amenity": null, "name": "Nataliya Homestay", "beds": null}},{"type": "Feature", "geometry": {"type":"Point","coordinates":[115.2571855,-8.5423219]}, "properties": {"osm_id": 13452036501, "osm_type": "nodes", "opening_hours": null, "shop": null, "tourism": null, "rooms": null, "building": null, "amenity": "restaurant", "name": "Locavore NXT", "beds": null}},{"type": "Feature", "geometry": {"type":"Point","coordinates":[115.2834687,-8.5075583]}, "properties": {"osm_id": 9763138879, "osm_type": "nodes", "opening_hours": null, "shop": null, "tourism": "hotel", "rooms": null, "building": null, "amenity": null, "name": "Padi Ballet Villa", "beds": null}},{"type": "Feature", "geometry": {"type":"Point","coordinates":[115.2611596,-8.5112328]}, "properties": {"osm_id": 6720667635, "osm_type": "nodes", "opening_hours": null, "shop": "shoes", "tourism": null, "rooms": null, "building": null, "amenity": null, "name": "Sports Station", "beds": null}},{"type": "Feature", "geometry": {"type":"Point","coordinates":[115.2611933,-8.5110999]}, "properties": {"osm_id": 6720667644, "osm_type": "nodes", "opening_hours": null, "shop": "convenience", "tourism": null, "rooms": null, "building": null, "amenity": null, "name": "Delta Dewata", "beds": null}},{"type": "Feature", "geometry": {"type":"Point","coordinates":[115.26119,-8.5116198]}, "properties": {"osm_id": 6720667645, "osm_type": "nodes", "opening_hours": null, "shop": null, "tourism": null, "rooms": null, "building": null, "amenity": "restaurant", "name": "Bumi Bali", "beds": null}},{"type": "Feature", "geometry": {"type":"Point","coordinates":[115.2610424,-8.5124905]}, "properties": {"osm_id": 6715453518, "osm_type": "nodes", "opening_hours": null, "shop": null, "tourism": "hotel", "rooms": null, "building": null, "amenity": null, "name": "Komaneka", "beds": null}},{"type": "Feature", "geometry": {"type":"Point","coordinates":[115.2609245,-8.5122202]}, "properties": {"osm_id": 6720615178, "osm_type": "nodes", "opening_hours": null, "shop": null, "tourism": null, "rooms": null, "building": null, "amenity": "restaurant", "name": "El Mexicano Cantina", "beds": null}},{"type": "Feature", "geometry": {"type":"Point","coordinates":[115.2618705,-8.5183064]}, "properties": {"osm_id": 4112849890, "osm_type": "nodes", "opening_hours": null, "shop": null, "tourism": "hotel", "rooms": null, "building": null, "amenity": null, "name": "Ubud tropical garden", "beds": null}},{"type": "Feature", "geometry": {"type":"Point","coordinates":[115.2596957,-8.5172276]}, "properties": {"osm_id": 4307243495, "osm_type": "nodes", "opening_hours": "24/7", "shop": "convenience", "tourism": null, "rooms": null, "building": null, "amenity": null, "name": "MiniMart", "beds": null}},{"type": "Feature", "geometry": {"type":"Point","coordinates":[115.2633701,-8.5193172]}, "properties": {"osm_id": 5750747221, "osm_type": "nodes", "opening_hours": null, "shop": null, "tourism": null, "rooms": null, "building": null, "amenity": "restaurant", "name": "Barkin’ Puppies", "beds": null}},{"type": "Feature", "geometry": {"type":"Point","coordinates":[115.2613379,-8.5180364]}, "properties": {"osm_id": 6720463909, "osm_type": "nodes", "opening_hours": null, "shop": null, "tourism": "hotel", "rooms": null, "building": null, "amenity": null, "name": "Sarinubud Suites", "beds": null}},{"type": "Feature", "geometry": {"type":"Point","coordinates":[115.2556971,-8.5276203]}, "properties": {"osm_id": 4217102981, "osm_type": "nodes", "opening_hours": null, "shop": null, "tourism": null, "rooms": null, "building": null, "amenity": null, "name": "Outpost Coworking Space", "beds": null}},{"type": "Feature", "geometry": {"type":"Point","coordinates":[115.2668411,-8.4979172]}, "properties": {"osm_id": 4951952554, "osm_type": "nodes", "opening_hours": null, "shop": null, "tourism": "guest_house", "rooms": null, "building": null, "amenity": null, "name": "Gusti Rai House", "beds": null}},{"type": "Feature", "geometry": {"type":"Point","coordinates":[115.2805085,-8.5165367]}, "properties": {"osm_id": 6087603657, "osm_type": "nodes", "opening_hours": null, "shop": null, "tourism": "hotel", "rooms": null, "building": null, "amenity": null, "name": "Amori Villas", "beds": null}},{"type": "Feature", "geometry": {"type":"Point","coordinates":[115.2636865,-8.5260028]}, "properties": {"osm_id": 4984096523, "osm_type": "nodes", "opening_hours": null, "shop": null, "tourism": null, "rooms": null, "building": null, "amenity": "restaurant", "name": "Masakan Padang", "beds": null}},{"type": "Feature", "geometry": {"type":"Point","coordinates":[115.2624328,-8.5090059]}, "properties": {"osm_id": 3761416307, "osm_type": "nodes", "opening_hours": null, "shop": null, "tourism": "guest_house", "rooms": null, "building": null, "amenity": null, "name": "Karna's Hause", "beds": null}},{"type": "Feature", "geometry": {"type":"Point","coordinates":[115.2478132,-8.5054627]}, "properties": {"osm_id": 2188286996, "osm_type": "nodes", "opening_hours": null, "shop": null, "tourism": null, "rooms": null, "building": null, "amenity": "cafe", "name": "Kafe Desa", "beds": null}},{"type": "Feature", "geometry": {"type":"Point","coordinates":[115.2786916,-8.5153586]}, "properties": {"osm_id": 2504240680, "osm_type": "nodes", "opening_hours": null, "shop": null, "tourism": "viewpoint", "rooms": null, "building": null, "amenity": null, "name": null, "beds": null}},{"type": "Feature", "geometry": {"type":"Point","coordinates":[115.2620227,-8.5160268]}, "properties": {"osm_id": 1726069193, "osm_type": "nodes", "opening_hours": null, "shop": null, "tourism": "guest_house", "rooms": null, "building": null, "amenity": null, "name": null, "beds": null}},{"type": "Feature", "geometry": {"type":"Point","coordinates":[115.2645519,-8.516288]}, "properties": {"osm_id": 1859633456, "osm_type": "nodes", "opening_hours": null, "shop": null, "tourism": "guest_house", "rooms": null, "building": null, "amenity": null, "name": "Tunjung Bungalows", "beds": null}},{"type": "Feature", "geometry": {"type":"Point","coordinates":[115.2600471,-8.506363]}, "properties": {"osm_id": 2352691171, "osm_type": "nodes", "opening_hours": null, "shop": null, "tourism": "guest_house", "rooms": null, "building": null, "amenity": null, "name": "Puri Menara Homestay", "beds": null}},{"type": "Feature", "geometry": {"type":"Point","coordinates":[115.2505944,-8.5144656]}, "properties": {"osm_id": 2150330238, "osm_type": "nodes", "opening_hours": null, "shop": null, "tourism": "hotel", "rooms": null, "building": null, "amenity": null, "name": "Villa Mandi", "beds": null}},{"type": "Feature", "geometry": {"type":"Point","coordinates":[115.2498571,-8.521785]}, "properties": {"osm_id": 2152861024, "osm_type": "nodes", "opening_hours": null, "shop": "laundry", "tourism": null, "rooms": null, "building": null, "amenity": null, "name": null, "beds": null}},{"type": "Feature", "geometry": {"type":"Point","coordinates":[115.2502586,-8.5174757]}, "properties": {"osm_id": 2152861027, "osm_type": "nodes", "opening_hours": null, "shop": "laundry", "tourism": null, "rooms": null, "building": null, "amenity": null, "name": null, "beds": null}},{"type": "Feature", "geometry": {"type":"Point","coordinates":[115.2625739,-8.5183379]}, "properties": {"osm_id": 5421490588, "osm_type": "nodes", "opening_hours": "Mo-Su 07:00-22:30", "shop": null, "tourism": null, "rooms": null, "building": null, "amenity": "restaurant", "name": "Warung Semesta", "beds": null}},{"type": "Feature", "geometry": {"type":"Point","coordinates":[115.2503812,-8.5132635]}, "properties": {"osm_id": 8439942017, "osm_type": "nodes", "opening_hours": null, "shop": null, "tourism": null, "rooms": null, "building": null, "amenity": "cafe", "name": "The Tropical Ants", "beds": null}},{"type": "Feature", "geometry": {"type":"Point","coordinates":[115.262915,-8.5098907]}, "properties": {"osm_id": 12133728925, "osm_type": "nodes", "opening_hours": null, "shop": null, "tourism": null, "rooms": null, "building": null, "amenity": "restaurant", "name": "Saprug Kitchen And Bar", "beds": null}},{"type": "Feature", "geometry": {"type":"Point","coordinates":[115.2642678,-8.5133648]}, "properties": {"osm_id": 12147610610, "osm_type": "nodes", "opening_hours": null, "shop": null, "tourism": null, "rooms": null, "building": null, "amenity": "pub", "name": "Anything Brew", "beds": null}},{"type": "Feature", "geometry": {"type":"Point","coordinates":[115.2446505,-8.5118078]}, "properties": {"osm_id": 10129388417, "osm_type": "nodes", "opening_hours": "24/7", "shop": null, "tourism": "hotel", "rooms": null, "building": null, "amenity": null, "name": "Arya Arkananta Eco Resort & SPA", "beds": null}},{"type": "Feature", "geometry": {"type":"Point","coordinates":[115.2566641,-8.5223944]}, "properties": {"osm_id": 3910937820, "osm_type": "nodes", "opening_hours": "11:00-14:00,17:00-21:00", "shop": null, "tourism": null, "rooms": null, "building": null, "amenity": "restaurant", "name": "Warung Be Pasih", "beds": null}},{"type": "Feature", "geometry": {"type":"Point","coordinates":[115.2564214,-8.5277244]}, "properties": {"osm_id": 10312758181, "osm_type": "nodes", "opening_hours": "Mo-Sa 10:00-22:00", "shop": null, "tourism": null, "rooms": null, "building": null, "amenity": "restaurant", "name": "Minang Vegan", "beds": null}},{"type": "Feature", "geometry": {"type":"Point","coordinates":[115.2576595,-8.522783]}, "properties": {"osm_id": 4467737330, "osm_type": "nodes", "opening_hours": null, "shop": null, "tourism": "hotel", "rooms": null, "building": null, "amenity": null, "name": "Swasti Eco Cottages", "beds": null}},{"type": "Feature", "geometry": {"type":"Point","coordinates":[115.2435925,-8.5365277]}, "properties": {"osm_id": 7530709285, "osm_type": "nodes", "opening_hours": null, "shop": null, "tourism": null, "rooms": null, "building": null, "amenity": "cafe", "name": "Rüsters", "beds": null}},{"type": "Feature", "geometry": {"type":"Point","coordinates":[115.2455406,-8.5276487]}, "properties": {"osm_id": 6869937862, "osm_type": "nodes", "opening_hours": null, "shop": "art", "tourism": null, "rooms": null, "building": null, "amenity": null, "name": null, "beds": null}},{"type": "Feature", "geometry": {"type":"Point","coordinates":[115.2566645,-8.5227862]}, "properties": {"osm_id": 4728652148, "osm_type": "nodes", "opening_hours": null, "shop": null, "tourism": "hotel", "rooms": "14", "building": null, "amenity": null, "name": "Puri Asri Villa", "beds": null}},{"type": "Feature", "geometry": {"type":"Point","coordinates":[115.2521999,-8.538414]}, "properties": {"osm_id": 5360144394, "osm_type": "nodes", "opening_hours": null, "shop": null, "tourism": "hotel", "rooms": "9", "building": null, "amenity": null, "name": "Ubad Retreat", "beds": null}},{"type": "Feature", "geometry": {"type":"Point","coordinates":[115.2541584,-8.5294901]}, "properties": {"osm_id": 13031345775, "osm_type": "nodes", "opening_hours": null, "shop": null, "tourism": "guest_house", "rooms": "4", "building": null, "amenity": null, "name": "Villa F.", "beds": null}},{"type": "Feature", "geometry": {"type":"Point","coordinates":[115.2575464,-8.5281734]}, "properties": {"osm_id": 13068179777, "osm_type": "nodes", "opening_hours": null, "shop": null, "tourism": "hotel", "rooms": null, "building": null, "amenity": null, "name": "Budhi Ayu Villa", "beds": null}},{"type": "Feature", "geometry": {"type":"Point","coordinates":[115.2518358,-8.5304837]}, "properties": {"osm_id": 13410196901, "osm_type": "nodes", "opening_hours": null, "shop": null, "tourism": null, "rooms": null, "building": null, "amenity": "marketplace", "name": "Pasar Umum Singakerta", "beds": null}},{"type": "Feature", "geometry": {"type":"Point","coordinates":[115.2575801,-8.5280088]}, "properties": {"osm_id": 4381522090, "osm_type": "nodes", "opening_hours": null, "shop": null, "tourism": "hostel", "rooms": null, "building": null, "amenity": null, "name": "Lagas Hostel", "beds": null}},{"type": "Feature", "geometry": {"type":"Point","coordinates":[115.246155,-8.5481583]}, "properties": {"osm_id": 4458670090, "osm_type": "nodes", "opening_hours": null, "shop": "car_repair", "tourism": null, "rooms": null, "building": null, "amenity": null, "name": "DEWI MOTOR SERVICE STATION", "beds": null}},{"type": "Feature", "geometry": {"type":"Point","coordinates":[115.2437536,-8.5328581]}, "properties": {"osm_id": 4814579021, "osm_type": "nodes", "opening_hours": null, "shop": "bakery", "tourism": null, "rooms": null, "building": null, "amenity": null, "name": "Baker's corner", "beds": null}},{"type": "Feature", "geometry": {"type":"Point","coordinates":[115.2559333,-8.5227817]}, "properties": {"osm_id": 5170473221, "osm_type": "nodes", "opening_hours": null, "shop": null, "tourism": null, "rooms": null, "building": null, "amenity": null, "name": "My office", "beds": null}},{"type": "Feature", "geometry": {"type":"Point","coordinates":[115.2559335,-8.5254718]}, "properties": {"osm_id": 5459105725, "osm_type": "nodes", "opening_hours": null, "shop": null, "tourism": null, "rooms": null, "building": null, "amenity": "cafe", "name": "Bali Soul Warung", "beds": null}},{"type": "Feature", "geometry": {"type":"Point","coordinates":[115.2443748,-8.5373357]}, "properties": {"osm_id": 5581500922, "osm_type": "nodes", "opening_hours": null, "shop": null, "tourism": null, "rooms": null, "building": null, "amenity": "cafe", "name": "Warung Kintamani", "beds": null}},{"type": "Feature", "geometry": {"type":"Point","coordinates":[115.2601964,-8.5274409]}, "properties": {"osm_id": 6267690086, "osm_type": "nodes", "opening_hours": null, "shop": null, "tourism": null, "rooms": null, "building": null, "amenity": "restaurant", "name": "Cilantro Mexican Restaurant", "beds": null}},{"type": "Feature", "geometry": {"type":"Point","coordinates":[115.2617534,-8.5411631]}, "properties": {"osm_id": 6305149186, "osm_type": "nodes", "opening_hours": null, "shop": null, "tourism": null, "rooms": null, "building": null, "amenity": "restaurant", "name": "Warung Iga Bakar Gung Vedel", "beds": null}},{"type": "Feature", "geometry": {"type":"Point","coordinates":[115.2602099,-8.5274638]}, "properties": {"osm_id": 6364042987, "osm_type": "nodes", "opening_hours": null, "shop": null, "tourism": null, "rooms": null, "building": null, "amenity": "restaurant", "name": "Cilantro Mexican Restaurant", "beds": null}},{"type": "Feature", "geometry": {"type":"Point","coordinates":[115.2578826,-8.5280555]}, "properties": {"osm_id": 6548895587, "osm_type": "nodes", "opening_hours": "Mo-Su 09:00-17:00", "shop": null, "tourism": "museum", "rooms": null, "building": null, "amenity": null, "name": "Bali Culture Centre", "beds": null}},{"type": "Feature", "geometry": {"type":"Point","coordinates":[115.2610222,-8.5451809]}, "properties": {"osm_id": 6640554386, "osm_type": "nodes", "opening_hours": null, "shop": null, "tourism": "guest_house", "rooms": null, "building": null, "amenity": null, "name": "Villa Ole", "beds": null}},{"type": "Feature", "geometry": {"type":"Point","coordinates":[115.2572904,-8.5283583]}, "properties": {"osm_id": 7010032285, "osm_type": "nodes", "opening_hours": null, "shop": null, "tourism": "guest_house", "rooms": null, "building": null, "amenity": null, "name": "Villa sejuk", "beds": null}},{"type": "Feature", "geometry": {"type":"Point","coordinates":[115.2582226,-8.5273489]}, "properties": {"osm_id": 7111979293, "osm_type": "nodes", "opening_hours": "Mo-Su 10:00-17:00", "shop": "books", "tourism": null, "rooms": null, "building": null, "amenity": null, "name": "Toko Senyum Smile Shop", "beds": null}},{"type": "Feature", "geometry": {"type":"Point","coordinates":[115.249332,-8.5435668]}, "properties": {"osm_id": 7150651785, "osm_type": "nodes", "opening_hours": null, "shop": null, "tourism": null, "rooms": null, "building": null, "amenity": "cafe", "name": "Luwak coffee", "beds": null}},{"type": "Feature", "geometry": {"type":"Point","coordinates":[115.2436704,-8.5270282]}, "properties": {"osm_id": 7310681485, "osm_type": "nodes", "opening_hours": null, "shop": null, "tourism": "hostel", "rooms": null, "building": null, "amenity": null, "name": "Arta Garden Guest House&hostel", "beds": null}},{"type": "Feature", "geometry": {"type":"Point","coordinates":[115.246688,-8.5482852]}, "properties": {"osm_id": 7673780886, "osm_type": "nodes", "opening_hours": null, "shop": null, "tourism": null, "rooms": null, "building": null, "amenity": "restaurant", "name": "Vanabi pizza", "beds": null}},{"type": "Feature", "geometry": {"type":"Point","coordinates":[115.2472921,-8.5412744]}, "properties": {"osm_id": 7673780985, "osm_type": "nodes", "opening_hours": null, "shop": null, "tourism": null, "rooms": null, "building": null, "amenity": "restaurant", "name": "Bali Lalah", "beds": null}},{"type": "Feature", "geometry": {"type":"Point","coordinates":[115.2442286,-8.5355258]}, "properties": {"osm_id": 8090437318, "osm_type": "nodes", "opening_hours": null, "shop": null, "tourism": null, "rooms": null, "building": null, "amenity": "cafe", "name": "Oman", "beds": null}},{"type": "Feature", "geometry": {"type":"Point","coordinates":[115.2482019,-8.5280607]}, "properties": {"osm_id": 8926548418, "osm_type": "nodes", "opening_hours": null, "shop": null, "tourism": null, "rooms": null, "building": null, "amenity": null, "name": "Balai Banjar Dauh Labak Desa Singakerta", "beds": null}},{"type": "Feature", "geometry": {"type":"Point","coordinates":[115.262169,-8.5317741]}, "properties": {"osm_id": 10755869307, "osm_type": "nodes", "opening_hours": null, "shop": null, "tourism": "hostel", "rooms": null, "building": null, "amenity": null, "name": "kakul", "beds": null}},{"type": "Feature", "geometry": {"type":"Point","coordinates":[115.2607335,-8.5212692]}, "properties": {"osm_id": 10910612505, "osm_type": "nodes", "opening_hours": null, "shop": null, "tourism": null, "rooms": null, "building": null, "amenity": "cafe", "name": "local cafe with rice fields view", "beds": null}},{"type": "Feature", "geometry": {"type":"Point","coordinates":[115.2619716,-8.5434159]}, "properties": {"osm_id": 13754062740, "osm_type": "nodes", "opening_hours": "Mo-Su 09:00-21:00", "shop": "jewelry", "tourism": null, "rooms": null, "building": null, "amenity": null, "name": "DAISY", "beds": null}},{"type": "Feature", "geometry": {"type":"Point","coordinates":[115.2504252,-8.5440499]}, "properties": {"osm_id": 10578825142, "osm_type": "nodes", "opening_hours": null, "shop": null, "tourism": "hotel", "rooms": null, "building": null, "amenity": null, "name": null, "beds": null}},{"type": "Feature", "geometry": {"type":"Point","coordinates":[115.2568408,-8.5456943]}, "properties": {"osm_id": 5338993441, "osm_type": "nodes", "opening_hours": null, "shop": null, "tourism": null, "rooms": null, "building": null, "amenity": "restaurant", "name": "tebaSari", "beds": null}},{"type": "Feature", "geometry": {"type":"Point","coordinates":[115.2657102,-8.5487031]}, "properties": {"osm_id": 4461371274, "osm_type": "nodes", "opening_hours": null, "shop": "massage", "tourism": null, "rooms": null, "building": null, "amenity": null, "name": "Kahyangan Spa", "beds": null}},{"type": "Feature", "geometry": {"type":"Point","coordinates":[115.2436676,-8.5329939]}, "properties": {"osm_id": 4700346824, "osm_type": "nodes", "opening_hours": null, "shop": "supermarket", "tourism": null, "rooms": null, "building": null, "amenity": null, "name": "Pepito’s", "beds": null}},{"type": "Feature", "geometry": {"type":"Point","coordinates":[115.2465225,-8.5281708]}, "properties": {"osm_id": 6869911475, "osm_type": "nodes", "opening_hours": null, "shop": "supermarket", "tourism": null, "rooms": null, "building": null, "amenity": null, "name": null, "beds": null}},{"type": "Feature", "geometry": {"type":"Point","coordinates":[115.2462018,-8.527866]}, "properties": {"osm_id": 6869934461, "osm_type": "nodes", "opening_hours": null, "shop": "massage", "tourism": null, "rooms": null, "building": null, "amenity": null, "name": null, "beds": null}},{"type": "Feature", "geometry": {"type":"Point","coordinates":[115.2449087,-8.5274554]}, "properties": {"osm_id": 6869934089, "osm_type": "nodes", "opening_hours": null, "shop": "photo", "tourism": null, "rooms": null, "building": null, "amenity": null, "name": null, "beds": null}},{"type": "Feature", "geometry": {"type":"Point","coordinates":[115.2455074,-8.5278836]}, "properties": {"osm_id": 6869910150, "osm_type": "nodes", "opening_hours": null, "shop": "religion", "tourism": null, "rooms": null, "building": null, "amenity": null, "name": null, "beds": null}},{"type": "Feature", "geometry": {"type":"Point","coordinates":[115.2458311,-8.5279668]}, "properties": {"osm_id": 6869927714, "osm_type": "nodes", "opening_hours": null, "shop": "beverages", "tourism": null, "rooms": null, "building": null, "amenity": null, "name": null, "beds": null}},{"type": "Feature", "geometry": {"type":"Point","coordinates":[115.2308795,-8.5430429]}, "properties": {"osm_id": 9768304763, "osm_type": "nodes", "opening_hours": null, "shop": null, "tourism": "hotel", "rooms": null, "building": null, "amenity": null, "name": "FuramaXclusive Resort & Villas, Ubud Bali", "beds": null}},{"type": "Feature", "geometry": {"type":"Point","coordinates":[115.2570065,-8.5114714]}, "properties": {"osm_id": 11715388536, "osm_type": "nodes", "opening_hours": null, "shop": null, "tourism": null, "rooms": null, "building": null, "amenity": "restaurant", "name": "Pool Pavilion", "beds": null}},{"type": "Feature", "geometry": {"type":"Point","coordinates":[115.2600984,-8.5005237]}, "properties": {"osm_id": 11707008751, "osm_type": "nodes", "opening_hours": null, "shop": null, "tourism": null, "rooms": null, "building": null, "amenity": "cafe", "name": "Sweet Orange Pondok", "beds": null}},{"type": "Feature", "geometry": {"type":"Point","coordinates":[115.2548253,-8.5017124]}, "properties": {"osm_id": 11664367535, "osm_type": "nodes", "opening_hours": null, "shop": "beverages", "tourism": null, "rooms": null, "building": null, "amenity": null, "name": null, "beds": null}},{"type": "Feature", "geometry": {"type":"Point","coordinates":[115.2936436,-8.4724112]}, "properties": {"osm_id": 7145761485, "osm_type": "nodes", "opening_hours": null, "shop": "car_repair", "tourism": null, "rooms": null, "building": null, "amenity": null, "name": null, "beds": null}},{"type": "Feature", "geometry": {"type":"Point","coordinates":[115.2883896,-8.4772689]}, "properties": {"osm_id": 4330787299, "osm_type": "nodes", "opening_hours": null, "shop": null, "tourism": "hotel", "rooms": null, "building": null, "amenity": null, "name": "Alam puisi villa", "beds": null}},{"type": "Feature", "geometry": {"type":"Point","coordinates":[115.2697639,-8.5058707]}, "properties": {"osm_id": 10014362817, "osm_type": "nodes", "opening_hours": null, "shop": null, "tourism": null, "rooms": null, "building": null, "amenity": "restaurant", "name": "Warung Lemongrass", "beds": null}},{"type": "Feature", "geometry": {"type":"Point","coordinates":[115.2715748,-8.5060523]}, "properties": {"osm_id": 9961167717, "osm_type": "nodes", "opening_hours": null, "shop": "hairdresser", "tourism": null, "rooms": null, "building": null, "amenity": null, "name": "De'Nonik Salon", "beds": null}},{"type": "Feature", "geometry": {"type":"Point","coordinates":[115.268538,-8.5067374]}, "properties": {"osm_id": 4113512990, "osm_type": "nodes", "opening_hours": "Mo-Su 09:00-19:00", "shop": "laundry", "tourism": null, "rooms": null, "building": null, "amenity": null, "name": "Epic Eco Laundry", "beds": null}},{"type": "Feature", "geometry": {"type":"Point","coordinates":[115.2659825,-8.507684]}, "properties": {"osm_id": 2385574289, "osm_type": "nodes", "opening_hours": null, "shop": "music", "tourism": null, "rooms": null, "building": null, "amenity": null, "name": null, "beds": null}},{"type": "Feature", "geometry": {"type":"Point","coordinates":[115.26615,-8.507692]}, "properties": {"osm_id": 4148587289, "osm_type": "nodes", "opening_hours": null, "shop": null, "tourism": "hotel", "rooms": null, "building": null, "amenity": null, "name": "Jiwa's House", "beds": null}},{"type": "Feature", "geometry": {"type":"Point","coordinates":[115.2770568,-8.5069557]}, "properties": {"osm_id": 10542622209, "osm_type": "nodes", "opening_hours": null, "shop": null, "tourism": "hotel", "rooms": null, "building": null, "amenity": null, "name": "Pandok Nini Villa", "beds": null}},{"type": "Feature", "geometry": {"type":"Point","coordinates":[115.267048,-8.5058051]}, "properties": {"osm_id": 5337210722, "osm_type": "nodes", "opening_hours": null, "shop": null, "tourism": "guest_house", "rooms": null, "building": null, "amenity": null, "name": null, "beds": null}},{"type": "Feature", "geometry": {"type":"Point","coordinates":[115.2660096,-8.5053023]}, "properties": {"osm_id": 4243918989, "osm_type": "nodes", "opening_hours": null, "shop": null, "tourism": "guest_house", "rooms": null, "building": null, "amenity": null, "name": "Santun Homestay", "beds": null}},{"type": "Feature", "geometry": {"type":"Point","coordinates":[115.2722172,-8.5051928]}, "properties": {"osm_id": 3925160674, "osm_type": "nodes", "opening_hours": null, "shop": "musical_instrument", "tourism": null, "rooms": null, "building": null, "amenity": null, "name": "Drum Factory", "beds": null}},{"type": "Feature", "geometry": {"type":"Point","coordinates":[115.2673343,-8.5043735]}, "properties": {"osm_id": 2385574282, "osm_type": "nodes", "opening_hours": null, "shop": null, "tourism": "hotel", "rooms": null, "building": null, "amenity": null, "name": "The White Villas Ubud", "beds": null}},{"type": "Feature", "geometry": {"type":"Point","coordinates":[115.26654,-8.5042342]}, "properties": {"osm_id": 4731781854, "osm_type": "nodes", "opening_hours": null, "shop": null, "tourism": "hostel", "rooms": null, "building": null, "amenity": null, "name": "Ngurah Hostel Ubud", "beds": null}},{"type": "Feature", "geometry": {"type":"Point","coordinates":[115.2866,-8.506794]}, "properties": {"osm_id": 9763214325, "osm_type": "nodes", "opening_hours": null, "shop": null, "tourism": "hotel", "rooms": null, "building": null, "amenity": null, "name": "Eden Estate Ubud", "beds": null}},{"type": "Feature", "geometry": {"type":"Point","coordinates":[115.2850606,-8.5073133]}, "properties": {"osm_id": 10165985532, "osm_type": "nodes", "opening_hours": null, "shop": null, "tourism": "hotel", "rooms": null, "building": null, "amenity": null, "name": "Villa Sawah Ramah", "beds": null}},{"type": "Feature", "geometry": {"type":"Point","coordinates":[115.2853636,-8.5008602]}, "properties": {"osm_id": 10165985531, "osm_type": "nodes", "opening_hours": null, "shop": null, "tourism": "hotel", "rooms": null, "building": null, "amenity": null, "name": "Villa Green Mood", "beds": null}},{"type": "Feature", "geometry": {"type":"Point","coordinates":[115.2997459,-8.5119445]}, "properties": {"osm_id": 989944131, "osm_type": "nodes", "opening_hours": "Mo-Th 08:00-15:00; Fr 08:00-12:00", "shop": null, "tourism": "museum", "rooms": null, "building": null, "amenity": null, "name": "Museum Purbakala", "beds": null}},{"type": "Feature", "geometry": {"type":"Point","coordinates":[115.2967922,-8.5099759]}, "properties": {"osm_id": 6640142585, "osm_type": "nodes", "opening_hours": null, "shop": null, "tourism": "apartment", "rooms": null, "building": null, "amenity": null, "name": null, "beds": null}},{"type": "Feature", "geometry": {"type":"Point","coordinates":[115.2660103,-8.5113366]}, "properties": {"osm_id": 10781100106, "osm_type": "nodes", "opening_hours": null, "shop": null, "tourism": "guest_house", "rooms": null, "building": null, "amenity": null, "name": "Samadini", "beds": null}},{"type": "Feature", "geometry": {"type":"Point","coordinates":[115.269443,-8.5113674]}, "properties": {"osm_id": 4113018089, "osm_type": "nodes", "opening_hours": null, "shop": null, "tourism": "hotel", "rooms": null, "building": null, "amenity": null, "name": "Suandi House", "beds": null}},{"type": "Feature", "geometry": {"type":"Point","coordinates":[115.2669541,-8.5107903]}, "properties": {"osm_id": 6659993685, "osm_type": "nodes", "opening_hours": null, "shop": null, "tourism": null, "rooms": null, "building": null, "amenity": "restaurant", "name": "Warung pada payu", "beds": null}},{"type": "Feature", "geometry": {"type":"Point","coordinates":[115.2710917,-8.5108898]}, "properties": {"osm_id": 4330199290, "osm_type": "nodes", "opening_hours": null, "shop": null, "tourism": "guest_house", "rooms": null, "building": null, "amenity": null, "name": "Tagel Karsa Guest House", "beds": null}},{"type": "Feature", "geometry": {"type":"Point","coordinates":[115.2712591,-8.509944]}, "properties": {"osm_id": 6339214285, "osm_type": "nodes", "opening_hours": null, "shop": "clothes", "tourism": null, "rooms": null, "building": null, "amenity": null, "name": null, "beds": null}},{"type": "Feature", "geometry": {"type":"Point","coordinates":[115.2745497,-8.5091003]}, "properties": {"osm_id": 4461889789, "osm_type": "nodes", "opening_hours": "Mo-Sa 09:30-22:00", "shop": null, "tourism": null, "rooms": null, "building": null, "amenity": "restaurant", "name": "Warung D'atas", "beds": null}},{"type": "Feature", "geometry": {"type":"Point","coordinates":[115.2660044,-8.5084968]}, "properties": {"osm_id": 4912019422, "osm_type": "nodes", "opening_hours": null, "shop": null, "tourism": null, "rooms": null, "building": null, "amenity": "cafe", "name": "Chatime", "beds": null}},{"type": "Feature", "geometry": {"type":"Point","coordinates":[115.2665979,-8.5085538]}, "properties": {"osm_id": 6751879192, "osm_type": "nodes", "opening_hours": null, "shop": null, "tourism": "gallery", "rooms": null, "building": null, "amenity": null, "name": null, "beds": null}},{"type": "Feature", "geometry": {"type":"Point","coordinates":[115.2661756,-8.5088502]}, "properties": {"osm_id": 2385629754, "osm_type": "nodes", "opening_hours": null, "shop": "convenience", "tourism": null, "rooms": null, "building": null, "amenity": null, "name": null, "beds": null}},{"type": "Feature", "geometry": {"type":"Point","coordinates":[115.2668605,-8.5088966]}, "properties": {"osm_id": 10943449505, "osm_type": "nodes", "opening_hours": null, "shop": null, "tourism": null, "rooms": null, "building": null, "amenity": "cafe", "name": null, "beds": null}},{"type": "Feature", "geometry": {"type":"Point","coordinates":[115.2693256,-8.508991]}, "properties": {"osm_id": 3622719790, "osm_type": "nodes", "opening_hours": null, "shop": null, "tourism": null, "rooms": null, "building": null, "amenity": "restaurant", "name": "Lalapan Cak Nomin", "beds": null}},{"type": "Feature", "geometry": {"type":"Point","coordinates":[115.2680828,-8.508949]}, "properties": {"osm_id": 6915175586, "osm_type": "nodes", "opening_hours": null, "shop": "stationery", "tourism": null, "rooms": null, "building": null, "amenity": null, "name": null, "beds": null}},{"type": "Feature", "geometry": {"type":"Point","coordinates":[115.2712727,-8.5089384]}, "properties": {"osm_id": 9465098509, "osm_type": "nodes", "opening_hours": null, "shop": "shoe_repair", "tourism": null, "rooms": null, "building": null, "amenity": null, "name": null, "beds": null}},{"type": "Feature", "geometry": {"type":"Point","coordinates":[115.2713674,-8.5090474]}, "properties": {"osm_id": 6387028586, "osm_type": "nodes", "opening_hours": null, "shop": "stationery", "tourism": null, "rooms": null, "building": null, "amenity": null, "name": "Bonito", "beds": null}},{"type": "Feature", "geometry": {"type":"Point","coordinates":[115.2720014,-8.5093038]}, "properties": {"osm_id": 6218094186, "osm_type": "nodes", "opening_hours": null, "shop": null, "tourism": null, "rooms": null, "building": null, "amenity": "cafe", "name": "Warung Lalapan Solo", "beds": null}},{"type": "Feature", "geometry": {"type":"Point","coordinates":[115.2660686,-8.5093576]}, "properties": {"osm_id": 4723831991, "osm_type": "nodes", "opening_hours": null, "shop": "gift", "tourism": null, "rooms": null, "building": null, "amenity": null, "name": "Jeel Art Store", "beds": null}},{"type": "Feature", "geometry": {"type":"Point","coordinates":[115.2682057,-8.5121891]}, "properties": {"osm_id": 6187787068, "osm_type": "nodes", "opening_hours": "Mo-Su 09:00-21:00", "shop": null, "tourism": null, "rooms": null, "building": null, "amenity": "restaurant", "name": "Warung Betawi Emak Yayah", "beds": null}},{"type": "Feature", "geometry": {"type":"Point","coordinates":[115.2779248,-8.5131489]}, "properties": {"osm_id": 790924553, "osm_type": "nodes", "opening_hours": null, "shop": null, "tourism": "hotel", "rooms": null, "building": null, "amenity": null, "name": "Maya Ubud", "beds": null}},{"type": "Feature", "geometry": {"type":"Point","coordinates":[115.2703748,-8.5130621]}, "properties": {"osm_id": 6413788885, "osm_type": "nodes", "opening_hours": null, "shop": "clothes", "tourism": null, "rooms": null, "building": null, "amenity": null, "name": null, "beds": null}},{"type": "Feature", "geometry": {"type":"Point","coordinates":[115.2680437,-8.5131772]}, "properties": {"osm_id": 2148844210, "osm_type": "nodes", "opening_hours": null, "shop": null, "tourism": null, "rooms": null, "building": null, "amenity": "restaurant", "name": "Mama's Warung", "beds": null}},{"type": "Feature", "geometry": {"type":"Point","coordinates":[115.2686405,-8.5129919]}, "properties": {"osm_id": 4118427730, "osm_type": "nodes", "opening_hours": null, "shop": null, "tourism": "guest_house", "rooms": null, "building": null, "amenity": null, "name": "Nyoman Warta", "beds": null}},{"type": "Feature", "geometry": {"type":"Point","coordinates":[115.2678312,-8.5133136]}, "properties": {"osm_id": 4180818215, "osm_type": "nodes", "opening_hours": "Mo-Su 10:00-22:00", "shop": null, "tourism": null, "rooms": null, "building": null, "amenity": "restaurant", "name": "Warung Little India", "beds": null}},{"type": "Feature", "geometry": {"type":"Point","coordinates":[115.2677656,-8.5134909]}, "properties": {"osm_id": 4115870389, "osm_type": "nodes", "opening_hours": null, "shop": "laundry", "tourism": null, "rooms": null, "building": null, "amenity": null, "name": "Eco Laundry", "beds": null}},{"type": "Feature", "geometry": {"type":"Point","coordinates":[115.266,-8.51401]}, "properties": {"osm_id": 7108930970, "osm_type": "nodes", "opening_hours": null, "shop": null, "tourism": "guest_house", "rooms": null, "building": null, "amenity": null, "name": "Warsa’s Guest House", "beds": null}},{"type": "Feature", "geometry": {"type":"Point","coordinates":[115.2675006,-8.5145021]}, "properties": {"osm_id": 5573271121, "osm_type": "nodes", "opening_hours": null, "shop": "laundry", "tourism": null, "rooms": null, "building": null, "amenity": null, "name": null, "beds": null}},{"type": "Feature", "geometry": {"type":"Point","coordinates":[115.2696968,-8.5153838]}, "properties": {"osm_id": 4847178221, "osm_type": "nodes", "opening_hours": null, "shop": "beauty", "tourism": null, "rooms": null, "building": null, "amenity": null, "name": null, "beds": null}},{"type": "Feature", "geometry": {"type":"Point","coordinates":[115.268874,-8.5148366]}, "properties": {"osm_id": 4118428322, "osm_type": "nodes", "opening_hours": null, "shop": null, "tourism": "guest_house", "rooms": null, "building": null, "amenity": null, "name": "Dani Homestay", "beds": null}},{"type": "Feature", "geometry": {"type":"Point","coordinates":[115.2672521,-8.5151709]}, "properties": {"osm_id": 7181577950, "osm_type": "nodes", "opening_hours": null, "shop": "massage", "tourism": null, "rooms": null, "building": null, "amenity": null, "name": "Ray Spa", "beds": null}},{"type": "Feature", "geometry": {"type":"Point","coordinates":[115.2656408,-8.5107041]}, "properties": {"osm_id": 5800021188, "osm_type": "nodes", "opening_hours": null, "shop": null, "tourism": null, "rooms": null, "building": null, "amenity": "restaurant", "name": "Warung Don Biu", "beds": null}},{"type": "Feature", "geometry": {"type":"Point","coordinates":[115.2641132,-8.5092801]}, "properties": {"osm_id": 3924761491, "osm_type": "nodes", "opening_hours": null, "shop": null, "tourism": null, "rooms": null, "building": null, "amenity": "restaurant", "name": "Take a Break", "beds": null}},{"type": "Feature", "geometry": {"type":"Point","coordinates":[115.2637276,-8.5094777]}, "properties": {"osm_id": 3948409880, "osm_type": "nodes", "opening_hours": null, "shop": null, "tourism": "guest_house", "rooms": null, "building": null, "amenity": null, "name": "Agung Cottage", "beds": null}},{"type": "Feature", "geometry": {"type":"Point","coordinates":[115.2631375,-8.5094549]}, "properties": {"osm_id": 3761416362, "osm_type": "nodes", "opening_hours": null, "shop": null, "tourism": "guest_house", "rooms": null, "building": null, "amenity": null, "name": "Raka House", "beds": null}},{"type": "Feature", "geometry": {"type":"Point","coordinates":[115.2623026,-8.5093882]}, "properties": {"osm_id": 3761416024, "osm_type": "nodes", "opening_hours": null, "shop": null, "tourism": "guest_house", "rooms": null, "building": null, "amenity": null, "name": "Purnama House", "beds": null}},{"type": "Feature", "geometry": {"type":"Point","coordinates":[115.2621267,-8.5093894]}, "properties": {"osm_id": 9963371617, "osm_type": "nodes", "opening_hours": null, "shop": null, "tourism": "hostel", "rooms": null, "building": null, "amenity": null, "name": "Poshtel Ubud", "beds": null}},{"type": "Feature", "geometry": {"type":"Point","coordinates":[115.2619422,-8.5094117]}, "properties": {"osm_id": 4295428391, "osm_type": "nodes", "opening_hours": null, "shop": null, "tourism": "hostel", "rooms": null, "building": null, "amenity": null, "name": "Jakung Hostel", "beds": null}},{"type": "Feature", "geometry": {"type":"Point","coordinates":[115.2617205,-8.5095209]}, "properties": {"osm_id": 3749215812, "osm_type": "nodes", "opening_hours": null, "shop": null, "tourism": "hostel", "rooms": null, "building": null, "amenity": null, "name": "Hostel Ubud", "beds": null}},{"type": "Feature", "geometry": {"type":"Point","coordinates":[115.2617633,-8.5095805]}, "properties": {"osm_id": 2570977051, "osm_type": "nodes", "opening_hours": null, "shop": null, "tourism": null, "rooms": null, "building": null, "amenity": "restaurant", "name": "Bamboo Café", "beds": null}},{"type": "Feature", "geometry": {"type":"Point","coordinates":[115.2630152,-8.5095634]}, "properties": {"osm_id": 3761416470, "osm_type": "nodes", "opening_hours": null, "shop": null, "tourism": "guest_house", "rooms": null, "building": null, "amenity": null, "name": "Budi's House", "beds": null}},{"type": "Feature", "geometry": {"type":"Point","coordinates":[115.2627011,-8.5096776]}, "properties": {"osm_id": 4368203389, "osm_type": "nodes", "opening_hours": "Mo-Su 10:00-22:00", "shop": "gift", "tourism": null, "rooms": null, "building": null, "amenity": null, "name": null, "beds": null}},{"type": "Feature", "geometry": {"type":"Point","coordinates":[115.2626469,-8.5096536]}, "properties": {"osm_id": 3761408146, "osm_type": "nodes", "opening_hours": null, "shop": null, "tourism": "guest_house", "rooms": null, "building": null, "amenity": null, "name": "Telaga Bungalows", "beds": null}},{"type": "Feature", "geometry": {"type":"Point","coordinates":[115.2616342,-8.5093158]}, "properties": {"osm_id": 2206289940, "osm_type": "nodes", "opening_hours": null, "shop": null, "tourism": null, "rooms": null, "building": null, "amenity": "restaurant", "name": "Ibu Rai", "beds": null}},{"type": "Feature", "geometry": {"type":"Point","coordinates":[115.2616021,-8.5091736]}, "properties": {"osm_id": 4368127195, "osm_type": "nodes", "opening_hours": "Mo-Su 10:00-22:00", "shop": "gift", "tourism": null, "rooms": null, "building": null, "amenity": null, "name": "KOU Cuisine", "beds": null}},{"type": "Feature", "geometry": {"type":"Point","coordinates":[115.2615362,-8.5090111]}, "properties": {"osm_id": 6720667633, "osm_type": "nodes", "opening_hours": null, "shop": null, "tourism": null, "rooms": null, "building": null, "amenity": "bar", "name": "Divya Bar", "beds": null}},{"type": "Feature", "geometry": {"type":"Point","coordinates":[115.2634167,-8.5087955]}, "properties": {"osm_id": 4087781090, "osm_type": "nodes", "opening_hours": null, "shop": null, "tourism": "guest_house", "rooms": "10", "building": null, "amenity": null, "name": "Nirvana Pension", "beds": null}},{"type": "Feature", "geometry": {"type":"Point","coordinates":[115.2623566,-8.5092718]}, "properties": {"osm_id": 5672795321, "osm_type": "nodes", "opening_hours": null, "shop": "clothes", "tourism": null, "rooms": null, "building": null, "amenity": null, "name": null, "beds": null}},{"type": "Feature", "geometry": {"type":"Point","coordinates":[115.2636268,-8.5091316]}, "properties": {"osm_id": 11735585376, "osm_type": "nodes", "opening_hours": null, "shop": null, "tourism": "guest_house", "rooms": null, "building": null, "amenity": null, "name": "Iman Homestay", "beds": null}},{"type": "Feature", "geometry": {"type":"Point","coordinates":[115.2641708,-8.5090985]}, "properties": {"osm_id": 3761412231, "osm_type": "nodes", "opening_hours": null, "shop": null, "tourism": null, "rooms": null, "building": null, "amenity": "restaurant", "name": "Buonasera Pizza", "beds": null}},{"type": "Feature", "geometry": {"type":"Point","coordinates":[115.2638785,-8.5091645]}, "properties": {"osm_id": 3285382465, "osm_type": "nodes", "opening_hours": null, "shop": null, "tourism": "guest_house", "rooms": null, "building": null, "amenity": null, "name": "Goutama Homestay", "beds": null}},{"type": "Feature", "geometry": {"type":"Point","coordinates":[115.2642831,-8.5092413]}, "properties": {"osm_id": 4744884421, "osm_type": "nodes", "opening_hours": null, "shop": null, "tourism": null, "rooms": null, "building": null, "amenity": "restaurant", "name": "Warung Biah Biah", "beds": null}},{"type": "Feature", "geometry": {"type":"Point","coordinates":[115.2642237,-8.5092132]}, "properties": {"osm_id": 3924761435, "osm_type": "nodes", "opening_hours": null, "shop": "tattoo", "tourism": null, "rooms": null, "building": null, "amenity": null, "name": "Golden Hand", "beds": null}},{"type": "Feature", "geometry": {"type":"Point","coordinates":[115.2650072,-8.5091332]}, "properties": {"osm_id": 2193683769, "osm_type": "nodes", "opening_hours": null, "shop": null, "tourism": null, "rooms": null, "building": null, "amenity": "fast_food", "name": "Sanak Masakan Padang", "beds": null}},{"type": "Feature", "geometry": {"type":"Point","coordinates":[115.264285,-8.5089101]}, "properties": {"osm_id": 3761412232, "osm_type": "nodes", "opening_hours": null, "shop": null, "tourism": "guest_house", "rooms": null, "building": null, "amenity": "restaurant", "name": "Shana Bungalows", "beds": null}},{"type": "Feature", "geometry": {"type":"Point","coordinates":[115.2638799,-8.508813]}, "properties": {"osm_id": 1911669532, "osm_type": "nodes", "opening_hours": null, "shop": null, "tourism": "guest_house", "rooms": null, "building": null, "amenity": null, "name": "Wena Homestay", "beds": null}},{"type": "Feature", "geometry": {"type":"Point","coordinates":[115.2643056,-8.508816]}, "properties": {"osm_id": 3761417045, "osm_type": "nodes", "opening_hours": "Mo-Su 08:00-22:00", "shop": null, "tourism": null, "rooms": null, "building": null, "amenity": "restaurant", "name": "Warung Lokal", "beds": null}},{"type": "Feature", "geometry": {"type":"Point","coordinates":[115.2651877,-8.5088791]}, "properties": {"osm_id": 6420542953, "osm_type": "nodes", "opening_hours": null, "shop": "pastry", "tourism": null, "rooms": null, "building": null, "amenity": null, "name": "Caramel Patisserie & cafe", "beds": null}},{"type": "Feature", "geometry": {"type":"Point","coordinates":[115.2643289,-8.5086181]}, "properties": {"osm_id": 3761417046, "osm_type": "nodes", "opening_hours": null, "shop": null, "tourism": null, "rooms": null, "building": null, "amenity": "restaurant", "name": "Pignon di Penyo", "beds": null}},{"type": "Feature", "geometry": {"type":"Point","coordinates":[115.2643312,-8.5085842]}, "properties": {"osm_id": 4441696189, "osm_type": "nodes", "opening_hours": null, "shop": null, "tourism": null, "rooms": null, "building": null, "amenity": "restaurant", "name": "Sambal Matah", "beds": null}},{"type": "Feature", "geometry": {"type":"Point","coordinates":[115.2642181,-8.5085994]}, "properties": {"osm_id": 4744884422, "osm_type": "nodes", "opening_hours": null, "shop": null, "tourism": null, "rooms": null, "building": null, "amenity": "restaurant", "name": "Raw Food & Tonic Bar", "beds": null}},{"type": "Feature", "geometry": {"type":"Point","coordinates":[115.2642306,-8.5087667]}, "properties": {"osm_id": 3761417057, "osm_type": "nodes", "opening_hours": null, "shop": null, "tourism": "guest_house", "rooms": null, "building": null, "amenity": null, "name": "Dapta Home Stay", "beds": null}},{"type": "Feature", "geometry": {"type":"Point","coordinates":[115.2627545,-8.5087161]}, "properties": {"osm_id": 3761415653, "osm_type": "nodes", "opening_hours": null, "shop": null, "tourism": null, "rooms": null, "building": null, "amenity": "cafe", "name": "Warung Lokal", "beds": null}},{"type": "Feature", "geometry": {"type":"Point","coordinates":[115.2627281,-8.5086209]}, "properties": {"osm_id": 2534967471, "osm_type": "nodes", "opening_hours": null, "shop": null, "tourism": "hotel", "rooms": null, "building": null, "amenity": null, "name": "Sania's house Bungalows", "beds": null}},{"type": "Feature", "geometry": {"type":"Point","coordinates":[115.2642874,-8.508313]}, "properties": {"osm_id": 7234686687, "osm_type": "nodes", "opening_hours": null, "shop": null, "tourism": null, "rooms": null, "building": null, "amenity": "cafe", "name": "Acar Queen", "beds": null}},{"type": "Feature", "geometry": {"type":"Point","coordinates":[115.2650401,-8.5080881]}, "properties": {"osm_id": 4265362189, "osm_type": "nodes", "opening_hours": null, "shop": null, "tourism": null, "rooms": null, "building": null, "amenity": "restaurant", "name": "dapur bunda", "beds": null}},{"type": "Feature", "geometry": {"type":"Point","coordinates":[115.2650625,-8.5081372]}, "properties": {"osm_id": 9572249711, "osm_type": "nodes", "opening_hours": null, "shop": null, "tourism": null, "rooms": null, "building": null, "amenity": "restaurant", "name": "Warung Binar", "beds": null}},{"type": "Feature", "geometry": {"type":"Point","coordinates":[115.2630008,-8.5080568]}, "properties": {"osm_id": 317207553, "osm_type": "nodes", "opening_hours": null, "shop": null, "tourism": "guest_house", "rooms": null, "building": null, "amenity": null, "name": "Sania's House", "beds": null}},{"type": "Feature", "geometry": {"type":"Point","coordinates":[115.2626045,-8.5097969]}, "properties": {"osm_id": 6712210042, "osm_type": "nodes", "opening_hours": "Mo-Su 13:00-20:00", "shop": null, "tourism": null, "rooms": null, "building": null, "amenity": "restaurant", "name": "Kyoka", "beds": null}},{"type": "Feature", "geometry": {"type":"Point","coordinates":[115.2629671,-8.5098904]}, "properties": {"osm_id": 2706601635, "osm_type": "nodes", "opening_hours": null, "shop": null, "tourism": null, "rooms": null, "building": null, "amenity": "bar", "name": "Mingle", "beds": null}},{"type": "Feature", "geometry": {"type":"Point","coordinates":[115.2632901,-8.5099574]}, "properties": {"osm_id": 3761412228, "osm_type": "nodes", "opening_hours": null, "shop": null, "tourism": null, "rooms": null, "building": null, "amenity": "restaurant", "name": "Batan Warung", "beds": null}},{"type": "Feature", "geometry": {"type":"Point","coordinates":[115.2640211,-8.5098905]}, "properties": {"osm_id": 3761415640, "osm_type": "nodes", "opening_hours": null, "shop": null, "tourism": "guest_house", "rooms": null, "building": null, "amenity": null, "name": "Kunyit House", "beds": null}},{"type": "Feature", "geometry": {"type":"Point","coordinates":[115.2649012,-8.5102031]}, "properties": {"osm_id": 4345449789, "osm_type": "nodes", "opening_hours": null, "shop": null, "tourism": null, "rooms": null, "building": null, "amenity": "cafe", "name": "Freak Coffee", "beds": null}},{"type": "Feature", "geometry": {"type":"Point","coordinates":[115.2639925,-8.510168]}, "properties": {"osm_id": 4327567189, "osm_type": "nodes", "opening_hours": null, "shop": "cosmetics", "tourism": null, "rooms": null, "building": null, "amenity": null, "name": "Skin", "beds": null}},{"type": "Feature", "geometry": {"type":"Point","coordinates":[115.2636855,-8.5102151]}, "properties": {"osm_id": 4274714891, "osm_type": "nodes", "opening_hours": null, "shop": null, "tourism": null, "rooms": null, "building": null, "amenity": "restaurant", "name": "Locavore", "beds": null}},{"type": "Feature", "geometry": {"type":"Point","coordinates":[115.2638394,-8.5102321]}, "properties": {"osm_id": 3761415639, "osm_type": "nodes", "opening_hours": null, "shop": null, "tourism": null, "rooms": null, "building": null, "amenity": "cafe", "name": "Balistar Coffee", "beds": null}},{"type": "Feature", "geometry": {"type":"Point","coordinates":[115.2634117,-8.5102505]}, "properties": {"osm_id": 5908009087, "osm_type": "nodes", "opening_hours": null, "shop": null, "tourism": null, "rooms": null, "building": null, "amenity": "restaurant", "name": null, "beds": null}},{"type": "Feature", "geometry": {"type":"Point","coordinates":[115.2632887,-8.5101298]}, "properties": {"osm_id": 5421490629, "osm_type": "nodes", "opening_hours": null, "shop": null, "tourism": null, "rooms": null, "building": null, "amenity": "restaurant", "name": "Pica", "beds": null}},{"type": "Feature", "geometry": {"type":"Point","coordinates":[115.262171,-8.5102112]}, "properties": {"osm_id": 2168262408, "osm_type": "nodes", "opening_hours": null, "shop": null, "tourism": null, "rooms": null, "building": null, "amenity": "pub", "name": "Shisha Lounge", "beds": null}},{"type": "Feature", "geometry": {"type":"Point","coordinates":[115.2629344,-8.5103144]}, "properties": {"osm_id": 2385574279, "osm_type": "nodes", "opening_hours": null, "shop": "department_store", "tourism": null, "rooms": null, "building": null, "amenity": null, "name": null, "beds": null}},{"type": "Feature", "geometry": {"type":"Point","coordinates":[115.263675,-8.5103161]}, "properties": {"osm_id": 3761416917, "osm_type": "nodes", "opening_hours": null, "shop": null, "tourism": null, "rooms": null, "building": null, "amenity": "restaurant", "name": "Warung Città Ovest", "beds": null}},{"type": "Feature", "geometry": {"type":"Point","coordinates":[115.2639296,-8.5103543]}, "properties": {"osm_id": 4274715790, "osm_type": "nodes", "opening_hours": null, "shop": null, "tourism": null, "rooms": null, "building": null, "amenity": "bar", "name": "The Night Rooster", "beds": null}},{"type": "Feature", "geometry": {"type":"Point","coordinates":[115.2615498,-8.5109091]}, "properties": {"osm_id": 5584192622, "osm_type": "nodes", "opening_hours": null, "shop": "massage", "tourism": null, "rooms": null, "building": null, "amenity": null, "name": "milano massage salon", "beds": null}},{"type": "Feature", "geometry": {"type":"Point","coordinates":[115.2645732,-8.5110901]}, "properties": {"osm_id": 3924760342, "osm_type": "nodes", "opening_hours": null, "shop": "clothes", "tourism": null, "rooms": null, "building": null, "amenity": null, "name": "Dunia", "beds": null}},{"type": "Feature", "geometry": {"type":"Point","coordinates":[115.2644579,-8.5111421]}, "properties": {"osm_id": 2385629767, "osm_type": "nodes", "opening_hours": null, "shop": null, "tourism": null, "rooms": null, "building": null, "amenity": "restaurant", "name": null, "beds": null}},{"type": "Feature", "geometry": {"type":"Point","coordinates":[115.2637565,-8.5113029]}, "properties": {"osm_id": 4478847389, "osm_type": "nodes", "opening_hours": null, "shop": null, "tourism": null, "rooms": null, "building": null, "amenity": "restaurant", "name": "Warung Nessa", "beds": null}},{"type": "Feature", "geometry": {"type":"Point","coordinates":[115.2650654,-8.5114924]}, "properties": {"osm_id": 6430320997, "osm_type": "nodes", "opening_hours": null, "shop": "massage", "tourism": null, "rooms": null, "building": null, "amenity": null, "name": "Widjane Massage & Spa", "beds": null}},{"type": "Feature", "geometry": {"type":"Point","coordinates":[115.2615753,-8.5114698]}, "properties": {"osm_id": 3115740567, "osm_type": "nodes", "opening_hours": null, "shop": null, "tourism": "hotel", "rooms": null, "building": null, "amenity": null, "name": "Cendana Resort & Spa", "beds": null}},{"type": "Feature", "geometry": {"type":"Point","coordinates":[115.2643277,-8.51188]}, "properties": {"osm_id": 4265483692, "osm_type": "nodes", "opening_hours": null, "shop": null, "tourism": null, "rooms": null, "building": null, "amenity": "restaurant", "name": "Warung Komang", "beds": null}},{"type": "Feature", "geometry": {"type":"Point","coordinates":[115.2639541,-8.5118052]}, "properties": {"osm_id": 4637408291, "osm_type": "nodes", "opening_hours": null, "shop": null, "tourism": null, "rooms": null, "building": null, "amenity": "restaurant", "name": "Kismet", "beds": null}},{"type": "Feature", "geometry": {"type":"Point","coordinates":[115.264339,-8.5085254]}, "properties": {"osm_id": 3532681414, "osm_type": "nodes", "opening_hours": null, "shop": null, "tourism": null, "rooms": null, "building": null, "amenity": "restaurant", "name": "Warung Siam", "beds": null}},{"type": "Feature", "geometry": {"type":"Point","coordinates":[115.265539,-8.5049064]}, "properties": {"osm_id": 3634804844, "osm_type": "nodes", "opening_hours": null, "shop": null, "tourism": "hotel", "rooms": null, "building": null, "amenity": null, "name": "KT Kuaya Home Stay", "beds": null}},{"type": "Feature", "geometry": {"type":"Point","coordinates":[115.2654992,-8.5049444]}, "properties": {"osm_id": 4254091689, "osm_type": "nodes", "opening_hours": null, "shop": null, "tourism": "guest_house", "rooms": null, "building": null, "amenity": null, "name": "Duana's Homestay", "beds": null}},{"type": "Feature", "geometry": {"type":"Point","coordinates":[115.2655214,-8.5051856]}, "properties": {"osm_id": 4248029208, "osm_type": "nodes", "opening_hours": null, "shop": null, "tourism": "guest_house", "rooms": null, "building": null, "amenity": null, "name": "Shindu Homestay", "beds": null}},{"type": "Feature", "geometry": {"type":"Point","coordinates":[115.2617525,-8.5052673]}, "properties": {"osm_id": 3761412242, "osm_type": "nodes", "opening_hours": null, "shop": null, "tourism": "gallery", "rooms": null, "building": null, "amenity": null, "name": "Han Snel", "beds": null}},{"type": "Feature", "geometry": {"type":"Point","coordinates":[115.2619552,-8.5054778]}, "properties": {"osm_id": 3761412240, "osm_type": "nodes", "opening_hours": null, "shop": null, "tourism": "guest_house", "rooms": null, "building": null, "amenity": null, "name": "A. Oka & Rai Home Stay", "beds": null}},{"type": "Feature", "geometry": {"type":"Point","coordinates":[115.2620182,-8.5055043]}, "properties": {"osm_id": 3761417059, "osm_type": "nodes", "opening_hours": null, "shop": null, "tourism": "guest_house", "rooms": null, "building": null, "amenity": null, "name": "Agung Home Stay", "beds": null}},{"type": "Feature", "geometry": {"type":"Point","coordinates":[115.2623243,-8.5074664]}, "properties": {"osm_id": 6869906276, "osm_type": "nodes", "opening_hours": null, "shop": "art", "tourism": null, "rooms": null, "building": null, "amenity": null, "name": null, "beds": null}},{"type": "Feature", "geometry": {"type":"Point","coordinates":[115.2618539,-8.5074548]}, "properties": {"osm_id": 4053957414, "osm_type": "nodes", "opening_hours": null, "shop": null, "tourism": null, "rooms": null, "building": null, "amenity": "restaurant", "name": "Arimas Warung", "beds": null}},{"type": "Feature", "geometry": {"type":"Point","coordinates":[115.2621017,-8.5075372]}, "properties": {"osm_id": 6200008631, "osm_type": "nodes", "opening_hours": "Mo-Su 10:00-23:00", "shop": null, "tourism": null, "rooms": null, "building": null, "amenity": "restaurant", "name": "Tropical Bali Restaurant", "beds": null}},{"type": "Feature", "geometry": {"type":"Point","coordinates":[115.2617338,-8.5075514]}, "properties": {"osm_id": 4228662893, "osm_type": "nodes", "opening_hours": null, "shop": null, "tourism": null, "rooms": null, "building": null, "amenity": "restaurant", "name": "Pulu Sari Warung", "beds": null}},{"type": "Feature", "geometry": {"type":"Point","coordinates":[115.2621577,-8.5077084]}, "properties": {"osm_id": 9945563918, "osm_type": "nodes", "opening_hours": null, "shop": "gift", "tourism": null, "rooms": null, "building": null, "amenity": null, "name": "boui boui street", "beds": null}},{"type": "Feature", "geometry": {"type":"Point","coordinates":[115.2629529,-8.5076538]}, "properties": {"osm_id": 5567961423, "osm_type": "nodes", "opening_hours": null, "shop": null, "tourism": null, "rooms": null, "building": null, "amenity": "cafe", "name": "Downtown Ubud Coffee&Gelato", "beds": null}},{"type": "Feature", "geometry": {"type":"Point","coordinates":[115.2639774,-8.5076599]}, "properties": {"osm_id": 5209405921, "osm_type": "nodes", "opening_hours": "Mo-Su 07:00-20:00", "shop": null, "tourism": null, "rooms": null, "building": null, "amenity": "restaurant", "name": "Simply Social", "beds": null}},{"type": "Feature", "geometry": {"type":"Point","coordinates":[115.2640515,-8.507645]}, "properties": {"osm_id": 3761416514, "osm_type": "nodes", "opening_hours": null, "shop": null, "tourism": null, "rooms": null, "building": null, "amenity": null, "name": "H.I.S. Travel Agency", "beds": null}},{"type": "Feature", "geometry": {"type":"Point","coordinates":[115.2641342,-8.5077887]}, "properties": {"osm_id": 4364031991, "osm_type": "nodes", "opening_hours": null, "shop": null, "tourism": "information", "rooms": null, "building": null, "amenity": null, "name": null, "beds": null}},{"type": "Feature", "geometry": {"type":"Point","coordinates":[115.2644977,-8.5077569]}, "properties": {"osm_id": 6950506887, "osm_type": "nodes", "opening_hours": null, "shop": "clothes", "tourism": null, "rooms": null, "building": null, "amenity": null, "name": "Manik Bali", "beds": null}},{"type": "Feature", "geometry": {"type":"Point","coordinates":[115.2651023,-8.5074761]}, "properties": {"osm_id": 6426930185, "osm_type": "nodes", "opening_hours": null, "shop": "laundry", "tourism": null, "rooms": null, "building": null, "amenity": null, "name": null, "beds": null}},{"type": "Feature", "geometry": {"type":"Point","coordinates":[115.2641819,-8.5075674]}, "properties": {"osm_id": 4231041589, "osm_type": "nodes", "opening_hours": null, "shop": "clothes", "tourism": null, "rooms": null, "building": null, "amenity": null, "name": "Suen Noaj", "beds": null}},{"type": "Feature", "geometry": {"type":"Point","coordinates":[115.2638307,-8.5074135]}, "properties": {"osm_id": 5047603812, "osm_type": "nodes", "opening_hours": null, "shop": null, "tourism": null, "rooms": null, "building": null, "amenity": "restaurant", "name": "Gedong Sisi", "beds": null}},{"type": "Feature", "geometry": {"type":"Point","coordinates":[115.2637779,-8.5073451]}, "properties": {"osm_id": 4852990522, "osm_type": "nodes", "opening_hours": null, "shop": "confectionery", "tourism": null, "rooms": null, "building": null, "amenity": "fast_food", "name": "Dairy Queen", "beds": null}},{"type": "Feature", "geometry": {"type":"Point","coordinates":[115.2651647,-8.5073734]}, "properties": {"osm_id": 3761412234, "osm_type": "nodes", "opening_hours": null, "shop": null, "tourism": null, "rooms": null, "building": null, "amenity": "restaurant", "name": "Fair Warung Balé", "beds": null}},{"type": "Feature", "geometry": {"type":"Point","coordinates":[115.2624318,-8.5072023]}, "properties": {"osm_id": 6869931041, "osm_type": "nodes", "opening_hours": null, "shop": "clothes", "tourism": null, "rooms": null, "building": null, "amenity": null, "name": null, "beds": null}},{"type": "Feature", "geometry": {"type":"Point","coordinates":[115.2634988,-8.5071966]}, "properties": {"osm_id": 949589728, "osm_type": "nodes", "opening_hours": null, "shop": null, "tourism": null, "rooms": null, "building": null, "amenity": "restaurant", "name": "BB's Restaurant", "beds": null}},{"type": "Feature", "geometry": {"type":"Point","coordinates":[115.262364,-8.5068846]}, "properties": {"osm_id": 4270700091, "osm_type": "nodes", "opening_hours": null, "shop": null, "tourism": null, "rooms": null, "building": null, "amenity": "restaurant", "name": "Arang Sate Bar", "beds": null}},{"type": "Feature", "geometry": {"type":"Point","coordinates":[115.2653978,-8.5065451]}, "properties": {"osm_id": 4223231990, "osm_type": "nodes", "opening_hours": null, "shop": null, "tourism": "guest_house", "rooms": null, "building": null, "amenity": null, "name": "Loris Homestay", "beds": null}},{"type": "Feature", "geometry": {"type":"Point","coordinates":[115.2624638,-8.5063808]}, "properties": {"osm_id": 4135937891, "osm_type": "nodes", "opening_hours": null, "shop": null, "tourism": null, "rooms": null, "building": null, "amenity": "restaurant", "name": "Bebek Ubud", "beds": null}},{"type": "Feature", "geometry": {"type":"Point","coordinates":[115.2623623,-8.5064033]}, "properties": {"osm_id": 949591083, "osm_type": "nodes", "opening_hours": null, "shop": "general", "tourism": null, "rooms": null, "building": null, "amenity": null, "name": "Geger", "beds": null}},{"type": "Feature", "geometry": {"type":"Point","coordinates":[115.2624038,-8.5064771]}, "properties": {"osm_id": 4135957789, "osm_type": "nodes", "opening_hours": null, "shop": null, "tourism": null, "rooms": null, "building": null, "amenity": "restaurant", "name": "Warung Babi Guling Ibu Oka 1", "beds": null}},{"type": "Feature", "geometry": {"type":"Point","coordinates":[115.2615394,-8.5065385]}, "properties": {"osm_id": 5047604996, "osm_type": "nodes", "opening_hours": null, "shop": null, "tourism": null, "rooms": null, "building": null, "amenity": "restaurant", "name": "The Legend Cafe", "beds": null}},{"type": "Feature", "geometry": {"type":"Point","coordinates":[115.2626359,-8.5060856]}, "properties": {"osm_id": 7013871888, "osm_type": "nodes", "opening_hours": null, "shop": null, "tourism": null, "rooms": null, "building": null, "amenity": "restaurant", "name": null, "beds": null}},{"type": "Feature", "geometry": {"type":"Point","coordinates":[115.2624791,-8.5060479]}, "properties": {"osm_id": 2460471128, "osm_type": "nodes", "opening_hours": null, "shop": null, "tourism": null, "rooms": null, "building": null, "amenity": "cafe", "name": "Eclipse Cafe", "beds": null}},{"type": "Feature", "geometry": {"type":"Point","coordinates":[115.2617653,-8.5060392]}, "properties": {"osm_id": 3761415654, "osm_type": "nodes", "opening_hours": null, "shop": "massage", "tourism": null, "rooms": null, "building": null, "amenity": null, "name": "Pradha", "beds": null}},{"type": "Feature", "geometry": {"type":"Point","coordinates":[115.2657014,-8.5052242]}, "properties": {"osm_id": 4223026989, "osm_type": "nodes", "opening_hours": null, "shop": null, "tourism": "hotel", "rooms": null, "building": null, "amenity": null, "name": "Samtun Homestay", "beds": null}},{"type": "Feature", "geometry": {"type":"Point","coordinates":[115.2647674,-8.5078741]}, "properties": {"osm_id": 2460471129, "osm_type": "nodes", "opening_hours": null, "shop": null, "tourism": null, "rooms": null, "building": null, "amenity": "cafe", "name": "Gelato Secrets", "beds": null}},{"type": "Feature", "geometry": {"type":"Point","coordinates":[115.2620962,-8.4860856]}, "properties": {"osm_id": 11938546331, "osm_type": "nodes", "opening_hours": null, "shop": "jewelry", "tourism": null, "rooms": null, "building": null, "amenity": null, "name": "Ramae Gold & Silver Smith", "beds": null}},{"type": "Feature", "geometry": {"type":"Point","coordinates":[115.2616351,-8.5134872]}, "properties": {"osm_id": 5321247021, "osm_type": "nodes", "opening_hours": null, "shop": null, "tourism": "hotel", "rooms": null, "building": null, "amenity": null, "name": "Rice paddy bungalow", "beds": null}},{"type": "Feature", "geometry": {"type":"Point","coordinates":[115.2615919,-8.5134474]}, "properties": {"osm_id": 3495292869, "osm_type": "nodes", "opening_hours": null, "shop": null, "tourism": "hotel", "rooms": null, "building": null, "amenity": null, "name": "Nani House 2", "beds": null}},{"type": "Feature", "geometry": {"type":"Point","coordinates":[115.2620481,-8.5133962]}, "properties": {"osm_id": 5779353055, "osm_type": "nodes", "opening_hours": null, "shop": null, "tourism": "hotel", "rooms": null, "building": null, "amenity": null, "name": "Lestari Bungalows", "beds": null}},{"type": "Feature", "geometry": {"type":"Point","coordinates":[115.2645061,-8.5134602]}, "properties": {"osm_id": 4857350822, "osm_type": "nodes", "opening_hours": null, "shop": null, "tourism": null, "rooms": null, "building": null, "amenity": "cafe", "name": null, "beds": null}},{"type": "Feature", "geometry": {"type":"Point","coordinates":[115.2652411,-8.5133965]}, "properties": {"osm_id": 4345912690, "osm_type": "nodes", "opening_hours": null, "shop": null, "tourism": null, "rooms": null, "building": null, "amenity": "restaurant", "name": "Warung Sopa", "beds": null}},{"type": "Feature", "geometry": {"type":"Point","coordinates":[115.264166,-8.5129482]}, "properties": {"osm_id": 3761416517, "osm_type": "nodes", "opening_hours": null, "shop": "supermarket", "tourism": null, "rooms": null, "building": null, "amenity": null, "name": "Delta Dewata", "beds": null}},{"type": "Feature", "geometry": {"type":"Point","coordinates":[115.2642874,-8.5130878]}, "properties": {"osm_id": 5326045321, "osm_type": "nodes", "opening_hours": null, "shop": "jewelry", "tourism": null, "rooms": null, "building": null, "amenity": null, "name": null, "beds": null}},{"type": "Feature", "geometry": {"type":"Point","coordinates":[115.2618903,-8.5131064]}, "properties": {"osm_id": 3142400723, "osm_type": "nodes", "opening_hours": null, "shop": null, "tourism": "guest_house", "rooms": null, "building": null, "amenity": null, "name": "Bayu Guest House", "beds": null}},{"type": "Feature", "geometry": {"type":"Point","coordinates":[115.2633145,-8.5127812]}, "properties": {"osm_id": 4345723990, "osm_type": "nodes", "opening_hours": null, "shop": null, "tourism": "hotel", "rooms": null, "building": null, "amenity": null, "name": "Jati Home Stay", "beds": null}},{"type": "Feature", "geometry": {"type":"Point","coordinates":[115.2644242,-8.5125795]}, "properties": {"osm_id": 4162740790, "osm_type": "nodes", "opening_hours": null, "shop": null, "tourism": null, "rooms": null, "building": null, "amenity": "restaurant", "name": "Atman Kafe", "beds": null}},{"type": "Feature", "geometry": {"type":"Point","coordinates":[115.2653734,-8.5124039]}, "properties": {"osm_id": 3213881251, "osm_type": "nodes", "opening_hours": null, "shop": null, "tourism": null, "rooms": null, "building": null, "amenity": "restaurant", "name": "Dayu's Warung", "beds": null}},{"type": "Feature", "geometry": {"type":"Point","coordinates":[115.2653961,-8.5123127]}, "properties": {"osm_id": 5030541022, "osm_type": "nodes", "opening_hours": null, "shop": null, "tourism": null, "rooms": null, "building": null, "amenity": "restaurant", "name": "Mie Bakso", "beds": null}},{"type": "Feature", "geometry": {"type":"Point","coordinates":[115.2641349,-8.5124207]}, "properties": {"osm_id": 4409215089, "osm_type": "nodes", "opening_hours": null, "shop": null, "tourism": "guest_house", "rooms": null, "building": null, "amenity": null, "name": null, "beds": null}},{"type": "Feature", "geometry": {"type":"Point","coordinates":[115.2637131,-8.5155267]}, "properties": {"osm_id": 5422078822, "osm_type": "nodes", "opening_hours": "Mo-Su 07:00-21:00", "shop": null, "tourism": null, "rooms": null, "building": null, "amenity": "restaurant", "name": "Artini warung", "beds": null}},{"type": "Feature", "geometry": {"type":"Point","coordinates":[115.2642871,-8.5155624]}, "properties": {"osm_id": 5801333920, "osm_type": "nodes", "opening_hours": null, "shop": null, "tourism": "guest_house", "rooms": null, "building": null, "amenity": null, "name": "Warini Bungalows", "beds": null}},{"type": "Feature", "geometry": {"type":"Point","coordinates":[115.2637442,-8.5153925]}, "properties": {"osm_id": 3925161586, "osm_type": "nodes", "opening_hours": null, "shop": null, "tourism": null, "rooms": null, "building": null, "amenity": "restaurant", "name": "Veggie Table", "beds": null}},{"type": "Feature", "geometry": {"type":"Point","coordinates":[115.2631649,-8.5151252]}, "properties": {"osm_id": 5817537683, "osm_type": "nodes", "opening_hours": null, "shop": null, "tourism": "hotel", "rooms": null, "building": null, "amenity": null, "name": "Raditia Homestay", "beds": null}},{"type": "Feature", "geometry": {"type":"Point","coordinates":[115.2639862,-8.5149291]}, "properties": {"osm_id": 4917804921, "osm_type": "nodes", "opening_hours": null, "shop": null, "tourism": null, "rooms": null, "building": null, "amenity": "cafe", "name": "Warung Kopi", "beds": null}},{"type": "Feature", "geometry": {"type":"Point","coordinates":[115.2636875,-8.5148691]}, "properties": {"osm_id": 317207548, "osm_type": "nodes", "opening_hours": null, "shop": null, "tourism": "hotel", "rooms": null, "building": null, "amenity": null, "name": "Artini 2", "beds": null}},{"type": "Feature", "geometry": {"type":"Point","coordinates":[115.2637609,-8.5139493]}, "properties": {"osm_id": 10781116805, "osm_type": "nodes", "opening_hours": null, "shop": null, "tourism": "guest_house", "rooms": null, "building": null, "amenity": null, "name": "Dana Sari", "beds": null}},{"type": "Feature", "geometry": {"type":"Point","coordinates":[115.264149,-8.5137013]}, "properties": {"osm_id": 4699548700, "osm_type": "nodes", "opening_hours": null, "shop": null, "tourism": null, "rooms": null, "building": null, "amenity": "restaurant", "name": "Kebun", "beds": null}},{"type": "Feature", "geometry": {"type":"Point","coordinates":[115.2633499,-8.5137951]}, "properties": {"osm_id": 3737037450, "osm_type": "nodes", "opening_hours": null, "shop": null, "tourism": "hotel", "rooms": null, "building": null, "amenity": null, "name": "Ganesha Inn", "beds": null}},{"type": "Feature", "geometry": {"type":"Point","coordinates":[115.2649624,-8.5158265]}, "properties": {"osm_id": 2953988961, "osm_type": "nodes", "opening_hours": null, "shop": null, "tourism": "guest_house", "rooms": null, "building": null, "amenity": null, "name": "Pande Home Stay", "beds": null}},{"type": "Feature", "geometry": {"type":"Point","coordinates":[115.2646011,-8.5158474]}, "properties": {"osm_id": 2953993728, "osm_type": "nodes", "opening_hours": null, "shop": null, "tourism": "guest_house", "rooms": null, "building": null, "amenity": null, "name": "Adi House", "beds": null}},{"type": "Feature", "geometry": {"type":"Point","coordinates":[115.2638713,-8.5158078]}, "properties": {"osm_id": 4877811621, "osm_type": "nodes", "opening_hours": null, "shop": null, "tourism": "guest_house", "rooms": null, "building": null, "amenity": null, "name": "Three ayu", "beds": null}},{"type": "Feature", "geometry": {"type":"Point","coordinates":[115.2637658,-8.5159939]}, "properties": {"osm_id": 4721433706, "osm_type": "nodes", "opening_hours": null, "shop": null, "tourism": "guest_house", "rooms": null, "building": null, "amenity": null, "name": "Astiti", "beds": null}},{"type": "Feature", "geometry": {"type":"Point","coordinates":[115.2621501,-8.5160933]}, "properties": {"osm_id": 5549178622, "osm_type": "nodes", "opening_hours": null, "shop": null, "tourism": "guest_house", "rooms": null, "building": null, "amenity": null, "name": "Den Den Mushi Homestay", "beds": null}},{"type": "Feature", "geometry": {"type":"Point","coordinates":[115.2622166,-8.5162244]}, "properties": {"osm_id": 5165574121, "osm_type": "nodes", "opening_hours": null, "shop": null, "tourism": "guest_house", "rooms": null, "building": null, "amenity": null, "name": "Sunshine Vintage House", "beds": null}},{"type": "Feature", "geometry": {"type":"Point","coordinates":[115.2654373,-8.516438]}, "properties": {"osm_id": 9974340234, "osm_type": "nodes", "opening_hours": "09:00-18:00", "shop": null, "tourism": null, "rooms": null, "building": null, "amenity": "restaurant", "name": "Flock", "beds": null}},{"type": "Feature", "geometry": {"type":"Point","coordinates":[115.2632673,-8.5165255]}, "properties": {"osm_id": 1726069190, "osm_type": "nodes", "opening_hours": null, "shop": "hairdresser", "tourism": null, "rooms": null, "building": null, "amenity": null, "name": null, "beds": null}},{"type": "Feature", "geometry": {"type":"Point","coordinates":[115.2633936,-8.5164059]}, "properties": {"osm_id": 4959796930, "osm_type": "nodes", "opening_hours": null, "shop": null, "tourism": "guest_house", "rooms": null, "building": null, "amenity": null, "name": "The Jero Ubud", "beds": null}},{"type": "Feature", "geometry": {"type":"Point","coordinates":[115.2618949,-8.5165186]}, "properties": {"osm_id": 4226056693, "osm_type": "nodes", "opening_hours": null, "shop": null, "tourism": "hotel", "rooms": null, "building": null, "amenity": null, "name": "blu mango", "beds": null}},{"type": "Feature", "geometry": {"type":"Point","coordinates":[115.2623297,-8.516521]}, "properties": {"osm_id": 4249755792, "osm_type": "nodes", "opening_hours": null, "shop": null, "tourism": "hotel", "rooms": null, "building": null, "amenity": null, "name": "Bucu Guest House", "beds": null}},{"type": "Feature", "geometry": {"type":"Point","coordinates":[115.2627831,-8.5166828]}, "properties": {"osm_id": 2879327633, "osm_type": "nodes", "opening_hours": null, "shop": null, "tourism": "guest_house", "rooms": null, "building": null, "amenity": null, "name": "Angga Homestay", "beds": null}},{"type": "Feature", "geometry": {"type":"Point","coordinates":[115.2642254,-8.5168396]}, "properties": {"osm_id": 9039626117, "osm_type": "nodes", "opening_hours": "Tu-Sa 10:00-21:00", "shop": null, "tourism": null, "rooms": null, "building": null, "amenity": "restaurant", "name": "Double Fat Café", "beds": null}},{"type": "Feature", "geometry": {"type":"Point","coordinates":[115.2639,-8.5169311]}, "properties": {"osm_id": 4207798596, "osm_type": "nodes", "opening_hours": null, "shop": null, "tourism": null, "rooms": null, "building": null, "amenity": "cafe", "name": "Tamarilo", "beds": null}},{"type": "Feature", "geometry": {"type":"Point","coordinates":[115.2644853,-8.5170222]}, "properties": {"osm_id": 1347365544, "osm_type": "nodes", "opening_hours": null, "shop": null, "tourism": "hotel", "rooms": null, "building": null, "amenity": null, "name": "Biyukukung Suites & Spa", "beds": null}},{"type": "Feature", "geometry": {"type":"Point","coordinates":[115.2635241,-8.5172509]}, "properties": {"osm_id": 3925144636, "osm_type": "nodes", "opening_hours": null, "shop": "tattoo", "tourism": null, "rooms": null, "building": null, "amenity": null, "name": "Bali Bagus", "beds": null}},{"type": "Feature", "geometry": {"type":"Point","coordinates":[115.2637549,-8.5173012]}, "properties": {"osm_id": 3925135059, "osm_type": "nodes", "opening_hours": "Mo-Su 07:00-21:00", "shop": null, "tourism": null, "rooms": null, "building": null, "amenity": "cafe", "name": "Monsieur Spoon", "beds": null}},{"type": "Feature", "geometry": {"type":"Point","coordinates":[115.2637368,-8.5174056]}, "properties": {"osm_id": 10082319717, "osm_type": "nodes", "opening_hours": "Mo-Su 10:00-19:00", "shop": "gift", "tourism": null, "rooms": null, "building": null, "amenity": null, "name": "PLAYROOM", "beds": null}},{"type": "Feature", "geometry": {"type":"Point","coordinates":[115.2631824,-8.519103]}, "properties": {"osm_id": 5419607077, "osm_type": "nodes", "opening_hours": null, "shop": null, "tourism": null, "rooms": null, "building": null, "amenity": "bar", "name": "Terasi", "beds": null}},{"type": "Feature", "geometry": {"type":"Point","coordinates":[115.2634407,-8.5188652]}, "properties": {"osm_id": 10832456105, "osm_type": "nodes", "opening_hours": null, "shop": null, "tourism": "hotel", "rooms": null, "building": null, "amenity": null, "name": "sahadewa resort spa", "beds": null}},{"type": "Feature", "geometry": {"type":"Point","coordinates":[115.2632203,-8.5181027]}, "properties": {"osm_id": 3093644384, "osm_type": "nodes", "opening_hours": null, "shop": null, "tourism": null, "rooms": null, "building": null, "amenity": "restaurant", "name": "Indochine", "beds": null}},{"type": "Feature", "geometry": {"type":"Point","coordinates":[115.2623725,-8.5183378]}, "properties": {"osm_id": 4451017009, "osm_type": "nodes", "opening_hours": null, "shop": null, "tourism": null, "rooms": null, "building": null, "amenity": "cafe", "name": "Monkey Cave Espresso", "beds": null}},{"type": "Feature", "geometry": {"type":"Point","coordinates":[115.2636592,-8.5185229]}, "properties": {"osm_id": 2995762679, "osm_type": "nodes", "opening_hours": null, "shop": null, "tourism": "hotel", "rooms": null, "building": null, "amenity": null, "name": "Alaya Resort Ubud", "beds": null}},{"type": "Feature", "geometry": {"type":"Point","coordinates":[115.2632778,-8.5177485]}, "properties": {"osm_id": 5476900723, "osm_type": "nodes", "opening_hours": "Mo-Su 11:00-23:00", "shop": null, "tourism": null, "rooms": null, "building": null, "amenity": "restaurant", "name": "Sawodilla Sawobali", "beds": null}},{"type": "Feature", "geometry": {"type":"Point","coordinates":[115.2632801,-8.5177667]}, "properties": {"osm_id": 3927188266, "osm_type": "nodes", "opening_hours": null, "shop": null, "tourism": null, "rooms": null, "building": null, "amenity": "cafe", "name": "Sawobali", "beds": null}},{"type": "Feature", "geometry": {"type":"Point","coordinates":[115.2632943,-8.5178835]}, "properties": {"osm_id": 4170841889, "osm_type": "nodes", "opening_hours": null, "shop": null, "tourism": "hotel", "rooms": null, "building": null, "amenity": null, "name": "Puri Dalem", "beds": null}},{"type": "Feature", "geometry": {"type":"Point","coordinates":[115.2633265,-8.5183474]}, "properties": {"osm_id": 5419607575, "osm_type": "nodes", "opening_hours": null, "shop": null, "tourism": null, "rooms": null, "building": null, "amenity": null, "name": null, "beds": null}},{"type": "Feature", "geometry": {"type":"Point","coordinates":[115.2618266,-8.5181361]}, "properties": {"osm_id": 6720463923, "osm_type": "nodes", "opening_hours": null, "shop": "massage", "tourism": null, "rooms": null, "building": null, "amenity": null, "name": "Genuine Spa", "beds": null}},{"type": "Feature", "geometry": {"type":"Point","coordinates":[115.282282,-8.4752048]}, "properties": {"osm_id": 6744476320, "osm_type": "nodes", "opening_hours": null, "shop": null, "tourism": "hotel", "rooms": null, "building": null, "amenity": null, "name": "BeingSattvaa Retreat", "beds": null}},{"type": "Feature", "geometry": {"type":"Point","coordinates":[115.2846791,-8.4718157]}, "properties": {"osm_id": 4226771608, "osm_type": "nodes", "opening_hours": null, "shop": null, "tourism": "guest_house", "rooms": null, "building": null, "amenity": null, "name": "Tri Upasedana House", "beds": null}},{"type": "Feature", "geometry": {"type":"Point","coordinates":[115.2608692,-8.4711689]}, "properties": {"osm_id": 4798690761, "osm_type": "nodes", "opening_hours": null, "shop": null, "tourism": "hotel", "rooms": "3", "building": null, "amenity": null, "name": "Villa Bali VIllage", "beds": null}},{"type": "Feature", "geometry": {"type":"Point","coordinates":[115.2606447,-8.4745082]}, "properties": {"osm_id": 9144797654, "osm_type": "nodes", "opening_hours": null, "shop": null, "tourism": "guest_house", "rooms": null, "building": null, "amenity": null, "name": "Umah Shanti Villa", "beds": null}},{"type": "Feature", "geometry": {"type":"Point","coordinates":[115.2639449,-8.472897]}, "properties": {"osm_id": 4227780990, "osm_type": "nodes", "opening_hours": null, "shop": null, "tourism": "hotel", "rooms": null, "building": null, "amenity": null, "name": "Pajar House Ubud", "beds": null}},{"type": "Feature", "geometry": {"type":"Point","coordinates":[115.2779209,-8.4735879]}, "properties": {"osm_id": 9943947018, "osm_type": "nodes", "opening_hours": null, "shop": "furniture", "tourism": null, "rooms": null, "building": null, "amenity": null, "name": "Hand made", "beds": null}},{"type": "Feature", "geometry": {"type":"Point","coordinates":[115.2764608,-8.4752691]}, "properties": {"osm_id": 2883393179, "osm_type": "nodes", "opening_hours": null, "shop": "ticket", "tourism": null, "rooms": null, "building": null, "amenity": null, "name": null, "beds": null}},{"type": "Feature", "geometry": {"type":"Point","coordinates":[115.2764797,-8.4760441]}, "properties": {"osm_id": 3448132593, "osm_type": "nodes", "opening_hours": null, "shop": null, "tourism": "guest_house", "rooms": null, "building": null, "amenity": null, "name": "Villa Jiwa", "beds": null}},{"type": "Feature", "geometry": {"type":"Point","coordinates":[115.2808695,-8.4761908]}, "properties": {"osm_id": 4018078135, "osm_type": "nodes", "opening_hours": null, "shop": null, "tourism": "hotel", "rooms": null, "building": null, "amenity": null, "name": "The Kayon Resort", "beds": null}},{"type": "Feature", "geometry": {"type":"Point","coordinates":[115.2689935,-8.4756162]}, "properties": {"osm_id": 5261505322, "osm_type": "nodes", "opening_hours": null, "shop": null, "tourism": "guest_house", "rooms": "3", "building": null, "amenity": null, "name": "Padi Ubud Guesthouse", "beds": null}},{"type": "Feature", "geometry": {"type":"Point","coordinates":[115.2634272,-8.4749545]}, "properties": {"osm_id": 3523493693, "osm_type": "nodes", "opening_hours": null, "shop": null, "tourism": "hotel", "rooms": null, "building": null, "amenity": null, "name": "Graha Moding Villas", "beds": null}},{"type": "Feature", "geometry": {"type":"Point","coordinates":[115.2599212,-8.4773733]}, "properties": {"osm_id": 2313935857, "osm_type": "nodes", "opening_hours": null, "shop": null, "tourism": "hotel", "rooms": null, "building": null, "amenity": null, "name": null, "beds": null}},{"type": "Feature", "geometry": {"type":"Point","coordinates":[115.2637413,-8.478302]}, "properties": {"osm_id": 5419436761, "osm_type": "nodes", "opening_hours": null, "shop": null, "tourism": null, "rooms": null, "building": null, "amenity": "cafe", "name": "Pengkolan", "beds": null}},{"type": "Feature", "geometry": {"type":"Point","coordinates":[115.2648236,-8.4791442]}, "properties": {"osm_id": 5488809412, "osm_type": "nodes", "opening_hours": "Mo-Sa 11:00-21:00", "shop": null, "tourism": null, "rooms": null, "building": null, "amenity": "restaurant", "name": "Cafe Bintang Bali", "beds": null}},{"type": "Feature", "geometry": {"type":"Point","coordinates":[115.2708009,-8.4791597]}, "properties": {"osm_id": 4127516689, "osm_type": "nodes", "opening_hours": null, "shop": null, "tourism": "hotel", "rooms": null, "building": null, "amenity": null, "name": "Junjungan Ubud Hotel and Spa", "beds": null}},{"type": "Feature", "geometry": {"type":"Point","coordinates":[115.2683535,-8.4800247]}, "properties": {"osm_id": 9097353917, "osm_type": "nodes", "opening_hours": "Tu-Su 13:00-21:00", "shop": null, "tourism": null, "rooms": null, "building": null, "amenity": "restaurant", "name": "Tulen", "beds": null}},{"type": "Feature", "geometry": {"type":"Point","coordinates":[115.2765071,-8.4796379]}, "properties": {"osm_id": 2206289151, "osm_type": "nodes", "opening_hours": null, "shop": null, "tourism": null, "rooms": null, "building": null, "amenity": "restaurant", "name": "Kokokan Warung, viewpoint for Herons", "beds": null}},{"type": "Feature", "geometry": {"type":"Point","coordinates":[115.2786677,-8.4792398]}, "properties": {"osm_id": 8741354118, "osm_type": "nodes", "opening_hours": null, "shop": "clothes", "tourism": null, "rooms": null, "building": null, "amenity": null, "name": null, "beds": null}},{"type": "Feature", "geometry": {"type":"Point","coordinates":[115.2788273,-8.4785014]}, "properties": {"osm_id": 9943960717, "osm_type": "nodes", "opening_hours": null, "shop": "furniture", "tourism": null, "rooms": null, "building": null, "amenity": null, "name": "Pinti daiktai", "beds": null}},{"type": "Feature", "geometry": {"type":"Point","coordinates":[115.2711643,-8.4770433]}, "properties": {"osm_id": 9144797646, "osm_type": "nodes", "opening_hours": null, "shop": null, "tourism": "guest_house", "rooms": null, "building": null, "amenity": null, "name": "Vila Jiwa", "beds": null}},{"type": "Feature", "geometry": {"type":"Point","coordinates":[115.2785103,-8.476824]}, "properties": {"osm_id": 5433218304, "osm_type": "nodes", "opening_hours": null, "shop": "paint", "tourism": null, "rooms": null, "building": null, "amenity": null, "name": "UD Putri Gandhi Witama", "beds": null}},{"type": "Feature", "geometry": {"type":"Point","coordinates":[115.2674465,-8.4840088]}, "properties": {"osm_id": 10225138918, "osm_type": "nodes", "opening_hours": null, "shop": null, "tourism": "attraction", "rooms": null, "building": null, "amenity": null, "name": "Floating garden", "beds": null}},{"type": "Feature", "geometry": {"type":"Point","coordinates":[115.2673462,-8.4828474]}, "properties": {"osm_id": 4368106590, "osm_type": "nodes", "opening_hours": null, "shop": null, "tourism": "hotel", "rooms": null, "building": null, "amenity": null, "name": null, "beds": null}},{"type": "Feature", "geometry": {"type":"Point","coordinates":[115.2781799,-8.4812501]}, "properties": {"osm_id": 9943971017, "osm_type": "nodes", "opening_hours": null, "shop": "furniture", "tourism": null, "rooms": null, "building": null, "amenity": null, "name": "Vonios lentynos baltos ?", "beds": null}},{"type": "Feature", "geometry": {"type":"Point","coordinates":[115.2782094,-8.4810899]}, "properties": {"osm_id": 9943964717, "osm_type": "nodes", "opening_hours": null, "shop": "variety_store", "tourism": null, "rooms": null, "building": null, "amenity": null, "name": "Indeniskos galvos", "beds": null}},{"type": "Feature", "geometry": {"type":"Point","coordinates":[115.255228,-8.4823981]}, "properties": {"osm_id": 2147690657, "osm_type": "nodes", "opening_hours": null, "shop": null, "tourism": "guest_house", "rooms": null, "building": null, "amenity": null, "name": "Santa Mandala", "beds": null}},{"type": "Feature", "geometry": {"type":"Point","coordinates":[115.2582547,-8.4828509]}, "properties": {"osm_id": 6460725072, "osm_type": "nodes", "opening_hours": null, "shop": null, "tourism": null, "rooms": null, "building": null, "amenity": "restaurant", "name": null, "beds": null}},{"type": "Feature", "geometry": {"type":"Point","coordinates":[115.258348,-8.4862499]}, "properties": {"osm_id": 6914893885, "osm_type": "nodes", "opening_hours": null, "shop": "beauty", "tourism": null, "rooms": null, "building": null, "amenity": null, "name": "Sinar Spa", "beds": null}},{"type": "Feature", "geometry": {"type":"Point","coordinates":[115.265512,-8.4844869]}, "properties": {"osm_id": 6218091144, "osm_type": "nodes", "opening_hours": null, "shop": null, "tourism": null, "rooms": null, "building": null, "amenity": "restaurant", "name": "Warung Vinaka", "beds": null}},{"type": "Feature", "geometry": {"type":"Point","coordinates":[115.2769876,-8.4854046]}, "properties": {"osm_id": 5492644900, "osm_type": "nodes", "opening_hours": null, "shop": "gift", "tourism": null, "rooms": null, "building": null, "amenity": null, "name": "Risya Craft", "beds": null}},{"type": "Feature", "geometry": {"type":"Point","coordinates":[115.2583646,-8.4885867]}, "properties": {"osm_id": 6427625654, "osm_type": "nodes", "opening_hours": null, "shop": null, "tourism": null, "rooms": null, "building": null, "amenity": "cafe", "name": null, "beds": null}},{"type": "Feature", "geometry": {"type":"Point","coordinates":[115.2648812,-8.4885236]}, "properties": {"osm_id": 9763519070, "osm_type": "nodes", "opening_hours": null, "shop": null, "tourism": "hotel", "rooms": null, "building": null, "amenity": null, "name": "Adiwana Suweta Ubud", "beds": null}},{"type": "Feature", "geometry": {"type":"Point","coordinates":[115.2643748,-8.488585]}, "properties": {"osm_id": 9763548677, "osm_type": "nodes", "opening_hours": null, "shop": null, "tourism": "hotel", "rooms": null, "building": null, "amenity": null, "name": "Manah Shanti Resort Ubud", "beds": null}},{"type": "Feature", "geometry": {"type":"Point","coordinates":[115.2580458,-8.4896889]}, "properties": {"osm_id": 9769685078, "osm_type": "nodes", "opening_hours": null, "shop": "beauty", "tourism": null, "rooms": null, "building": null, "amenity": null, "name": "Karsa Spa", "beds": null}},{"type": "Feature", "geometry": {"type":"Point","coordinates":[115.2583757,-8.4896318]}, "properties": {"osm_id": 1836050327, "osm_type": "nodes", "opening_hours": null, "shop": null, "tourism": null, "rooms": null, "building": null, "amenity": "restaurant", "name": "Karsa Cafe", "beds": null}},{"type": "Feature", "geometry": {"type":"Point","coordinates":[115.2571308,-8.4912026]}, "properties": {"osm_id": 3277754159, "osm_type": "nodes", "opening_hours": null, "shop": null, "tourism": "guest_house", "rooms": null, "building": null, "amenity": null, "name": "River House", "beds": null}},{"type": "Feature", "geometry": {"type":"Point","coordinates":[115.2653352,-8.4920834]}, "properties": {"osm_id": 9763572877, "osm_type": "nodes", "opening_hours": null, "shop": null, "tourism": "hotel", "rooms": null, "building": null, "amenity": null, "name": "Atta Mesari Villa", "beds": null}},{"type": "Feature", "geometry": {"type":"Point","coordinates":[115.2682904,-8.4904045]}, "properties": {"osm_id": 5344104745, "osm_type": "nodes", "opening_hours": null, "shop": null, "tourism": "apartment", "rooms": null, "building": null, "amenity": null, "name": "Yunori House", "beds": null}},{"type": "Feature", "geometry": {"type":"Point","coordinates":[115.2689873,-8.4902853]}, "properties": {"osm_id": 5324923821, "osm_type": "nodes", "opening_hours": null, "shop": null, "tourism": "apartment", "rooms": null, "building": null, "amenity": null, "name": "Karolina House", "beds": null}},{"type": "Feature", "geometry": {"type":"Point","coordinates":[115.2665605,-8.4907315]}, "properties": {"osm_id": 6778454893, "osm_type": "nodes", "opening_hours": "09:00-17:00", "shop": "laundry", "tourism": null, "rooms": null, "building": null, "amenity": null, "name": null, "beds": null}},{"type": "Feature", "geometry": {"type":"Point","coordinates":[115.2688935,-8.4912619]}, "properties": {"osm_id": 5344104746, "osm_type": "nodes", "opening_hours": null, "shop": null, "tourism": "apartment", "rooms": null, "building": null, "amenity": null, "name": "Hockey Villa", "beds": null}},{"type": "Feature", "geometry": {"type":"Point","coordinates":[115.2658481,-8.4914561]}, "properties": {"osm_id": 4239103224, "osm_type": "nodes", "opening_hours": null, "shop": null, "tourism": "guest_house", "rooms": null, "building": null, "amenity": null, "name": "Pondok Permata", "beds": null}},{"type": "Feature", "geometry": {"type":"Point","coordinates":[115.2691469,-8.4918789]}, "properties": {"osm_id": 5344104747, "osm_type": "nodes", "opening_hours": null, "shop": null, "tourism": "apartment", "rooms": null, "building": null, "amenity": null, "name": null, "beds": null}},{"type": "Feature", "geometry": {"type":"Point","coordinates":[115.2703114,-8.4914917]}, "properties": {"osm_id": 3552717597, "osm_type": "nodes", "opening_hours": null, "shop": null, "tourism": null, "rooms": null, "building": null, "amenity": "restaurant", "name": "Made Becik", "beds": null}},{"type": "Feature", "geometry": {"type":"Point","coordinates":[115.2700334,-8.4900354]}, "properties": {"osm_id": 7391477850, "osm_type": "nodes", "opening_hours": null, "shop": null, "tourism": null, "rooms": null, "building": null, "amenity": "restaurant", "name": "The Grill", "beds": null}},{"type": "Feature", "geometry": {"type":"Point","coordinates":[115.2701164,-8.4893835]}, "properties": {"osm_id": 3552717602, "osm_type": "nodes", "opening_hours": "closed", "shop": null, "tourism": null, "rooms": null, "building": null, "amenity": "restaurant", "name": "Henki", "beds": null}},{"type": "Feature", "geometry": {"type":"Point","coordinates":[115.2699636,-8.488934]}, "properties": {"osm_id": 5346758615, "osm_type": "nodes", "opening_hours": null, "shop": null, "tourism": "guest_house", "rooms": null, "building": null, "amenity": null, "name": "Lameli Villas", "beds": null}},{"type": "Feature", "geometry": {"type":"Point","coordinates":[115.2664751,-8.4891455]}, "properties": {"osm_id": 3454998894, "osm_type": "nodes", "opening_hours": null, "shop": null, "tourism": "guest_house", "rooms": null, "building": null, "amenity": null, "name": "Villa Jiwa", "beds": null}},{"type": "Feature", "geometry": {"type":"Point","coordinates":[115.2673884,-8.4884303]}, "properties": {"osm_id": 4814583098, "osm_type": "nodes", "opening_hours": null, "shop": null, "tourism": "guest_house", "rooms": null, "building": null, "amenity": null, "name": "Legon Villa", "beds": null}},{"type": "Feature", "geometry": {"type":"Point","coordinates":[115.2841038,-8.487574]}, "properties": {"osm_id": 4226589807, "osm_type": "nodes", "opening_hours": null, "shop": null, "tourism": "guest_house", "rooms": null, "building": null, "amenity": null, "name": "villa kalisat", "beds": null}},{"type": "Feature", "geometry": {"type":"Point","coordinates":[115.2843114,-8.4867124]}, "properties": {"osm_id": 1233451780, "osm_type": "nodes", "opening_hours": null, "shop": null, "tourism": "hotel", "rooms": null, "building": null, "amenity": null, "name": "Tanah Merah Resort & Gallery", "beds": null}},{"type": "Feature", "geometry": {"type":"Point","coordinates":[115.2760401,-8.4957313]}, "properties": {"osm_id": 6720230922, "osm_type": "nodes", "opening_hours": null, "shop": null, "tourism": "hotel", "rooms": null, "building": null, "amenity": null, "name": "Kamandalu", "beds": null}},{"type": "Feature", "geometry": {"type":"Point","coordinates":[115.266543,-8.4945413]}, "properties": {"osm_id": 2935149460, "osm_type": "nodes", "opening_hours": null, "shop": null, "tourism": "guest_house", "rooms": null, "building": null, "amenity": null, "name": "Villa Gaia", "beds": null}},{"type": "Feature", "geometry": {"type":"Point","coordinates":[115.2727708,-8.4945021]}, "properties": {"osm_id": 4734929725, "osm_type": "nodes", "opening_hours": null, "shop": null, "tourism": null, "rooms": null, "building": null, "amenity": "restaurant", "name": null, "beds": null}},{"type": "Feature", "geometry": {"type":"Point","coordinates":[115.2774493,-8.4940317]}, "properties": {"osm_id": 8396584212, "osm_type": "nodes", "opening_hours": null, "shop": null, "tourism": "hotel", "rooms": null, "building": null, "amenity": null, "name": "Viceroy Bali", "beds": null}},{"type": "Feature", "geometry": {"type":"Point","coordinates":[115.2812249,-8.4934449]}, "properties": {"osm_id": 2196987781, "osm_type": "nodes", "opening_hours": null, "shop": null, "tourism": null, "rooms": null, "building": null, "amenity": "restaurant", "name": "Warung Padi Organik", "beds": null}},{"type": "Feature", "geometry": {"type":"Point","coordinates":[115.2734758,-8.4924102]}, "properties": {"osm_id": 5736751421, "osm_type": "nodes", "opening_hours": null, "shop": "gift", "tourism": null, "rooms": null, "building": null, "amenity": null, "name": null, "beds": null}},{"type": "Feature", "geometry": {"type":"Point","coordinates":[115.2692562,-8.4925446]}, "properties": {"osm_id": 5353864150, "osm_type": "nodes", "opening_hours": null, "shop": null, "tourism": "hostel", "rooms": null, "building": null, "amenity": null, "name": "Sunset House Ubud", "beds": null}},{"type": "Feature", "geometry": {"type":"Point","coordinates":[115.2665269,-8.4927344]}, "properties": {"osm_id": 6778454923, "osm_type": "nodes", "opening_hours": null, "shop": null, "tourism": null, "rooms": null, "building": null, "amenity": "restaurant", "name": "Yashoda Kitchen", "beds": null}},{"type": "Feature", "geometry": {"type":"Point","coordinates":[115.2662748,-8.4928232]}, "properties": {"osm_id": 6778454924, "osm_type": "nodes", "opening_hours": null, "shop": null, "tourism": null, "rooms": null, "building": null, "amenity": "restaurant", "name": "Cafe Luwak", "beds": null}},{"type": "Feature", "geometry": {"type":"Point","coordinates":[115.2665175,-8.4929506]}, "properties": {"osm_id": 6778454929, "osm_type": "nodes", "opening_hours": null, "shop": null, "tourism": null, "rooms": null, "building": null, "amenity": "restaurant", "name": "Bside Cafe", "beds": null}},{"type": "Feature", "geometry": {"type":"Point","coordinates":[115.2665703,-8.4932532]}, "properties": {"osm_id": 4122102191, "osm_type": "nodes", "opening_hours": null, "shop": null, "tourism": "hotel", "rooms": null, "building": null, "amenity": null, "name": "Ubud Green Resort Villas", "beds": null}},{"type": "Feature", "geometry": {"type":"Point","coordinates":[115.2654904,-8.4924253]}, "properties": {"osm_id": 2343199129, "osm_type": "nodes", "opening_hours": null, "shop": null, "tourism": "guest_house", "rooms": null, "building": null, "amenity": null, "name": "Guest House Kudos", "beds": null}},{"type": "Feature", "geometry": {"type":"Point","coordinates":[115.2586349,-8.4924818]}, "properties": {"osm_id": 6053739831, "osm_type": "nodes", "opening_hours": null, "shop": null, "tourism": "hotel", "rooms": null, "building": null, "amenity": null, "name": "Lokha", "beds": null}},{"type": "Feature", "geometry": {"type":"Point","coordinates":[115.2572009,-8.4926044]}, "properties": {"osm_id": 1911669540, "osm_type": "nodes", "opening_hours": null, "shop": null, "tourism": null, "rooms": null, "building": null, "amenity": "restaurant", "name": "Club Kokos", "beds": null}},{"type": "Feature", "geometry": {"type":"Point","coordinates":[115.2565862,-8.4934937]}, "properties": {"osm_id": 5367814852, "osm_type": "nodes", "opening_hours": null, "shop": null, "tourism": "hotel", "rooms": null, "building": null, "amenity": null, "name": "Wijaya Garden", "beds": null}},{"type": "Feature", "geometry": {"type":"Point","coordinates":[115.2562059,-8.4944071]}, "properties": {"osm_id": 5367814837, "osm_type": "nodes", "opening_hours": null, "shop": null, "tourism": "guest_house", "rooms": null, "building": null, "amenity": null, "name": "Helen House", "beds": null}},{"type": "Feature", "geometry": {"type":"Point","coordinates":[115.2560739,-8.4946256]}, "properties": {"osm_id": 5367814832, "osm_type": "nodes", "opening_hours": null, "shop": null, "tourism": null, "rooms": null, "building": null, "amenity": "restaurant", "name": "Namo Warung", "beds": null}},{"type": "Feature", "geometry": {"type":"Point","coordinates":[115.2653101,-8.4969841]}, "properties": {"osm_id": 7018656186, "osm_type": "nodes", "opening_hours": null, "shop": null, "tourism": null, "rooms": null, "building": null, "amenity": "cafe", "name": "Kedai", "beds": null}},{"type": "Feature", "geometry": {"type":"Point","coordinates":[115.2613716,-8.4969694]}, "properties": {"osm_id": 10151608017, "osm_type": "nodes", "opening_hours": null, "shop": null, "tourism": "hotel", "rooms": null, "building": null, "amenity": null, "name": "Solo Villas", "beds": null}},{"type": "Feature", "geometry": {"type":"Point","coordinates":[115.2588802,-8.4969514]}, "properties": {"osm_id": 6209052585, "osm_type": "nodes", "opening_hours": null, "shop": null, "tourism": null, "rooms": null, "building": null, "amenity": "cafe", "name": "Deuma", "beds": null}},{"type": "Feature", "geometry": {"type":"Point","coordinates":[115.2665435,-8.4967336]}, "properties": {"osm_id": 9328645717, "osm_type": "nodes", "opening_hours": "Mo-Su 08:00-20:00", "shop": null, "tourism": null, "rooms": null, "building": null, "amenity": "restaurant", "name": "Pubas Coffee", "beds": null}},{"type": "Feature", "geometry": {"type":"Point","coordinates":[115.2723873,-8.4964974]}, "properties": {"osm_id": 7661145162, "osm_type": "nodes", "opening_hours": null, "shop": null, "tourism": "hotel", "rooms": "152", "building": null, "amenity": null, "name": "Element by Westin Bali Ubud", "beds": null}},{"type": "Feature", "geometry": {"type":"Point","coordinates":[115.2695852,-8.4964733]}, "properties": {"osm_id": 4483679190, "osm_type": "nodes", "opening_hours": "Mo-Sa 07:00-22:00; Su 14:00-22:00", "shop": null, "tourism": null, "rooms": null, "building": null, "amenity": "restaurant", "name": "Abe-Do Organic Restaurant and Juices", "beds": null}},{"type": "Feature", "geometry": {"type":"Point","coordinates":[115.2727648,-8.4975565]}, "properties": {"osm_id": 5353997247, "osm_type": "nodes", "opening_hours": null, "shop": null, "tourism": null, "rooms": null, "building": null, "amenity": "restaurant", "name": "Kakiang Garden Cafe", "beds": null}},{"type": "Feature", "geometry": {"type":"Point","coordinates":[115.2692415,-8.4974884]}, "properties": {"osm_id": 11240847737, "osm_type": "nodes", "opening_hours": null, "shop": null, "tourism": "apartment", "rooms": null, "building": null, "amenity": null, "name": null, "beds": null}},{"type": "Feature", "geometry": {"type":"Point","coordinates":[115.2664486,-8.4988475]}, "properties": {"osm_id": 4176308704, "osm_type": "nodes", "opening_hours": null, "shop": null, "tourism": "hotel", "rooms": null, "building": null, "amenity": null, "name": null, "beds": null}},{"type": "Feature", "geometry": {"type":"Point","coordinates":[115.2726182,-8.4983557]}, "properties": {"osm_id": 4283666489, "osm_type": "nodes", "opening_hours": null, "shop": null, "tourism": "hotel", "rooms": null, "building": null, "amenity": null, "name": "Sakha House", "beds": null}},{"type": "Feature", "geometry": {"type":"Point","coordinates":[115.2804121,-8.4981641]}, "properties": {"osm_id": 5192410321, "osm_type": "nodes", "opening_hours": null, "shop": null, "tourism": "guest_house", "rooms": null, "building": null, "amenity": null, "name": "villa kelag", "beds": null}},{"type": "Feature", "geometry": {"type":"Point","coordinates":[115.2729986,-8.4990751]}, "properties": {"osm_id": 4260082890, "osm_type": "nodes", "opening_hours": null, "shop": null, "tourism": "hotel", "rooms": null, "building": null, "amenity": null, "name": "Puri Padma Hotel", "beds": null}},{"type": "Feature", "geometry": {"type":"Point","coordinates":[115.2666626,-8.4990606]}, "properties": {"osm_id": 4402332041, "osm_type": "nodes", "opening_hours": null, "shop": null, "tourism": "guest_house", "rooms": null, "building": null, "amenity": null, "name": "Nyoman Sandi Guest House", "beds": null}},{"type": "Feature", "geometry": {"type":"Point","coordinates":[115.2585295,-8.499751]}, "properties": {"osm_id": 4733245623, "osm_type": "nodes", "opening_hours": null, "shop": null, "tourism": null, "rooms": null, "building": null, "amenity": "cafe", "name": "Yuga Organic warnug", "beds": null}},{"type": "Feature", "geometry": {"type":"Point","coordinates":[115.2599915,-8.499479]}, "properties": {"osm_id": 2567501091, "osm_type": "nodes", "opening_hours": null, "shop": null, "tourism": null, "rooms": null, "building": null, "amenity": "restaurant", "name": "Dicarik Warung", "beds": null}},{"type": "Feature", "geometry": {"type":"Point","coordinates":[115.2605593,-8.4990311]}, "properties": {"osm_id": 3761415380, "osm_type": "nodes", "opening_hours": null, "shop": null, "tourism": "guest_house", "rooms": null, "building": null, "amenity": null, "name": "Kupu Kupu Bungalows", "beds": null}},{"type": "Feature", "geometry": {"type":"Point","coordinates":[115.2591389,-8.4986477]}, "properties": {"osm_id": 6209030071, "osm_type": "nodes", "opening_hours": null, "shop": null, "tourism": "guest_house", "rooms": null, "building": null, "amenity": null, "name": "Trinity Gardens", "beds": null}},{"type": "Feature", "geometry": {"type":"Point","coordinates":[115.2600659,-8.494055]}, "properties": {"osm_id": 5419436112, "osm_type": "nodes", "opening_hours": null, "shop": null, "tourism": "guest_house", "rooms": null, "building": null, "amenity": null, "name": "Rice Joglo", "beds": null}},{"type": "Feature", "geometry": {"type":"Point","coordinates":[115.2558118,-8.4951144]}, "properties": {"osm_id": 5367814830, "osm_type": "nodes", "opening_hours": null, "shop": null, "tourism": "information", "rooms": null, "building": null, "amenity": null, "name": null, "beds": null}},{"type": "Feature", "geometry": {"type":"Point","coordinates":[115.2560089,-8.4946082]}, "properties": {"osm_id": 11240447537, "osm_type": "nodes", "opening_hours": null, "shop": null, "tourism": null, "rooms": null, "building": null, "amenity": "cafe", "name": "Hill Top Café", "beds": null}},{"type": "Feature", "geometry": {"type":"Point","coordinates":[115.2795845,-8.5220864]}, "properties": {"osm_id": 4226772797, "osm_type": "nodes", "opening_hours": "Mo-Su 11:00-22:00", "shop": null, "tourism": null, "rooms": null, "building": null, "amenity": "restaurant", "name": "Bale Udang", "beds": null}},{"type": "Feature", "geometry": {"type":"Point","coordinates":[115.2744029,-8.5206571]}, "properties": {"osm_id": 4927943823, "osm_type": "nodes", "opening_hours": null, "shop": null, "tourism": "guest_house", "rooms": null, "building": null, "amenity": null, "name": null, "beds": null}},{"type": "Feature", "geometry": {"type":"Point","coordinates":[115.275172,-8.5206248]}, "properties": {"osm_id": 4605317090, "osm_type": "nodes", "opening_hours": "24/7", "shop": null, "tourism": "hostel", "rooms": null, "building": null, "amenity": null, "name": null, "beds": null}},{"type": "Feature", "geometry": {"type":"Point","coordinates":[115.2714289,-8.5195538]}, "properties": {"osm_id": 6828003485, "osm_type": "nodes", "opening_hours": null, "shop": null, "tourism": "apartment", "rooms": null, "building": null, "amenity": null, "name": null, "beds": null}},{"type": "Feature", "geometry": {"type":"Point","coordinates":[115.2757852,-8.523916]}, "properties": {"osm_id": 3530938552, "osm_type": "nodes", "opening_hours": null, "shop": null, "tourism": null, "rooms": null, "building": null, "amenity": "cafe", "name": "Warung Janggar Ulam (JU)", "beds": null}},{"type": "Feature", "geometry": {"type":"Point","coordinates":[115.2716636,-8.529756]}, "properties": {"osm_id": 5555416623, "osm_type": "nodes", "opening_hours": null, "shop": null, "tourism": "artwork", "rooms": null, "building": null, "amenity": null, "name": null, "beds": null}},{"type": "Feature", "geometry": {"type":"Point","coordinates":[115.2716591,-8.5304211]}, "properties": {"osm_id": 4182810693, "osm_type": "nodes", "opening_hours": null, "shop": null, "tourism": null, "rooms": null, "building": null, "amenity": "restaurant", "name": "Warung Babi Guling Ibu Oka 2", "beds": null}},{"type": "Feature", "geometry": {"type":"Point","coordinates":[115.2719169,-8.5292744]}, "properties": {"osm_id": 7235933028, "osm_type": "nodes", "opening_hours": null, "shop": null, "tourism": "hotel", "rooms": null, "building": null, "amenity": null, "name": "Uma Sari Ubud Villas", "beds": null}},{"type": "Feature", "geometry": {"type":"Point","coordinates":[115.2862699,-8.5291348]}, "properties": {"osm_id": 4243951792, "osm_type": "nodes", "opening_hours": null, "shop": null, "tourism": "guest_house", "rooms": null, "building": null, "amenity": null, "name": "Rumah Clara", "beds": null}},{"type": "Feature", "geometry": {"type":"Point","coordinates":[115.2814217,-8.5303024]}, "properties": {"osm_id": 10889979305, "osm_type": "nodes", "opening_hours": null, "shop": null, "tourism": "apartment", "rooms": null, "building": null, "amenity": null, "name": "Villa Alan Surya", "beds": null}},{"type": "Feature", "geometry": {"type":"Point","coordinates":[115.2920639,-8.5247458]}, "properties": {"osm_id": 10792337950, "osm_type": "nodes", "opening_hours": null, "shop": "laundry", "tourism": null, "rooms": null, "building": null, "amenity": null, "name": null, "beds": null}},{"type": "Feature", "geometry": {"type":"Point","coordinates":[115.2813017,-8.5250057]}, "properties": {"osm_id": 9756340477, "osm_type": "nodes", "opening_hours": null, "shop": null, "tourism": null, "rooms": null, "building": null, "amenity": "bar", "name": "The Chedi Club at Tanah Gajah Bali", "beds": null}},{"type": "Feature", "geometry": {"type":"Point","coordinates":[115.2838522,-8.5240997]}, "properties": {"osm_id": 6204644617, "osm_type": "nodes", "opening_hours": null, "shop": null, "tourism": "artwork", "rooms": null, "building": null, "amenity": null, "name": null, "beds": null}},{"type": "Feature", "geometry": {"type":"Point","coordinates":[115.2912935,-8.5237631]}, "properties": {"osm_id": 4788934223, "osm_type": "nodes", "opening_hours": null, "shop": null, "tourism": null, "rooms": null, "building": null, "amenity": "restaurant", "name": "Warung bu metri", "beds": null}},{"type": "Feature", "geometry": {"type":"Point","coordinates":[115.2667305,-8.5188934]}, "properties": {"osm_id": 4310356492, "osm_type": "nodes", "opening_hours": null, "shop": null, "tourism": "guest_house", "rooms": null, "building": null, "amenity": null, "name": "Sintya Home Stay", "beds": null}},{"type": "Feature", "geometry": {"type":"Point","coordinates":[115.2686487,-8.5193644]}, "properties": {"osm_id": 2230569670, "osm_type": "nodes", "opening_hours": null, "shop": "bicycle", "tourism": null, "rooms": null, "building": null, "amenity": null, "name": "Morodadi", "beds": null}},{"type": "Feature", "geometry": {"type":"Point","coordinates":[115.2702996,-8.5192471]}, "properties": {"osm_id": 6940544485, "osm_type": "nodes", "opening_hours": null, "shop": "motorcycle_repair", "tourism": null, "rooms": null, "building": null, "amenity": null, "name": null, "beds": null}},{"type": "Feature", "geometry": {"type":"Point","coordinates":[115.2660039,-8.5165193]}, "properties": {"osm_id": 7181605441, "osm_type": "nodes", "opening_hours": null, "shop": null, "tourism": null, "rooms": null, "building": null, "amenity": "restaurant", "name": "Pho Hwitta", "beds": null}},{"type": "Feature", "geometry": {"type":"Point","coordinates":[115.2664207,-8.5233797]}, "properties": {"osm_id": 4350446889, "osm_type": "nodes", "opening_hours": null, "shop": null, "tourism": "hotel", "rooms": null, "building": null, "amenity": null, "name": "Byasa Ubud", "beds": null}},{"type": "Feature", "geometry": {"type":"Point","coordinates":[115.2682493,-8.5228997]}, "properties": {"osm_id": 4939915428, "osm_type": "nodes", "opening_hours": "Mo-Su 11:00-18:30", "shop": null, "tourism": null, "rooms": null, "building": null, "amenity": "restaurant", "name": null, "beds": null}},{"type": "Feature", "geometry": {"type":"Point","coordinates":[115.2685467,-8.5207577]}, "properties": {"osm_id": 6172767340, "osm_type": "nodes", "opening_hours": null, "shop": "optician", "tourism": null, "rooms": null, "building": null, "amenity": null, "name": "Ian Mandiri Utam Optical", "beds": null}},{"type": "Feature", "geometry": {"type":"Point","coordinates":[115.2685016,-8.5210432]}, "properties": {"osm_id": 6172767173, "osm_type": "nodes", "opening_hours": null, "shop": "convenience", "tourism": null, "rooms": null, "building": null, "amenity": null, "name": "Delta dewata", "beds": null}},{"type": "Feature", "geometry": {"type":"Point","coordinates":[115.2649153,-8.5214591]}, "properties": {"osm_id": 4446961395, "osm_type": "nodes", "opening_hours": null, "shop": null, "tourism": "hotel", "rooms": null, "building": null, "amenity": null, "name": "Artini 3 resort", "beds": null}},{"type": "Feature", "geometry": {"type":"Point","coordinates":[115.2628396,-8.5211212]}, "properties": {"osm_id": 4316804490, "osm_type": "nodes", "opening_hours": null, "shop": null, "tourism": null, "rooms": null, "building": null, "amenity": "restaurant", "name": "Le moulin", "beds": null}},{"type": "Feature", "geometry": {"type":"Point","coordinates":[115.2629249,-8.5210547]}, "properties": {"osm_id": 4691680750, "osm_type": "nodes", "opening_hours": null, "shop": null, "tourism": null, "rooms": null, "building": null, "amenity": "restaurant", "name": "Mamma Mia", "beds": null}},{"type": "Feature", "geometry": {"type":"Point","coordinates":[115.2630284,-8.5214415]}, "properties": {"osm_id": 2847523161, "osm_type": "nodes", "opening_hours": "Mo-Su 09:00-21:00", "shop": "massage", "tourism": null, "rooms": null, "building": null, "amenity": null, "name": "Jaen's Spa", "beds": null}},{"type": "Feature", "geometry": {"type":"Point","coordinates":[115.262411,-8.5206356]}, "properties": {"osm_id": 5037035722, "osm_type": "nodes", "opening_hours": null, "shop": null, "tourism": "hotel", "rooms": null, "building": null, "amenity": null, "name": "Tegal Sari", "beds": null}},{"type": "Feature", "geometry": {"type":"Point","coordinates":[115.262717,-8.5208731]}, "properties": {"osm_id": 4280215590, "osm_type": "nodes", "opening_hours": null, "shop": "hairdresser", "tourism": null, "rooms": null, "building": null, "amenity": "restaurant", "name": "Vintage", "beds": null}},{"type": "Feature", "geometry": {"type":"Point","coordinates":[115.2628881,-8.5208805]}, "properties": {"osm_id": 5422061779, "osm_type": "nodes", "opening_hours": null, "shop": null, "tourism": null, "rooms": null, "building": null, "amenity": "restaurant", "name": "Ubudian", "beds": null}},{"type": "Feature", "geometry": {"type":"Point","coordinates":[115.2639679,-8.5208647]}, "properties": {"osm_id": 4224949390, "osm_type": "nodes", "opening_hours": null, "shop": null, "tourism": "guest_house", "rooms": null, "building": null, "amenity": null, "name": "Adi Santia Bungalows", "beds": null}},{"type": "Feature", "geometry": {"type":"Point","coordinates":[115.2630283,-8.5201788]}, "properties": {"osm_id": 3159525320, "osm_type": "nodes", "opening_hours": null, "shop": null, "tourism": "hotel", "rooms": null, "building": null, "amenity": null, "name": "Tunjung Mas Bungalows", "beds": null}},{"type": "Feature", "geometry": {"type":"Point","coordinates":[115.2641689,-8.5198696]}, "properties": {"osm_id": 4242442894, "osm_type": "nodes", "opening_hours": null, "shop": null, "tourism": "hostel", "rooms": null, "building": null, "amenity": null, "name": "Detri Inn", "beds": null}},{"type": "Feature", "geometry": {"type":"Point","coordinates":[115.2630474,-8.5196703]}, "properties": {"osm_id": 4769263141, "osm_type": "nodes", "opening_hours": null, "shop": null, "tourism": null, "rooms": null, "building": null, "amenity": "restaurant", "name": "Green Key", "beds": null}},{"type": "Feature", "geometry": {"type":"Point","coordinates":[115.2629444,-8.5199621]}, "properties": {"osm_id": 6715453532, "osm_type": "nodes", "opening_hours": null, "shop": null, "tourism": null, "rooms": null, "building": null, "amenity": "restaurant", "name": "Yamaa Yaa Pizzeria", "beds": null}},{"type": "Feature", "geometry": {"type":"Point","coordinates":[115.2586044,-8.5196325]}, "properties": {"osm_id": 4105178792, "osm_type": "nodes", "opening_hours": "24/7", "shop": null, "tourism": "guest_house", "rooms": null, "building": null, "amenity": null, "name": "Umaya Ubud Villa", "beds": null}},{"type": "Feature", "geometry": {"type":"Point","coordinates":[115.2574844,-8.5204655]}, "properties": {"osm_id": 4467737695, "osm_type": "nodes", "opening_hours": null, "shop": null, "tourism": null, "rooms": null, "building": null, "amenity": "restaurant", "name": "Saren indah", "beds": null}},{"type": "Feature", "geometry": {"type":"Point","coordinates":[115.2571616,-8.5201652]}, "properties": {"osm_id": 6938964294, "osm_type": "nodes", "opening_hours": null, "shop": null, "tourism": null, "rooms": null, "building": null, "amenity": "restaurant", "name": "Warung Komang", "beds": null}},{"type": "Feature", "geometry": {"type":"Point","coordinates":[115.257131,-8.5202465]}, "properties": {"osm_id": 5453812421, "osm_type": "nodes", "opening_hours": null, "shop": "clothes", "tourism": null, "rooms": null, "building": null, "amenity": null, "name": "Above the clouds - Natural Wear", "beds": null}},{"type": "Feature", "geometry": {"type":"Point","coordinates":[115.2574712,-8.5201408]}, "properties": {"osm_id": 4131910289, "osm_type": "nodes", "opening_hours": null, "shop": null, "tourism": null, "rooms": null, "building": null, "amenity": "restaurant", "name": "Laka Leke", "beds": null}},{"type": "Feature", "geometry": {"type":"Point","coordinates":[115.2577009,-8.5197508]}, "properties": {"osm_id": 6968096412, "osm_type": "nodes", "opening_hours": null, "shop": null, "tourism": null, "rooms": null, "building": null, "amenity": "restaurant", "name": "Warung Sushi", "beds": null}},{"type": "Feature", "geometry": {"type":"Point","coordinates":[115.2567396,-8.521248]}, "properties": {"osm_id": 2570977052, "osm_type": "nodes", "opening_hours": null, "shop": null, "tourism": null, "rooms": null, "building": null, "amenity": "restaurant", "name": "Chili Café", "beds": null}},{"type": "Feature", "geometry": {"type":"Point","coordinates":[115.2567544,-8.5222824]}, "properties": {"osm_id": 6930017053, "osm_type": "nodes", "opening_hours": null, "shop": null, "tourism": null, "rooms": null, "building": null, "amenity": "restaurant", "name": "Warung Coconut", "beds": null}},{"type": "Feature", "geometry": {"type":"Point","coordinates":[115.2577627,-8.521982]}, "properties": {"osm_id": 5532431280, "osm_type": "nodes", "opening_hours": null, "shop": null, "tourism": "hotel", "rooms": null, "building": null, "amenity": null, "name": "Alam Shanti", "beds": null}},{"type": "Feature", "geometry": {"type":"Point","coordinates":[115.2568933,-8.5215284]}, "properties": {"osm_id": 6918000420, "osm_type": "nodes", "opening_hours": null, "shop": null, "tourism": null, "rooms": null, "building": null, "amenity": "restaurant", "name": "Ajus Warung", "beds": null}},{"type": "Feature", "geometry": {"type":"Point","coordinates":[115.2628597,-8.5219818]}, "properties": {"osm_id": 2881795143, "osm_type": "nodes", "opening_hours": null, "shop": null, "tourism": "hotel", "rooms": null, "building": null, "amenity": null, "name": "Panorama Hotel", "beds": null}},{"type": "Feature", "geometry": {"type":"Point","coordinates":[115.2631634,-8.5223147]}, "properties": {"osm_id": 4446961394, "osm_type": "nodes", "opening_hours": null, "shop": null, "tourism": null, "rooms": null, "building": null, "amenity": "restaurant", "name": "Cumuda", "beds": null}},{"type": "Feature", "geometry": {"type":"Point","coordinates":[115.2629286,-8.5223181]}, "properties": {"osm_id": 5199694873, "osm_type": "nodes", "opening_hours": null, "shop": null, "tourism": null, "rooms": null, "building": null, "amenity": "restaurant", "name": "the burger cartel", "beds": null}},{"type": "Feature", "geometry": {"type":"Point","coordinates":[115.262905,-8.5224798]}, "properties": {"osm_id": 6715453504, "osm_type": "nodes", "opening_hours": null, "shop": null, "tourism": null, "rooms": null, "building": null, "amenity": "restaurant", "name": "Nostimo Greek Grill", "beds": null}},{"type": "Feature", "geometry": {"type":"Point","coordinates":[115.2638385,-8.5228044]}, "properties": {"osm_id": 6608736334, "osm_type": "nodes", "opening_hours": null, "shop": "ticket", "tourism": null, "rooms": null, "building": null, "amenity": null, "name": null, "beds": null}},{"type": "Feature", "geometry": {"type":"Point","coordinates":[115.2627882,-8.5228041]}, "properties": {"osm_id": 5422063805, "osm_type": "nodes", "opening_hours": null, "shop": null, "tourism": "hotel", "rooms": null, "building": null, "amenity": null, "name": "MaxOne", "beds": null}},{"type": "Feature", "geometry": {"type":"Point","coordinates":[115.2631549,-8.523172]}, "properties": {"osm_id": 4252410490, "osm_type": "nodes", "opening_hours": null, "shop": null, "tourism": "hotel", "rooms": null, "building": null, "amenity": null, "name": "The Grand Sunti", "beds": null}},{"type": "Feature", "geometry": {"type":"Point","coordinates":[115.2634618,-8.5231715]}, "properties": {"osm_id": 5422063806, "osm_type": "nodes", "opening_hours": null, "shop": "massage", "tourism": null, "rooms": null, "building": null, "amenity": null, "name": null, "beds": null}},{"type": "Feature", "geometry": {"type":"Point","coordinates":[115.2630035,-8.5229572]}, "properties": {"osm_id": 6715453515, "osm_type": "nodes", "opening_hours": null, "shop": null, "tourism": null, "rooms": null, "building": null, "amenity": "restaurant", "name": "Warung Gana", "beds": null}},{"type": "Feature", "geometry": {"type":"Point","coordinates":[115.2633364,-8.5234055]}, "properties": {"osm_id": 5199694892, "osm_type": "nodes", "opening_hours": null, "shop": "convenience", "tourism": null, "rooms": null, "building": null, "amenity": null, "name": null, "beds": null}},{"type": "Feature", "geometry": {"type":"Point","coordinates":[115.2633468,-8.5233068]}, "properties": {"osm_id": 4721486089, "osm_type": "nodes", "opening_hours": null, "shop": null, "tourism": null, "rooms": null, "building": null, "amenity": "restaurant", "name": "Warung Murah", "beds": null}},{"type": "Feature", "geometry": {"type":"Point","coordinates":[115.2634584,-8.5231964]}, "properties": {"osm_id": 5422062490, "osm_type": "nodes", "opening_hours": null, "shop": "tattoo", "tourism": null, "rooms": null, "building": null, "amenity": null, "name": null, "beds": null}},{"type": "Feature", "geometry": {"type":"Point","coordinates":[115.2578648,-8.523077]}, "properties": {"osm_id": 4467738299, "osm_type": "nodes", "opening_hours": null, "shop": null, "tourism": null, "rooms": null, "building": null, "amenity": "restaurant", "name": "Swasti Eco Cottages", "beds": null}},{"type": "Feature", "geometry": {"type":"Point","coordinates":[115.25672,-8.5232362]}, "properties": {"osm_id": 3796799645, "osm_type": "nodes", "opening_hours": null, "shop": null, "tourism": null, "rooms": null, "building": null, "amenity": "restaurant", "name": "Trattoria Cucina", "beds": null}},{"type": "Feature", "geometry": {"type":"Point","coordinates":[115.2558895,-8.5252179]}, "properties": {"osm_id": 6953181950, "osm_type": "nodes", "opening_hours": null, "shop": null, "tourism": null, "rooms": null, "building": null, "amenity": "cafe", "name": "Warung Leker", "beds": null}},{"type": "Feature", "geometry": {"type":"Point","coordinates":[115.2560142,-8.5251309]}, "properties": {"osm_id": 6944271591, "osm_type": "nodes", "opening_hours": null, "shop": null, "tourism": null, "rooms": null, "building": null, "amenity": "cafe", "name": "Warung Pondok d'Desa", "beds": null}},{"type": "Feature", "geometry": {"type":"Point","coordinates":[115.25613,-8.5244212]}, "properties": {"osm_id": 8003857286, "osm_type": "nodes", "opening_hours": null, "shop": null, "tourism": null, "rooms": null, "building": null, "amenity": "restaurant", "name": "Mother", "beds": null}},{"type": "Feature", "geometry": {"type":"Point","coordinates":[115.256894,-8.5245713]}, "properties": {"osm_id": 4312163396, "osm_type": "nodes", "opening_hours": null, "shop": null, "tourism": "hostel", "rooms": null, "building": null, "amenity": null, "name": "Kememai Hostel", "beds": null}},{"type": "Feature", "geometry": {"type":"Point","coordinates":[115.2583336,-8.5245833]}, "properties": {"osm_id": 1087689004, "osm_type": "nodes", "opening_hours": null, "shop": null, "tourism": "hotel", "rooms": null, "building": null, "amenity": null, "name": "Alam Jiwa", "beds": null}},{"type": "Feature", "geometry": {"type":"Point","coordinates":[115.2636093,-8.5252612]}, "properties": {"osm_id": 6348511585, "osm_type": "nodes", "opening_hours": null, "shop": "florist", "tourism": null, "rooms": null, "building": null, "amenity": null, "name": null, "beds": null}},{"type": "Feature", "geometry": {"type":"Point","coordinates":[115.2636858,-8.524438]}, "properties": {"osm_id": 5199694882, "osm_type": "nodes", "opening_hours": null, "shop": "greengrocer", "tourism": null, "rooms": null, "building": null, "amenity": null, "name": null, "beds": null}},{"type": "Feature", "geometry": {"type":"Point","coordinates":[115.264548,-8.5241947]}, "properties": {"osm_id": 6351616885, "osm_type": "nodes", "opening_hours": null, "shop": "pet", "tourism": null, "rooms": null, "building": null, "amenity": null, "name": "Bahagia Pet Shop", "beds": null}},{"type": "Feature", "geometry": {"type":"Point","coordinates":[115.2651283,-8.5242715]}, "properties": {"osm_id": 4947045423, "osm_type": "nodes", "opening_hours": null, "shop": null, "tourism": null, "rooms": null, "building": null, "amenity": "restaurant", "name": "Lada Warung", "beds": null}},{"type": "Feature", "geometry": {"type":"Point","coordinates":[115.2633914,-8.5240832]}, "properties": {"osm_id": 3426217628, "osm_type": "nodes", "opening_hours": null, "shop": null, "tourism": "hotel", "rooms": null, "building": null, "amenity": null, "name": "Bali Breeze Bungalows", "beds": null}},{"type": "Feature", "geometry": {"type":"Point","coordinates":[115.262363,-8.5243716]}, "properties": {"osm_id": 4208819191, "osm_type": "nodes", "opening_hours": null, "shop": null, "tourism": "hostel", "rooms": null, "building": null, "amenity": null, "name": "Kamandhani Ubud", "beds": null}},{"type": "Feature", "geometry": {"type":"Point","coordinates":[115.2633171,-8.5236492]}, "properties": {"osm_id": 4315658689, "osm_type": "nodes", "opening_hours": null, "shop": null, "tourism": "hotel", "rooms": null, "building": null, "amenity": null, "name": "Pande Permai Bungalows", "beds": null}},{"type": "Feature", "geometry": {"type":"Point","coordinates":[115.2631236,-8.5236733]}, "properties": {"osm_id": 3227755722, "osm_type": "nodes", "opening_hours": null, "shop": null, "tourism": "hotel", "rooms": null, "building": null, "amenity": "restaurant", "name": "Agung Raka Resort & Villa", "beds": null}},{"type": "Feature", "geometry": {"type":"Point","coordinates":[115.2672087,-8.5239336]}, "properties": {"osm_id": 11002515876, "osm_type": "nodes", "opening_hours": null, "shop": null, "tourism": "hotel", "rooms": null, "building": null, "amenity": null, "name": "Hotel Puriartha Ubud", "beds": null}},{"type": "Feature", "geometry": {"type":"Point","coordinates":[115.2656874,-8.5243168]}, "properties": {"osm_id": 6673230385, "osm_type": "nodes", "opening_hours": null, "shop": null, "tourism": null, "rooms": null, "building": null, "amenity": "restaurant", "name": "Famous", "beds": null}},{"type": "Feature", "geometry": {"type":"Point","coordinates":[115.2704881,-8.524006]}, "properties": {"osm_id": 5422062491, "osm_type": "nodes", "opening_hours": null, "shop": "clothes", "tourism": null, "rooms": null, "building": null, "amenity": null, "name": null, "beds": null}},{"type": "Feature", "geometry": {"type":"Point","coordinates":[115.2680397,-8.5249605]}, "properties": {"osm_id": 3181191056, "osm_type": "nodes", "opening_hours": null, "shop": null, "tourism": "guest_house", "rooms": null, "building": null, "amenity": null, "name": "Nym Astana bungalows", "beds": null}},{"type": "Feature", "geometry": {"type":"Point","coordinates":[115.2678037,-8.525194]}, "properties": {"osm_id": 3844120265, "osm_type": "nodes", "opening_hours": null, "shop": null, "tourism": "guest_house", "rooms": null, "building": null, "amenity": null, "name": "Soca House", "beds": null}},{"type": "Feature", "geometry": {"type":"Point","coordinates":[115.2685765,-8.5257766]}, "properties": {"osm_id": 6841968162, "osm_type": "nodes", "opening_hours": null, "shop": null, "tourism": "guest_house", "rooms": null, "building": null, "amenity": null, "name": "Umah Bali", "beds": null}},{"type": "Feature", "geometry": {"type":"Point","coordinates":[115.2649262,-8.5273228]}, "properties": {"osm_id": 4773867222, "osm_type": "nodes", "opening_hours": null, "shop": null, "tourism": "guest_house", "rooms": "12", "building": null, "amenity": null, "name": "Liyer Spirit House", "beds": null}},{"type": "Feature", "geometry": {"type":"Point","coordinates":[115.2637682,-8.5268843]}, "properties": {"osm_id": 5417895872, "osm_type": "nodes", "opening_hours": null, "shop": null, "tourism": null, "rooms": null, "building": null, "amenity": "fast_food", "name": "Warung selera makan", "beds": null}},{"type": "Feature", "geometry": {"type":"Point","coordinates":[115.2604918,-8.5273277]}, "properties": {"osm_id": 6968953865, "osm_type": "nodes", "opening_hours": null, "shop": null, "tourism": null, "rooms": null, "building": null, "amenity": "restaurant", "name": "Suarti Grill Restaurant", "beds": null}},{"type": "Feature", "geometry": {"type":"Point","coordinates":[115.2592274,-8.5272127]}, "properties": {"osm_id": 4355087490, "osm_type": "nodes", "opening_hours": null, "shop": null, "tourism": "hotel", "rooms": null, "building": null, "amenity": null, "name": "Villa Pandan Harum", "beds": null}},{"type": "Feature", "geometry": {"type":"Point","coordinates":[115.2587644,-8.5270234]}, "properties": {"osm_id": 6138965885, "osm_type": "nodes", "opening_hours": null, "shop": "clothes", "tourism": null, "rooms": null, "building": null, "amenity": null, "name": null, "beds": null}},{"type": "Feature", "geometry": {"type":"Point","coordinates":[115.2614722,-8.5268056]}, "properties": {"osm_id": 4326966490, "osm_type": "nodes", "opening_hours": null, "shop": null, "tourism": "hostel", "rooms": null, "building": null, "amenity": null, "name": "Ubud Backpacker Room", "beds": null}},{"type": "Feature", "geometry": {"type":"Point","coordinates":[115.2621934,-8.5266078]}, "properties": {"osm_id": 4592596191, "osm_type": "nodes", "opening_hours": null, "shop": "convenience", "tourism": null, "rooms": null, "building": null, "amenity": null, "name": null, "beds": null}},{"type": "Feature", "geometry": {"type":"Point","coordinates":[115.2637497,-8.5264421]}, "properties": {"osm_id": 6460725020, "osm_type": "nodes", "opening_hours": null, "shop": "laundry", "tourism": null, "rooms": null, "building": null, "amenity": null, "name": null, "beds": null}},{"type": "Feature", "geometry": {"type":"Point","coordinates":[115.263589,-8.5262048]}, "properties": {"osm_id": 6715453507, "osm_type": "nodes", "opening_hours": null, "shop": "pet_grooming", "tourism": null, "rooms": null, "building": null, "amenity": null, "name": "JJ Pet Ubud", "beds": null}},{"type": "Feature", "geometry": {"type":"Point","coordinates":[115.2557775,-8.5281032]}, "properties": {"osm_id": 6923920628, "osm_type": "nodes", "opening_hours": null, "shop": null, "tourism": "hotel", "rooms": null, "building": null, "amenity": null, "name": "Bali Spirit Hotel", "beds": null}},{"type": "Feature", "geometry": {"type":"Point","coordinates":[115.2563958,-8.5277285]}, "properties": {"osm_id": 5711463223, "osm_type": "nodes", "opening_hours": null, "shop": "laundry", "tourism": null, "rooms": null, "building": null, "amenity": null, "name": "Swandi Laundry", "beds": null}},{"type": "Feature", "geometry": {"type":"Point","coordinates":[115.2562151,-8.527573]}, "properties": {"osm_id": 6965456792, "osm_type": "nodes", "opening_hours": null, "shop": null, "tourism": null, "rooms": null, "building": null, "amenity": "restaurant", "name": "Bunaken Bali", "beds": null}},{"type": "Feature", "geometry": {"type":"Point","coordinates":[115.260179,-8.5273543]}, "properties": {"osm_id": 4953881421, "osm_type": "nodes", "opening_hours": null, "shop": null, "tourism": null, "rooms": null, "building": null, "amenity": "cafe", "name": null, "beds": null}},{"type": "Feature", "geometry": {"type":"Point","coordinates":[115.2631976,-8.531147]}, "properties": {"osm_id": 4111420072, "osm_type": "nodes", "opening_hours": null, "shop": null, "tourism": "hotel", "rooms": null, "building": null, "amenity": null, "name": "Sapu Lidi Resort & Spa", "beds": null}},{"type": "Feature", "geometry": {"type":"Point","coordinates":[115.2635458,-8.5306125]}, "properties": {"osm_id": 4605585791, "osm_type": "nodes", "opening_hours": null, "shop": null, "tourism": "hostel", "rooms": null, "building": null, "amenity": null, "name": null, "beds": null}},{"type": "Feature", "geometry": {"type":"Point","coordinates":[115.2640356,-8.5302491]}, "properties": {"osm_id": 4434183090, "osm_type": "nodes", "opening_hours": null, "shop": "supermarket", "tourism": null, "rooms": null, "building": null, "amenity": null, "name": null, "beds": null}},{"type": "Feature", "geometry": {"type":"Point","coordinates":[115.2693629,-8.5309418]}, "properties": {"osm_id": 9951877518, "osm_type": "nodes", "opening_hours": null, "shop": null, "tourism": "apartment", "rooms": null, "building": null, "amenity": null, "name": null, "beds": null}},{"type": "Feature", "geometry": {"type":"Point","coordinates":[115.2695144,-8.5289283]}, "properties": {"osm_id": 9951877517, "osm_type": "nodes", "opening_hours": null, "shop": null, "tourism": "apartment", "rooms": null, "building": null, "amenity": null, "name": null, "beds": null}},{"type": "Feature", "geometry": {"type":"Point","coordinates":[115.2634351,-8.5199057]}, "properties": {"osm_id": 6745557518, "osm_type": "nodes", "opening_hours": null, "shop": null, "tourism": "hotel", "rooms": null, "building": null, "amenity": null, "name": "Rama Phala Resort & Spa", "beds": null}},{"type": "Feature", "geometry": {"type":"Point","coordinates":[115.2629494,-8.518384]}, "properties": {"osm_id": 4929941921, "osm_type": "nodes", "opening_hours": null, "shop": null, "tourism": null, "rooms": null, "building": null, "amenity": "restaurant", "name": "Cafe du Monyet", "beds": null}},{"type": "Feature", "geometry": {"type":"Point","coordinates":[115.2666463,-8.5349057]}, "properties": {"osm_id": 4433561089, "osm_type": "nodes", "opening_hours": null, "shop": null, "tourism": "guest_house", "rooms": null, "building": null, "amenity": null, "name": null, "beds": null}},{"type": "Feature", "geometry": {"type":"Point","coordinates":[115.2665419,-8.5346728]}, "properties": {"osm_id": 5626485122, "osm_type": "nodes", "opening_hours": null, "shop": null, "tourism": null, "rooms": null, "building": null, "amenity": "restaurant", "name": "Warung Makan", "beds": null}},{"type": "Feature", "geometry": {"type":"Point","coordinates":[115.2798028,-8.5341122]}, "properties": {"osm_id": 5926514759, "osm_type": "nodes", "opening_hours": null, "shop": null, "tourism": null, "rooms": null, "building": null, "amenity": "cafe", "name": "Café Topeng", "beds": null}},{"type": "Feature", "geometry": {"type":"Point","coordinates":[115.2795977,-8.533909]}, "properties": {"osm_id": 2325016855, "osm_type": "nodes", "opening_hours": null, "shop": null, "tourism": "museum", "rooms": null, "building": null, "amenity": null, "name": "Setia Darma", "beds": null}},{"type": "Feature", "geometry": {"type":"Point","coordinates":[115.2647527,-8.5312794]}, "properties": {"osm_id": 4709388990, "osm_type": "nodes", "opening_hours": null, "shop": null, "tourism": "hostel", "rooms": null, "building": null, "amenity": null, "name": "Danu Guesthouse", "beds": null}},{"type": "Feature", "geometry": {"type":"Point","coordinates":[115.2631701,-8.5335107]}, "properties": {"osm_id": 10224957317, "osm_type": "nodes", "opening_hours": null, "shop": null, "tourism": null, "rooms": null, "building": null, "amenity": "restaurant", "name": "The Suku Bali", "beds": null}},{"type": "Feature", "geometry": {"type":"Point","coordinates":[115.265115,-8.535]}, "properties": {"osm_id": 4432252489, "osm_type": "nodes", "opening_hours": null, "shop": null, "tourism": "guest_house", "rooms": null, "building": null, "amenity": null, "name": null, "beds": null}},{"type": "Feature", "geometry": {"type":"Point","coordinates":[115.2625784,-8.535054]}, "properties": {"osm_id": 7181612514, "osm_type": "nodes", "opening_hours": null, "shop": null, "tourism": null, "rooms": null, "building": null, "amenity": "restaurant", "name": "Pudak Harum", "beds": null}},{"type": "Feature", "geometry": {"type":"Point","coordinates":[115.2635788,-8.5368208]}, "properties": {"osm_id": 8989294817, "osm_type": "nodes", "opening_hours": null, "shop": null, "tourism": "guest_house", "rooms": null, "building": null, "amenity": null, "name": null, "beds": null}},{"type": "Feature", "geometry": {"type":"Point","coordinates":[115.2625512,-8.5368151]}, "properties": {"osm_id": 5905776785, "osm_type": "nodes", "opening_hours": null, "shop": null, "tourism": null, "rooms": null, "building": null, "amenity": "cafe", "name": "Blue Bliss", "beds": null}},{"type": "Feature", "geometry": {"type":"Point","coordinates":[115.2727105,-8.5368272]}, "properties": {"osm_id": 8930272640, "osm_type": "nodes", "opening_hours": null, "shop": "jewelry", "tourism": null, "rooms": null, "building": null, "amenity": null, "name": "Beadmart", "beds": null}},{"type": "Feature", "geometry": {"type":"Point","coordinates":[115.2715802,-8.5390136]}, "properties": {"osm_id": 8474388479, "osm_type": "nodes", "opening_hours": null, "shop": null, "tourism": "guest_house", "rooms": null, "building": null, "amenity": null, "name": "Villa Santi", "beds": null}},{"type": "Feature", "geometry": {"type":"Point","coordinates":[115.2622915,-8.5399534]}, "properties": {"osm_id": 10225150717, "osm_type": "nodes", "opening_hours": null, "shop": "stationery", "tourism": null, "rooms": null, "building": null, "amenity": null, "name": "Paints", "beds": null}},{"type": "Feature", "geometry": {"type":"Point","coordinates":[115.2620226,-8.5410497]}, "properties": {"osm_id": 5417895733, "osm_type": "nodes", "opening_hours": null, "shop": "convenience", "tourism": null, "rooms": null, "building": null, "amenity": null, "name": null, "beds": null}},{"type": "Feature", "geometry": {"type":"Point","coordinates":[115.2622606,-8.541475]}, "properties": {"osm_id": 5422062492, "osm_type": "nodes", "opening_hours": null, "shop": null, "tourism": null, "rooms": null, "building": null, "amenity": "restaurant", "name": "Bu Dayu", "beds": null}},{"type": "Feature", "geometry": {"type":"Point","coordinates":[115.2872797,-8.5400471]}, "properties": {"osm_id": 1153587855, "osm_type": "nodes", "opening_hours": null, "shop": null, "tourism": "hotel", "rooms": null, "building": null, "amenity": null, "name": "Banuswari Resort & Spa", "beds": null}},{"type": "Feature", "geometry": {"type":"Point","coordinates":[115.2501577,-8.4863047]}, "properties": {"osm_id": 8189632417, "osm_type": "nodes", "opening_hours": null, "shop": "greengrocer", "tourism": null, "rooms": null, "building": null, "amenity": null, "name": null, "beds": null}},{"type": "Feature", "geometry": {"type":"Point","coordinates":[115.2540282,-8.4870766]}, "properties": {"osm_id": 5106439823, "osm_type": "nodes", "opening_hours": null, "shop": null, "tourism": "hotel", "rooms": null, "building": null, "amenity": null, "name": "Ulun Ubud Resort and Spa", "beds": null}},{"type": "Feature", "geometry": {"type":"Point","coordinates":[115.2516691,-8.486482]}, "properties": {"osm_id": 3546095980, "osm_type": "nodes", "opening_hours": null, "shop": null, "tourism": null, "rooms": null, "building": null, "amenity": "restaurant", "name": "Fuzion Cafe", "beds": null}},{"type": "Feature", "geometry": {"type":"Point","coordinates":[115.2537745,-8.4880957]}, "properties": {"osm_id": 3546095979, "osm_type": "nodes", "opening_hours": null, "shop": null, "tourism": "hotel", "rooms": null, "building": null, "amenity": null, "name": "Bliss Ubud Spa And Bungalow", "beds": null}},{"type": "Feature", "geometry": {"type":"Point","coordinates":[115.2535879,-8.4900459]}, "properties": {"osm_id": 4327544290, "osm_type": "nodes", "opening_hours": null, "shop": "cosmetics", "tourism": null, "rooms": null, "building": null, "amenity": null, "name": "Skin", "beds": null}},{"type": "Feature", "geometry": {"type":"Point","coordinates":[115.2535796,-8.4916082]}, "properties": {"osm_id": 11108953405, "osm_type": "nodes", "opening_hours": null, "shop": null, "tourism": null, "rooms": null, "building": null, "amenity": "restaurant", "name": "Uma Cucina", "beds": null}},{"type": "Feature", "geometry": {"type":"Point","coordinates":[115.2530441,-8.4940409]}, "properties": {"osm_id": 9769685079, "osm_type": "nodes", "opening_hours": null, "shop": "beauty", "tourism": null, "rooms": null, "building": null, "amenity": null, "name": null, "beds": null}},{"type": "Feature", "geometry": {"type":"Point","coordinates":[115.2533083,-8.4949143]}, "properties": {"osm_id": 5225485821, "osm_type": "nodes", "opening_hours": null, "shop": null, "tourism": null, "rooms": null, "building": null, "amenity": "restaurant", "name": "Sareng Sareng", "beds": null}},{"type": "Feature", "geometry": {"type":"Point","coordinates":[115.2532321,-8.4952496]}, "properties": {"osm_id": 4766016218, "osm_type": "nodes", "opening_hours": null, "shop": null, "tourism": null, "rooms": null, "building": null, "amenity": "restaurant", "name": "Warung Pulau Kelapa", "beds": null}},{"type": "Feature", "geometry": {"type":"Point","coordinates":[115.2532375,-8.4974894]}, "properties": {"osm_id": 4180444090, "osm_type": "nodes", "opening_hours": null, "shop": null, "tourism": "hotel", "rooms": null, "building": null, "amenity": null, "name": "ananda cottages", "beds": null}},{"type": "Feature", "geometry": {"type":"Point","coordinates":[115.252912,-8.498158]}, "properties": {"osm_id": 2433416028, "osm_type": "nodes", "opening_hours": null, "shop": null, "tourism": "hotel", "rooms": null, "building": null, "amenity": null, "name": "Anini Raka", "beds": null}},{"type": "Feature", "geometry": {"type":"Point","coordinates":[115.2531189,-8.498628]}, "properties": {"osm_id": 6398416503, "osm_type": "nodes", "opening_hours": null, "shop": null, "tourism": null, "rooms": null, "building": null, "amenity": "restaurant", "name": "Dambo", "beds": null}},{"type": "Feature", "geometry": {"type":"Point","coordinates":[115.25341,-8.49885]}, "properties": {"osm_id": 3506457494, "osm_type": "nodes", "opening_hours": null, "shop": null, "tourism": null, "rooms": null, "building": null, "amenity": "restaurant", "name": "The Elephant", "beds": null}},{"type": "Feature", "geometry": {"type":"Point","coordinates":[115.2466805,-8.4998003]}, "properties": {"osm_id": 7782969918, "osm_type": "nodes", "opening_hours": null, "shop": null, "tourism": null, "rooms": null, "building": null, "amenity": "restaurant", "name": "Rumah Dadong", "beds": null}},{"type": "Feature", "geometry": {"type":"Point","coordinates":[115.2447664,-8.4980651]}, "properties": {"osm_id": 4703803305, "osm_type": "nodes", "opening_hours": "Mo-Su 10:00-22:00", "shop": "deli", "tourism": null, "rooms": null, "building": null, "amenity": null, "name": "Ubud Raw Chocolate Factory", "beds": null}},{"type": "Feature", "geometry": {"type":"Point","coordinates":[115.2443099,-8.4987413]}, "properties": {"osm_id": 6482224085, "osm_type": "nodes", "opening_hours": null, "shop": null, "tourism": "viewpoint", "rooms": null, "building": null, "amenity": null, "name": null, "beds": null}},{"type": "Feature", "geometry": {"type":"Point","coordinates":[115.2410602,-8.492995]}, "properties": {"osm_id": 6053715591, "osm_type": "nodes", "opening_hours": null, "shop": null, "tourism": "hotel", "rooms": null, "building": null, "amenity": null, "name": "Bale Tudor Villa", "beds": null}},{"type": "Feature", "geometry": {"type":"Point","coordinates":[115.2469781,-8.491387]}, "properties": {"osm_id": 1036813135, "osm_type": "nodes", "opening_hours": null, "shop": null, "tourism": "hotel", "rooms": null, "building": null, "amenity": null, "name": "Kupu Kupu Barong Villas and Tree Spa", "beds": null}},{"type": "Feature", "geometry": {"type":"Point","coordinates":[115.2478599,-8.4894297]}, "properties": {"osm_id": 4769133539, "osm_type": "nodes", "opening_hours": null, "shop": null, "tourism": "hotel", "rooms": null, "building": null, "amenity": null, "name": "Temuku Ubud Villas", "beds": null}},{"type": "Feature", "geometry": {"type":"Point","coordinates":[115.2480065,-8.4888417]}, "properties": {"osm_id": 4769136125, "osm_type": "nodes", "opening_hours": null, "shop": null, "tourism": "hotel", "rooms": null, "building": null, "amenity": null, "name": "Villa Santun", "beds": null}},{"type": "Feature", "geometry": {"type":"Point","coordinates":[115.2480471,-8.4879648]}, "properties": {"osm_id": 4769136126, "osm_type": "nodes", "opening_hours": null, "shop": null, "tourism": "hotel", "rooms": null, "building": null, "amenity": null, "name": "Ubud Padi Villas", "beds": null}},{"type": "Feature", "geometry": {"type":"Point","coordinates":[115.249004,-8.4860942]}, "properties": {"osm_id": 3546095984, "osm_type": "nodes", "opening_hours": null, "shop": null, "tourism": null, "rooms": null, "building": null, "amenity": "restaurant", "name": "Terra Cotta", "beds": null}},{"type": "Feature", "geometry": {"type":"Point","coordinates":[115.248953,-8.4859817]}, "properties": {"osm_id": 4769133538, "osm_type": "nodes", "opening_hours": null, "shop": "laundry", "tourism": null, "rooms": null, "building": null, "amenity": null, "name": null, "beds": null}},{"type": "Feature", "geometry": {"type":"Point","coordinates":[115.2443107,-8.4857563]}, "properties": {"osm_id": 4848968645, "osm_type": "nodes", "opening_hours": "Mo-Su 06:30-23:00", "shop": null, "tourism": null, "rooms": null, "building": null, "amenity": "restaurant", "name": "Kubu at Mandapa", "beds": null}},{"type": "Feature", "geometry": {"type":"Point","coordinates":[115.2469206,-8.4809646]}, "properties": {"osm_id": 4544141489, "osm_type": "nodes", "opening_hours": null, "shop": null, "tourism": null, "rooms": null, "building": null, "amenity": "restaurant", "name": "Warung Kayana", "beds": null}},{"type": "Feature", "geometry": {"type":"Point","coordinates":[115.2437227,-8.4747973]}, "properties": {"osm_id": 4572645847, "osm_type": "nodes", "opening_hours": null, "shop": null, "tourism": "hotel", "rooms": "70", "building": null, "amenity": null, "name": "The Royal Pita Maha", "beds": null}},{"type": "Feature", "geometry": {"type":"Point","coordinates":[115.2533984,-8.4915898]}, "properties": {"osm_id": 11998135870, "osm_type": "nodes", "opening_hours": "Mo-Su 08:00-22:00", "shop": null, "tourism": null, "rooms": null, "building": null, "amenity": "restaurant", "name": "Dharma Kula", "beds": null}},{"type": "Feature", "geometry": {"type":"Point","coordinates":[115.2535264,-8.4941164]}, "properties": {"osm_id": 11944129832, "osm_type": "nodes", "opening_hours": null, "shop": null, "tourism": null, "rooms": null, "building": null, "amenity": "cafe", "name": "HofAS Cafe", "beds": null}},{"type": "Feature", "geometry": {"type":"Point","coordinates":[115.258581,-8.5052279]}, "properties": {"osm_id": 4156998491, "osm_type": "nodes", "opening_hours": null, "shop": null, "tourism": null, "rooms": null, "building": null, "amenity": "restaurant", "name": "Rococo Warung", "beds": null}},{"type": "Feature", "geometry": {"type":"Point","coordinates":[115.2588639,-8.5053078]}, "properties": {"osm_id": 6270981485, "osm_type": "nodes", "opening_hours": null, "shop": null, "tourism": null, "rooms": null, "building": null, "amenity": "restaurant", "name": "Griya BBQ and Grill", "beds": null}},{"type": "Feature", "geometry": {"type":"Point","coordinates":[115.259836,-8.5058425]}, "properties": {"osm_id": 6717738354, "osm_type": "nodes", "opening_hours": null, "shop": "travel_agency", "tourism": null, "rooms": null, "building": null, "amenity": null, "name": "Bulan Bintang Tours", "beds": null}},{"type": "Feature", "geometry": {"type":"Point","coordinates":[115.2597815,-8.5058248]}, "properties": {"osm_id": 6705226454, "osm_type": "nodes", "opening_hours": null, "shop": "bag", "tourism": null, "rooms": null, "building": null, "amenity": null, "name": "Aura Bags", "beds": null}},{"type": "Feature", "geometry": {"type":"Point","coordinates":[115.2595875,-8.5056088]}, "properties": {"osm_id": 4718301093, "osm_type": "nodes", "opening_hours": null, "shop": null, "tourism": null, "rooms": null, "building": null, "amenity": "restaurant", "name": "Denny's Warung", "beds": null}},{"type": "Feature", "geometry": {"type":"Point","coordinates":[115.2591171,-8.5055829]}, "properties": {"osm_id": 5122262621, "osm_type": "nodes", "opening_hours": null, "shop": null, "tourism": null, "rooms": null, "building": null, "amenity": "restaurant", "name": "Bisma Corner Kitchen", "beds": null}},{"type": "Feature", "geometry": {"type":"Point","coordinates":[115.2592964,-8.5054746]}, "properties": {"osm_id": 4794639121, "osm_type": "nodes", "opening_hours": null, "shop": null, "tourism": null, "rooms": null, "building": null, "amenity": "cafe", "name": "Boga sari warung", "beds": null}},{"type": "Feature", "geometry": {"type":"Point","coordinates":[115.2578526,-8.5056085]}, "properties": {"osm_id": 4245252792, "osm_type": "nodes", "opening_hours": null, "shop": null, "tourism": "hostel", "rooms": null, "building": null, "amenity": null, "name": "In Da Lodge", "beds": null}},{"type": "Feature", "geometry": {"type":"Point","coordinates":[115.2551058,-8.5049417]}, "properties": {"osm_id": 4703803323, "osm_type": "nodes", "opening_hours": null, "shop": null, "tourism": "information", "rooms": null, "building": null, "amenity": null, "name": null, "beds": null}},{"type": "Feature", "geometry": {"type":"Point","coordinates":[115.2541174,-8.5049891]}, "properties": {"osm_id": 4112937591, "osm_type": "nodes", "opening_hours": null, "shop": null, "tourism": null, "rooms": null, "building": null, "amenity": "restaurant", "name": "Blanco par Mandif", "beds": null}},{"type": "Feature", "geometry": {"type":"Point","coordinates":[115.2537798,-8.5050235]}, "properties": {"osm_id": 5773424753, "osm_type": "nodes", "opening_hours": "Mo-Su 07:30-22:00", "shop": null, "tourism": null, "rooms": null, "building": null, "amenity": "restaurant", "name": "Zest Ubud", "beds": null}},{"type": "Feature", "geometry": {"type":"Point","coordinates":[115.2506119,-8.5058107]}, "properties": {"osm_id": 2150330239, "osm_type": "nodes", "opening_hours": "Mo-Su 10:00-10:00", "shop": null, "tourism": null, "rooms": null, "building": null, "amenity": "restaurant", "name": "Bayu's Kitchen", "beds": null}},{"type": "Feature", "geometry": {"type":"Point","coordinates":[115.2514611,-8.5062656]}, "properties": {"osm_id": 5342320537, "osm_type": "nodes", "opening_hours": null, "shop": null, "tourism": null, "rooms": null, "building": null, "amenity": "bar", "name": "Wayan's Coconut Juices Bar", "beds": null}},{"type": "Feature", "geometry": {"type":"Point","coordinates":[115.2519868,-8.5061646]}, "properties": {"osm_id": 4491692677, "osm_type": "nodes", "opening_hours": null, "shop": "laundry", "tourism": null, "rooms": null, "building": null, "amenity": null, "name": "Penestanan Laundry", "beds": null}},{"type": "Feature", "geometry": {"type":"Point","coordinates":[115.2528105,-8.5063029]}, "properties": {"osm_id": 3223118400, "osm_type": "nodes", "opening_hours": null, "shop": null, "tourism": "guest_house", "rooms": null, "building": null, "amenity": null, "name": "Sari Bambu", "beds": null}},{"type": "Feature", "geometry": {"type":"Point","coordinates":[115.2540036,-8.5063477]}, "properties": {"osm_id": 2570994414, "osm_type": "nodes", "opening_hours": null, "shop": null, "tourism": "hotel", "rooms": null, "building": null, "amenity": null, "name": "Sri Ratih Cottages", "beds": null}},{"type": "Feature", "geometry": {"type":"Point","coordinates":[115.2532215,-8.5064023]}, "properties": {"osm_id": 2769592677, "osm_type": "nodes", "opening_hours": null, "shop": null, "tourism": null, "rooms": null, "building": null, "amenity": "restaurant", "name": "Sari Organik", "beds": null}},{"type": "Feature", "geometry": {"type":"Point","coordinates":[115.2511436,-8.5070781]}, "properties": {"osm_id": 4172614092, "osm_type": "nodes", "opening_hours": null, "shop": null, "tourism": "hostel", "rooms": null, "building": null, "amenity": null, "name": "Dormy Inn", "beds": null}},{"type": "Feature", "geometry": {"type":"Point","coordinates":[115.2511999,-8.5077223]}, "properties": {"osm_id": 8379847063, "osm_type": "nodes", "opening_hours": null, "shop": "health_food", "tourism": null, "rooms": null, "building": null, "amenity": null, "name": "Pasar Pakir", "beds": null}},{"type": "Feature", "geometry": {"type":"Point","coordinates":[115.2572522,-8.5076217]}, "properties": {"osm_id": 5232647822, "osm_type": "nodes", "opening_hours": null, "shop": null, "tourism": "guest_house", "rooms": null, "building": null, "amenity": null, "name": "Ala's Green Lagoon", "beds": null}},{"type": "Feature", "geometry": {"type":"Point","coordinates":[115.257018,-8.5072722]}, "properties": {"osm_id": 6705226456, "osm_type": "nodes", "opening_hours": null, "shop": null, "tourism": "hotel", "rooms": null, "building": null, "amenity": null, "name": "Villa Campung Mas", "beds": null}},{"type": "Feature", "geometry": {"type":"Point","coordinates":[115.2591695,-8.507004]}, "properties": {"osm_id": 6705226473, "osm_type": "nodes", "opening_hours": null, "shop": null, "tourism": null, "rooms": null, "building": null, "amenity": "restaurant", "name": "Warung Batan Jepun", "beds": null}},{"type": "Feature", "geometry": {"type":"Point","coordinates":[115.2591803,-8.5069555]}, "properties": {"osm_id": 3749217952, "osm_type": "nodes", "opening_hours": null, "shop": null, "tourism": null, "rooms": null, "building": null, "amenity": "restaurant", "name": "Umah Pizza", "beds": null}},{"type": "Feature", "geometry": {"type":"Point","coordinates":[115.2591886,-8.5068875]}, "properties": {"osm_id": 6604163301, "osm_type": "nodes", "opening_hours": null, "shop": null, "tourism": null, "rooms": null, "building": null, "amenity": "restaurant", "name": "Kopi On Bisma", "beds": null}},{"type": "Feature", "geometry": {"type":"Point","coordinates":[115.2591918,-8.506845]}, "properties": {"osm_id": 6240947585, "osm_type": "nodes", "opening_hours": null, "shop": null, "tourism": null, "rooms": null, "building": null, "amenity": "restaurant", "name": "Gluten free on Bisma", "beds": null}},{"type": "Feature", "geometry": {"type":"Point","coordinates":[115.2591661,-8.5072654]}, "properties": {"osm_id": 6709940637, "osm_type": "nodes", "opening_hours": null, "shop": null, "tourism": "guest_house", "rooms": null, "building": null, "amenity": null, "name": "Aura Bisma", "beds": null}},{"type": "Feature", "geometry": {"type":"Point","coordinates":[115.2578361,-8.5075112]}, "properties": {"osm_id": 2339608893, "osm_type": "nodes", "opening_hours": null, "shop": null, "tourism": "guest_house", "rooms": null, "building": null, "amenity": null, "name": "Bali Moon", "beds": null}},{"type": "Feature", "geometry": {"type":"Point","coordinates":[115.2583992,-8.5077884]}, "properties": {"osm_id": 6705226461, "osm_type": "nodes", "opening_hours": null, "shop": null, "tourism": "guest_house", "rooms": null, "building": null, "amenity": null, "name": "Depong House", "beds": null}},{"type": "Feature", "geometry": {"type":"Point","coordinates":[115.2589689,-8.5076064]}, "properties": {"osm_id": 6705226446, "osm_type": "nodes", "opening_hours": null, "shop": null, "tourism": null, "rooms": null, "building": null, "amenity": "bar", "name": "Beer Brothers", "beds": null}},{"type": "Feature", "geometry": {"type":"Point","coordinates":[115.2609042,-8.5075923]}, "properties": {"osm_id": 4248416500, "osm_type": "nodes", "opening_hours": null, "shop": null, "tourism": "guest_house", "rooms": null, "building": null, "amenity": null, "name": "Arjuna House 1", "beds": null}},{"type": "Feature", "geometry": {"type":"Point","coordinates":[115.2613137,-8.5074685]}, "properties": {"osm_id": 4262630291, "osm_type": "nodes", "opening_hours": "Mo-Sa 13:00-23:00", "shop": null, "tourism": null, "rooms": null, "building": null, "amenity": "restaurant", "name": "Dapur Malabar", "beds": null}},{"type": "Feature", "geometry": {"type":"Point","coordinates":[115.2613978,-8.507354]}, "properties": {"osm_id": 4228158891, "osm_type": "nodes", "opening_hours": null, "shop": null, "tourism": "guest_house", "rooms": null, "building": null, "amenity": null, "name": "Jungut Inn", "beds": null}},{"type": "Feature", "geometry": {"type":"Point","coordinates":[115.260971,-8.5066634]}, "properties": {"osm_id": 4989905993, "osm_type": "nodes", "opening_hours": null, "shop": null, "tourism": "hotel", "rooms": null, "building": null, "amenity": null, "name": "Arjuna Twenty", "beds": null}},{"type": "Feature", "geometry": {"type":"Point","coordinates":[115.2586304,-8.5067757]}, "properties": {"osm_id": 6704967515, "osm_type": "nodes", "opening_hours": null, "shop": null, "tourism": "hotel", "rooms": null, "building": null, "amenity": null, "name": "Puri Cantik Bungalow", "beds": null}},{"type": "Feature", "geometry": {"type":"Point","coordinates":[115.2579001,-8.5067386]}, "properties": {"osm_id": 6658105889, "osm_type": "nodes", "opening_hours": "24/7", "shop": null, "tourism": "hotel", "rooms": null, "building": null, "amenity": null, "name": "The Runik Ubud", "beds": null}},{"type": "Feature", "geometry": {"type":"Point","coordinates":[115.2590437,-8.5066393]}, "properties": {"osm_id": 6704967518, "osm_type": "nodes", "opening_hours": null, "shop": null, "tourism": null, "rooms": null, "building": null, "amenity": "restaurant", "name": "Mill's Burger", "beds": null}},{"type": "Feature", "geometry": {"type":"Point","coordinates":[115.2614271,-8.5065219]}, "properties": {"osm_id": 5047603617, "osm_type": "nodes", "opening_hours": null, "shop": null, "tourism": null, "rooms": null, "building": null, "amenity": "restaurant", "name": "White Orchid", "beds": null}},{"type": "Feature", "geometry": {"type":"Point","coordinates":[115.261342,-8.5064853]}, "properties": {"osm_id": 6704967516, "osm_type": "nodes", "opening_hours": null, "shop": "massage", "tourism": null, "rooms": null, "building": null, "amenity": null, "name": "Carla House", "beds": null}},{"type": "Feature", "geometry": {"type":"Point","coordinates":[115.2613038,-8.5064713]}, "properties": {"osm_id": 6704967514, "osm_type": "nodes", "opening_hours": null, "shop": "convenience", "tourism": null, "rooms": null, "building": null, "amenity": null, "name": "Mini Mart", "beds": null}},{"type": "Feature", "geometry": {"type":"Point","coordinates":[115.2607815,-8.5062375]}, "properties": {"osm_id": 4242256790, "osm_type": "nodes", "opening_hours": null, "shop": "books", "tourism": null, "rooms": null, "building": null, "amenity": null, "name": "Periplus Bookshop", "beds": null}},{"type": "Feature", "geometry": {"type":"Point","coordinates":[115.2610371,-8.5061663]}, "properties": {"osm_id": 6709017098, "osm_type": "nodes", "opening_hours": null, "shop": null, "tourism": "hotel", "rooms": null, "building": null, "amenity": null, "name": "Puri Saraswati Bungalows", "beds": null}},{"type": "Feature", "geometry": {"type":"Point","coordinates":[115.2606621,-8.5062018]}, "properties": {"osm_id": 6375607585, "osm_type": "nodes", "opening_hours": null, "shop": "shoes", "tourism": null, "rooms": null, "building": null, "amenity": null, "name": "Havaianas", "beds": null}},{"type": "Feature", "geometry": {"type":"Point","coordinates":[115.2605184,-8.5061537]}, "properties": {"osm_id": 317207555, "osm_type": "nodes", "opening_hours": null, "shop": null, "tourism": null, "rooms": null, "building": null, "amenity": "restaurant", "name": "Casa Luna", "beds": null}},{"type": "Feature", "geometry": {"type":"Point","coordinates":[115.2582084,-8.5060607]}, "properties": {"osm_id": 10795063073, "osm_type": "nodes", "opening_hours": null, "shop": null, "tourism": "hotel", "rooms": null, "building": null, "amenity": null, "name": "Bliss Ubud Abangan", "beds": null}},{"type": "Feature", "geometry": {"type":"Point","coordinates":[115.2609811,-8.5092037]}, "properties": {"osm_id": 4442156889, "osm_type": "nodes", "opening_hours": null, "shop": null, "tourism": null, "rooms": null, "building": null, "amenity": "restaurant", "name": "Alit Warung", "beds": null}},{"type": "Feature", "geometry": {"type":"Point","coordinates":[115.2589846,-8.5091008]}, "properties": {"osm_id": 4183189987, "osm_type": "nodes", "opening_hours": null, "shop": null, "tourism": "hotel", "rooms": null, "building": null, "amenity": null, "name": "Villa Chempaka", "beds": null}},{"type": "Feature", "geometry": {"type":"Point","coordinates":[115.2589859,-8.5080282]}, "properties": {"osm_id": 10690322905, "osm_type": "nodes", "opening_hours": null, "shop": null, "tourism": "guest_house", "rooms": null, "building": null, "amenity": null, "name": "Juli house Ubud", "beds": null}},{"type": "Feature", "geometry": {"type":"Point","coordinates":[115.2590022,-8.5079605]}, "properties": {"osm_id": 5507586177, "osm_type": "nodes", "opening_hours": null, "shop": null, "tourism": "guest_house", "rooms": null, "building": null, "amenity": null, "name": "Ladera Villa", "beds": null}},{"type": "Feature", "geometry": {"type":"Point","coordinates":[115.2593405,-8.508113]}, "properties": {"osm_id": 6705264286, "osm_type": "nodes", "opening_hours": null, "shop": null, "tourism": "guest_house", "rooms": null, "building": null, "amenity": null, "name": "Jero Di Bisma", "beds": null}},{"type": "Feature", "geometry": {"type":"Point","coordinates":[115.2595586,-8.5081562]}, "properties": {"osm_id": 6705226441, "osm_type": "nodes", "opening_hours": null, "shop": "bakery", "tourism": null, "rooms": null, "building": null, "amenity": null, "name": "Honeymoon Bakery", "beds": null}},{"type": "Feature", "geometry": {"type":"Point","coordinates":[115.2591106,-8.508292]}, "properties": {"osm_id": 6705264295, "osm_type": "nodes", "opening_hours": null, "shop": null, "tourism": "guest_house", "rooms": null, "building": null, "amenity": null, "name": "Warjihouse 2", "beds": null}},{"type": "Feature", "geometry": {"type":"Point","coordinates":[115.2589167,-8.5082853]}, "properties": {"osm_id": 5063488924, "osm_type": "nodes", "opening_hours": null, "shop": null, "tourism": "hostel", "rooms": null, "building": null, "amenity": null, "name": "Young hostel", "beds": null}},{"type": "Feature", "geometry": {"type":"Point","coordinates":[115.2580888,-8.508271]}, "properties": {"osm_id": 6705264292, "osm_type": "nodes", "opening_hours": null, "shop": null, "tourism": "guest_house", "rooms": null, "building": null, "amenity": null, "name": "Purnama Di Bisma", "beds": null}},{"type": "Feature", "geometry": {"type":"Point","coordinates":[115.2590772,-8.5084605]}, "properties": {"osm_id": 6705226482, "osm_type": "nodes", "opening_hours": null, "shop": null, "tourism": "guest_house", "rooms": null, "building": null, "amenity": null, "name": "Puji Bungalows", "beds": null}},{"type": "Feature", "geometry": {"type":"Point","coordinates":[115.259122,-8.5086429]}, "properties": {"osm_id": 6705226458, "osm_type": "nodes", "opening_hours": null, "shop": null, "tourism": "guest_house", "rooms": null, "building": null, "amenity": null, "name": "Sari Bungalows", "beds": null}},{"type": "Feature", "geometry": {"type":"Point","coordinates":[115.2569816,-8.5080018]}, "properties": {"osm_id": 6721916601, "osm_type": "nodes", "opening_hours": null, "shop": null, "tourism": "guest_house", "rooms": null, "building": null, "amenity": null, "name": "Terrace Campuhan", "beds": null}},{"type": "Feature", "geometry": {"type":"Point","coordinates":[115.2575236,-8.5078499]}, "properties": {"osm_id": 4349317089, "osm_type": "nodes", "opening_hours": null, "shop": null, "tourism": "guest_house", "rooms": null, "building": null, "amenity": null, "name": "Surawan Bungalows", "beds": null}},{"type": "Feature", "geometry": {"type":"Point","coordinates":[115.2513832,-8.5084451]}, "properties": {"osm_id": 4256141489, "osm_type": "nodes", "opening_hours": null, "shop": null, "tourism": "hostel", "rooms": null, "building": null, "amenity": null, "name": "Amomaya House", "beds": null}},{"type": "Feature", "geometry": {"type":"Point","coordinates":[115.2513636,-8.5084988]}, "properties": {"osm_id": 4258448389, "osm_type": "nodes", "opening_hours": null, "shop": null, "tourism": "hostel", "rooms": null, "building": null, "amenity": null, "name": "Amomaya", "beds": null}},{"type": "Feature", "geometry": {"type":"Point","coordinates":[115.2573837,-8.5089284]}, "properties": {"osm_id": 4095217950, "osm_type": "nodes", "opening_hours": null, "shop": null, "tourism": "guest_house", "rooms": null, "building": null, "amenity": null, "name": "Rena House Ubud", "beds": null}},{"type": "Feature", "geometry": {"type":"Point","coordinates":[115.25,-8.5100994]}, "properties": {"osm_id": 10047300917, "osm_type": "nodes", "opening_hours": null, "shop": null, "tourism": "hotel", "rooms": null, "building": null, "amenity": null, "name": null, "beds": null}},{"type": "Feature", "geometry": {"type":"Point","coordinates":[115.2611811,-8.5102078]}, "properties": {"osm_id": 6720667634, "osm_type": "nodes", "opening_hours": null, "shop": "clothes", "tourism": null, "rooms": null, "building": null, "amenity": null, "name": "Billabong", "beds": null}},{"type": "Feature", "geometry": {"type":"Point","coordinates":[115.2612089,-8.5100936]}, "properties": {"osm_id": 6720667641, "osm_type": "nodes", "opening_hours": null, "shop": null, "tourism": "guest_house", "rooms": null, "building": null, "amenity": null, "name": "Nyuh Gading", "beds": null}},{"type": "Feature", "geometry": {"type":"Point","coordinates":[115.2611497,-8.5103292]}, "properties": {"osm_id": 6715830477, "osm_type": "nodes", "opening_hours": null, "shop": null, "tourism": "hotel", "rooms": null, "building": null, "amenity": null, "name": "Warsi Bungalows", "beds": null}},{"type": "Feature", "geometry": {"type":"Point","coordinates":[115.2510811,-8.5060778]}, "properties": {"osm_id": 9958186617, "osm_type": "nodes", "opening_hours": "Mo-Su 09:00-20:00", "shop": null, "tourism": null, "rooms": null, "building": null, "amenity": "restaurant", "name": "TYGR UBUD", "beds": null}},{"type": "Feature", "geometry": {"type":"Point","coordinates":[115.2569961,-8.5065916]}, "properties": {"osm_id": 6658105890, "osm_type": "nodes", "opening_hours": "Mo-Su 08:00-23:00", "shop": null, "tourism": "hotel", "rooms": null, "building": "yes", "amenity": null, "name": "Suarsena Villa", "beds": null}},{"type": "Feature", "geometry": {"type":"Point","coordinates":[115.2595527,-8.5111245]}, "properties": {"osm_id": 3758573900, "osm_type": "nodes", "opening_hours": null, "shop": null, "tourism": "hotel", "rooms": null, "building": null, "amenity": null, "name": "Alam Terrace Cottages", "beds": null}},{"type": "Feature", "geometry": {"type":"Point","coordinates":[115.2605912,-8.5111536]}, "properties": {"osm_id": 7082257351, "osm_type": "nodes", "opening_hours": null, "shop": null, "tourism": "hotel", "rooms": null, "building": null, "amenity": null, "name": "Wonder-Land Villa", "beds": null}},{"type": "Feature", "geometry": {"type":"Point","coordinates":[115.2610104,-8.5110867]}, "properties": {"osm_id": 6720667639, "osm_type": "nodes", "opening_hours": null, "shop": null, "tourism": "hotel", "rooms": null, "building": null, "amenity": null, "name": "Ubud Kerta City Hotel", "beds": null}},{"type": "Feature", "geometry": {"type":"Point","coordinates":[115.2610748,-8.5108385]}, "properties": {"osm_id": 6715830480, "osm_type": "nodes", "opening_hours": null, "shop": "massage", "tourism": null, "rooms": null, "building": null, "amenity": null, "name": "Gratia Spa", "beds": null}},{"type": "Feature", "geometry": {"type":"Point","coordinates":[115.2614778,-8.5115793]}, "properties": {"osm_id": 3345473022, "osm_type": "nodes", "opening_hours": null, "shop": null, "tourism": "hotel", "rooms": null, "building": null, "amenity": null, "name": "Arjuna House 2 (Home Stay)", "beds": null}},{"type": "Feature", "geometry": {"type":"Point","coordinates":[115.2609644,-8.5114595]}, "properties": {"osm_id": 6715830478, "osm_type": "nodes", "opening_hours": null, "shop": "clothes", "tourism": null, "rooms": null, "building": null, "amenity": null, "name": "Giordano", "beds": null}},{"type": "Feature", "geometry": {"type":"Point","coordinates":[115.2610008,-8.5112861]}, "properties": {"osm_id": 4339795499, "osm_type": "nodes", "opening_hours": null, "shop": null, "tourism": "hotel", "rooms": null, "building": null, "amenity": null, "name": "Harmoni Villa hôtel", "beds": null}},{"type": "Feature", "geometry": {"type":"Point","coordinates":[115.261152,-8.5113157]}, "properties": {"osm_id": 6720667640, "osm_type": "nodes", "opening_hours": null, "shop": null, "tourism": null, "rooms": null, "building": null, "amenity": "restaurant", "name": "Lamak", "beds": null}},{"type": "Feature", "geometry": {"type":"Point","coordinates":[115.2551842,-8.5115592]}, "properties": {"osm_id": 8379838552, "osm_type": "nodes", "opening_hours": null, "shop": null, "tourism": "guest_house", "rooms": null, "building": null, "amenity": null, "name": "Azzuri Villa", "beds": null}},{"type": "Feature", "geometry": {"type":"Point","coordinates":[115.2503599,-8.511935]}, "properties": {"osm_id": 5852913187, "osm_type": "nodes", "opening_hours": null, "shop": null, "tourism": "hotel", "rooms": null, "building": null, "amenity": null, "name": null, "beds": null}},{"type": "Feature", "geometry": {"type":"Point","coordinates":[115.2583194,-8.5128361]}, "properties": {"osm_id": 4349317189, "osm_type": "nodes", "opening_hours": "Mo-Su 09:00-21:00", "shop": "beauty", "tourism": null, "rooms": null, "building": null, "amenity": null, "name": "Padma Hastaa Spa & Beauty Salon", "beds": null}},{"type": "Feature", "geometry": {"type":"Point","coordinates":[115.2609511,-8.5128728]}, "properties": {"osm_id": 3159525319, "osm_type": "nodes", "opening_hours": null, "shop": null, "tourism": null, "rooms": null, "building": null, "amenity": "restaurant", "name": "Cinta grill and inn", "beds": null}},{"type": "Feature", "geometry": {"type":"Point","coordinates":[115.2612095,-8.5128548]}, "properties": {"osm_id": 10196231640, "osm_type": "nodes", "opening_hours": null, "shop": null, "tourism": "guest_house", "rooms": null, "building": null, "amenity": null, "name": "Ubud Dream Homestay dan warung", "beds": null}},{"type": "Feature", "geometry": {"type":"Point","coordinates":[115.2613446,-8.5133971]}, "properties": {"osm_id": 6410537285, "osm_type": "nodes", "opening_hours": null, "shop": null, "tourism": "guest_house", "rooms": null, "building": null, "amenity": null, "name": "Bella House monkey forest", "beds": null}},{"type": "Feature", "geometry": {"type":"Point","coordinates":[115.2605413,-8.513202]}, "properties": {"osm_id": 6200008626, "osm_type": "nodes", "opening_hours": null, "shop": null, "tourism": "hotel", "rooms": null, "building": null, "amenity": null, "name": "Pertiwi Resort & Spa", "beds": null}},{"type": "Feature", "geometry": {"type":"Point","coordinates":[115.261289,-8.5125505]}, "properties": {"osm_id": 10286066189, "osm_type": "nodes", "opening_hours": null, "shop": null, "tourism": "gallery", "rooms": null, "building": null, "amenity": null, "name": "Komaneka Fine Art Gallery", "beds": null}},{"type": "Feature", "geometry": {"type":"Point","coordinates":[115.2608953,-8.5124389]}, "properties": {"osm_id": 5768480154, "osm_type": "nodes", "opening_hours": "24/7", "shop": null, "tourism": null, "rooms": null, "building": null, "amenity": "restaurant", "name": "Bendi's", "beds": null}},{"type": "Feature", "geometry": {"type":"Point","coordinates":[115.2606238,-8.5121131]}, "properties": {"osm_id": 4434174290, "osm_type": "nodes", "opening_hours": null, "shop": null, "tourism": null, "rooms": null, "building": null, "amenity": "restaurant", "name": "Bali pesto", "beds": null}},{"type": "Feature", "geometry": {"type":"Point","coordinates":[115.2612351,-8.5153843]}, "properties": {"osm_id": 4529751690, "osm_type": "nodes", "opening_hours": null, "shop": null, "tourism": "guest_house", "rooms": null, "building": null, "amenity": null, "name": "Rumah Tropis", "beds": null}},{"type": "Feature", "geometry": {"type":"Point","coordinates":[115.2603574,-8.515559]}, "properties": {"osm_id": 6720656486, "osm_type": "nodes", "opening_hours": null, "shop": null, "tourism": "hotel", "rooms": null, "building": null, "amenity": null, "name": "Fibra Inn Bungalows", "beds": null}},{"type": "Feature", "geometry": {"type":"Point","coordinates":[115.2580908,-8.5151396]}, "properties": {"osm_id": 3215264000, "osm_type": "nodes", "opening_hours": null, "shop": null, "tourism": "hotel", "rooms": null, "building": null, "amenity": null, "name": "Inata Bisma", "beds": null}},{"type": "Feature", "geometry": {"type":"Point","coordinates":[115.2604555,-8.5150086]}, "properties": {"osm_id": 6720656497, "osm_type": "nodes", "opening_hours": null, "shop": "convenience", "tourism": null, "rooms": null, "building": null, "amenity": null, "name": "Delta Dewata", "beds": null}},{"type": "Feature", "geometry": {"type":"Point","coordinates":[115.2599414,-8.5149015]}, "properties": {"osm_id": 5397455021, "osm_type": "nodes", "opening_hours": null, "shop": null, "tourism": "guest_house", "rooms": null, "building": null, "amenity": null, "name": "Yumi House", "beds": null}},{"type": "Feature", "geometry": {"type":"Point","coordinates":[115.2604667,-8.5150705]}, "properties": {"osm_id": 5558897621, "osm_type": "nodes", "opening_hours": null, "shop": null, "tourism": "hotel", "rooms": null, "building": null, "amenity": null, "name": "Warsa’s Garden Bungalow", "beds": null}},{"type": "Feature", "geometry": {"type":"Point","coordinates":[115.2603154,-8.5148894]}, "properties": {"osm_id": 6720656485, "osm_type": "nodes", "opening_hours": null, "shop": "shoes", "tourism": null, "rooms": null, "building": null, "amenity": null, "name": "Havaianas", "beds": null}},{"type": "Feature", "geometry": {"type":"Point","coordinates":[115.2605103,-8.5148727]}, "properties": {"osm_id": 1655790314, "osm_type": "nodes", "opening_hours": null, "shop": null, "tourism": "hotel", "rooms": null, "building": null, "amenity": null, "name": "Ubud Bungalow", "beds": null}},{"type": "Feature", "geometry": {"type":"Point","coordinates":[115.2607326,-8.5148357]}, "properties": {"osm_id": 829457193, "osm_type": "nodes", "opening_hours": null, "shop": null, "tourism": "guest_house", "rooms": null, "building": null, "amenity": null, "name": "Ibunda Inn and Spa", "beds": null}},{"type": "Feature", "geometry": {"type":"Point","coordinates":[115.2610122,-8.5146801]}, "properties": {"osm_id": 5626703522, "osm_type": "nodes", "opening_hours": "Mo-Su 09:00-21:00", "shop": "massage", "tourism": null, "rooms": null, "building": null, "amenity": null, "name": "Samsara Spa", "beds": null}},{"type": "Feature", "geometry": {"type":"Point","coordinates":[115.2608327,-8.5146822]}, "properties": {"osm_id": 5626711121, "osm_type": "nodes", "opening_hours": null, "shop": null, "tourism": null, "rooms": null, "building": null, "amenity": "restaurant", "name": "Waroeng Angkasa", "beds": null}},{"type": "Feature", "geometry": {"type":"Point","coordinates":[115.2601445,-8.5141221]}, "properties": {"osm_id": 3410947312, "osm_type": "nodes", "opening_hours": "Mo-Sa 09:00-18:00", "shop": null, "tourism": null, "rooms": null, "building": null, "amenity": "restaurant", "name": "Warung Garasi", "beds": null}},{"type": "Feature", "geometry": {"type":"Point","coordinates":[115.2605126,-8.5140765]}, "properties": {"osm_id": 9968887736, "osm_type": "nodes", "opening_hours": "11:00-22:00", "shop": null, "tourism": null, "rooms": null, "building": null, "amenity": "restaurant", "name": "Liap Liap", "beds": null}},{"type": "Feature", "geometry": {"type":"Point","coordinates":[115.2605435,-8.5140442]}, "properties": {"osm_id": 4908362223, "osm_type": "nodes", "opening_hours": null, "shop": null, "tourism": null, "rooms": null, "building": null, "amenity": "restaurant", "name": "Dian Restaurant", "beds": null}},{"type": "Feature", "geometry": {"type":"Point","coordinates":[115.2601215,-8.5140232]}, "properties": {"osm_id": 6720656501, "osm_type": "nodes", "opening_hours": null, "shop": null, "tourism": "hotel", "rooms": null, "building": null, "amenity": null, "name": "Rahayu Suites", "beds": null}},{"type": "Feature", "geometry": {"type":"Point","coordinates":[115.2607856,-8.5137144]}, "properties": {"osm_id": 4201919419, "osm_type": "nodes", "opening_hours": null, "shop": null, "tourism": null, "rooms": null, "building": null, "amenity": "cafe", "name": "ART KAFE", "beds": null}},{"type": "Feature", "geometry": {"type":"Point","coordinates":[115.2595601,-8.5137137]}, "properties": {"osm_id": 4249937089, "osm_type": "nodes", "opening_hours": "24/7", "shop": null, "tourism": "hotel", "rooms": null, "building": null, "amenity": null, "name": "Jati 3 bungalows", "beds": null}},{"type": "Feature", "geometry": {"type":"Point","coordinates":[115.25794,-8.514279]}, "properties": {"osm_id": 4232974193, "osm_type": "nodes", "opening_hours": null, "shop": null, "tourism": "hotel", "rooms": null, "building": null, "amenity": null, "name": "Pertiwi Bisma 1", "beds": null}},{"type": "Feature", "geometry": {"type":"Point","coordinates":[115.2611157,-8.5143661]}, "properties": {"osm_id": 5008242234, "osm_type": "nodes", "opening_hours": null, "shop": null, "tourism": null, "rooms": null, "building": null, "amenity": "restaurant", "name": "Warung Local Food", "beds": null}},{"type": "Feature", "geometry": {"type":"Point","coordinates":[115.2608977,-8.5145147]}, "properties": {"osm_id": 3502530094, "osm_type": "nodes", "opening_hours": null, "shop": null, "tourism": "hotel", "rooms": null, "building": null, "amenity": null, "name": "Inata Hotel", "beds": null}},{"type": "Feature", "geometry": {"type":"Point","coordinates":[115.2605509,-8.5146192]}, "properties": {"osm_id": 6720656506, "osm_type": "nodes", "opening_hours": null, "shop": null, "tourism": null, "rooms": null, "building": null, "amenity": "restaurant", "name": "Samanera Bowl", "beds": null}},{"type": "Feature", "geometry": {"type":"Point","coordinates":[115.2568599,-8.5139843]}, "properties": {"osm_id": 4227198289, "osm_type": "nodes", "opening_hours": null, "shop": null, "tourism": "hotel", "rooms": null, "building": null, "amenity": null, "name": "Pertiwi Bisma 1", "beds": null}},{"type": "Feature", "geometry": {"type":"Point","coordinates":[115.2502048,-8.5165841]}, "properties": {"osm_id": 5776315447, "osm_type": "nodes", "opening_hours": null, "shop": "massage", "tourism": null, "rooms": null, "building": null, "amenity": null, "name": "Uma Mom Kids & Baby Spa", "beds": null}},{"type": "Feature", "geometry": {"type":"Point","coordinates":[115.258111,-8.5160286]}, "properties": {"osm_id": 4857356522, "osm_type": "nodes", "opening_hours": null, "shop": null, "tourism": null, "rooms": null, "building": null, "amenity": "restaurant", "name": "Bata bata", "beds": null}},{"type": "Feature", "geometry": {"type":"Point","coordinates":[115.2596673,-8.5165591]}, "properties": {"osm_id": 5207394421, "osm_type": "nodes", "opening_hours": null, "shop": null, "tourism": "hotel", "rooms": null, "building": null, "amenity": null, "name": "Pande Permai Bungalows", "beds": null}},{"type": "Feature", "geometry": {"type":"Point","coordinates":[115.258993,-8.5166648]}, "properties": {"osm_id": 10012519355, "osm_type": "nodes", "opening_hours": null, "shop": null, "tourism": null, "rooms": null, "building": null, "amenity": "restaurant", "name": "Wanara Spice", "beds": null}},{"type": "Feature", "geometry": {"type":"Point","coordinates":[115.2596287,-8.5170513]}, "properties": {"osm_id": 4941759921, "osm_type": "nodes", "opening_hours": null, "shop": null, "tourism": null, "rooms": null, "building": null, "amenity": "restaurant", "name": "Olive Mediterranean Cuisine", "beds": null}},{"type": "Feature", "geometry": {"type":"Point","coordinates":[115.2567347,-8.5168786]}, "properties": {"osm_id": 6197743849, "osm_type": "nodes", "opening_hours": null, "shop": null, "tourism": null, "rooms": null, "building": null, "amenity": "restaurant", "name": "Kalyana Restaurant", "beds": null}},{"type": "Feature", "geometry": {"type":"Point","coordinates":[115.2572077,-8.5168583]}, "properties": {"osm_id": 6197735146, "osm_type": "nodes", "opening_hours": null, "shop": null, "tourism": "hotel", "rooms": "26", "building": null, "amenity": null, "name": "Tejaprana Bisma", "beds": null}},{"type": "Feature", "geometry": {"type":"Point","coordinates":[115.2501882,-8.5174744]}, "properties": {"osm_id": 2152861015, "osm_type": "nodes", "opening_hours": null, "shop": null, "tourism": null, "rooms": null, "building": null, "amenity": "restaurant", "name": "Texas BBQ", "beds": null}},{"type": "Feature", "geometry": {"type":"Point","coordinates":[115.2605088,-8.5193438]}, "properties": {"osm_id": 6214442315, "osm_type": "nodes", "opening_hours": null, "shop": null, "tourism": null, "rooms": null, "building": null, "amenity": "cafe", "name": null, "beds": null}},{"type": "Feature", "geometry": {"type":"Point","coordinates":[115.2606747,-8.5141578]}, "properties": {"osm_id": 6258253788, "osm_type": "nodes", "opening_hours": null, "shop": null, "tourism": null, "rooms": null, "building": null, "amenity": "cafe", "name": "Cinta grill and inn", "beds": null}},{"type": "Feature", "geometry": {"type":"Point","coordinates":[115.2605916,-8.5144893]}, "properties": {"osm_id": 6720615181, "osm_type": "nodes", "opening_hours": null, "shop": "clothes", "tourism": null, "rooms": null, "building": null, "amenity": null, "name": "Polo Ralph Lauren", "beds": null}},{"type": "Feature", "geometry": {"type":"Point","coordinates":[115.2846589,-8.5410617]}, "properties": {"osm_id": 4277447589, "osm_type": "nodes", "opening_hours": null, "shop": null, "tourism": "guest_house", "rooms": null, "building": null, "amenity": null, "name": "Villa Sri", "beds": null}},{"type": "Feature", "geometry": {"type":"Point","coordinates":[115.2700585,-8.5455061]}, "properties": {"osm_id": 5038521021, "osm_type": "nodes", "opening_hours": null, "shop": null, "tourism": "information", "rooms": null, "building": null, "amenity": null, "name": null, "beds": null}},{"type": "Feature", "geometry": {"type":"Point","coordinates":[115.2898771,-8.5490931]}, "properties": {"osm_id": 6200232191, "osm_type": "nodes", "opening_hours": null, "shop": null, "tourism": "apartment", "rooms": null, "building": null, "amenity": null, "name": "Uma Dhari Villa", "beds": null}},{"type": "Feature", "geometry": {"type":"Point","coordinates":[115.2896509,-8.5491322]}, "properties": {"osm_id": 6200232200, "osm_type": "nodes", "opening_hours": null, "shop": null, "tourism": "apartment", "rooms": null, "building": null, "amenity": null, "name": "Jineng @ Tree", "beds": null}},{"type": "Feature", "geometry": {"type":"Point","coordinates":[115.272349,-8.5017373]}, "properties": {"osm_id": 4350649097, "osm_type": "nodes", "opening_hours": null, "shop": null, "tourism": null, "rooms": null, "building": null, "amenity": "restaurant", "name": "White Box", "beds": null}},{"type": "Feature", "geometry": {"type":"Point","coordinates":[115.2708159,-8.5017486]}, "properties": {"osm_id": 5575324276, "osm_type": "nodes", "opening_hours": null, "shop": null, "tourism": "guest_house", "rooms": null, "building": null, "amenity": null, "name": "Villa Tanah Shanti - Yoga Resort", "beds": null}},{"type": "Feature", "geometry": {"type":"Point","coordinates":[115.2723427,-8.502852]}, "properties": {"osm_id": 3925160774, "osm_type": "nodes", "opening_hours": null, "shop": null, "tourism": null, "rooms": null, "building": null, "amenity": "restaurant", "name": "Men De", "beds": null}},{"type": "Feature", "geometry": {"type":"Point","coordinates":[115.2720002,-8.5036982]}, "properties": {"osm_id": 9944091017, "osm_type": "nodes", "opening_hours": null, "shop": "variety_store", "tourism": null, "rooms": null, "building": null, "amenity": null, "name": "GAYONA", "beds": null}},{"type": "Feature", "geometry": {"type":"Point","coordinates":[115.2717709,-8.5033197]}, "properties": {"osm_id": 11084694759, "osm_type": "nodes", "opening_hours": null, "shop": null, "tourism": "hotel", "rooms": "3", "building": null, "amenity": null, "name": "Ubud Hidden Villa Yone Village", "beds": null}},{"type": "Feature", "geometry": {"type":"Point","coordinates":[115.2456966,-8.509275]}, "properties": {"osm_id": 4310479789, "osm_type": "nodes", "opening_hours": null, "shop": "farm", "tourism": null, "rooms": null, "building": null, "amenity": null, "name": "Good Earth Farm", "beds": null}},{"type": "Feature", "geometry": {"type":"Point","coordinates":[115.2454622,-8.5067506]}, "properties": {"osm_id": 11198893837, "osm_type": "nodes", "opening_hours": null, "shop": null, "tourism": null, "rooms": null, "building": null, "amenity": "restaurant", "name": "Warung Mek Juwel Nasi Campur Ayam", "beds": null}},{"type": "Feature", "geometry": {"type":"Point","coordinates":[115.249131,-8.5065321]}, "properties": {"osm_id": 5014019821, "osm_type": "nodes", "opening_hours": null, "shop": null, "tourism": "gallery", "rooms": null, "building": null, "amenity": null, "name": null, "beds": null}},{"type": "Feature", "geometry": {"type":"Point","coordinates":[115.2485936,-8.5062635]}, "properties": {"osm_id": 8223921386, "osm_type": "nodes", "opening_hours": null, "shop": null, "tourism": "guest_house", "rooms": null, "building": null, "amenity": null, "name": "Sari Bambu Villas", "beds": null}},{"type": "Feature", "geometry": {"type":"Point","coordinates":[115.2477062,-8.5034993]}, "properties": {"osm_id": 2152861020, "osm_type": "nodes", "opening_hours": null, "shop": "laundry", "tourism": null, "rooms": null, "building": null, "amenity": null, "name": null, "beds": null}},{"type": "Feature", "geometry": {"type":"Point","coordinates":[115.2473193,-8.5036039]}, "properties": {"osm_id": 2188285410, "osm_type": "nodes", "opening_hours": null, "shop": null, "tourism": null, "rooms": null, "building": null, "amenity": "cafe", "name": "Cafe Vespa", "beds": null}},{"type": "Feature", "geometry": {"type":"Point","coordinates":[115.2471215,-8.5036411]}, "properties": {"osm_id": 1416886162, "osm_type": "nodes", "opening_hours": null, "shop": "gift", "tourism": null, "rooms": null, "building": null, "amenity": null, "name": "Ting-Ting Gallery", "beds": null}},{"type": "Feature", "geometry": {"type":"Point","coordinates":[115.2477391,-8.5014811]}, "properties": {"osm_id": 4355080589, "osm_type": "nodes", "opening_hours": null, "shop": null, "tourism": null, "rooms": null, "building": null, "amenity": "restaurant", "name": "Warung Ting Ting", "beds": null}},{"type": "Feature", "geometry": {"type":"Point","coordinates":[115.2375,-8.5013235]}, "properties": {"osm_id": 6759247586, "osm_type": "nodes", "opening_hours": null, "shop": null, "tourism": "attraction", "rooms": null, "building": null, "amenity": null, "name": null, "beds": null}},{"type": "Feature", "geometry": {"type":"Point","coordinates":[115.2438115,-8.5009403]}, "properties": {"osm_id": 4650565789, "osm_type": "nodes", "opening_hours": "Mo-Su 07:00-23:00", "shop": null, "tourism": "hotel", "rooms": null, "building": null, "amenity": null, "name": "Sayan Terrace Resort", "beds": null}},{"type": "Feature", "geometry": {"type":"Point","coordinates":[115.2513451,-8.5005945]}, "properties": {"osm_id": 5010867124, "osm_type": "nodes", "opening_hours": null, "shop": null, "tourism": "guest_house", "rooms": null, "building": null, "amenity": null, "name": null, "beds": null}},{"type": "Feature", "geometry": {"type":"Point","coordinates":[115.2577519,-8.501633]}, "properties": {"osm_id": 3410993903, "osm_type": "nodes", "opening_hours": null, "shop": null, "tourism": "guest_house", "rooms": null, "building": null, "amenity": null, "name": "Pondok Carik", "beds": null}},{"type": "Feature", "geometry": {"type":"Point","coordinates":[115.2617486,-8.5019374]}, "properties": {"osm_id": 3761415377, "osm_type": "nodes", "opening_hours": null, "shop": null, "tourism": "guest_house", "rooms": null, "building": null, "amenity": null, "name": "Arjana 3", "beds": null}},{"type": "Feature", "geometry": {"type":"Point","coordinates":[115.2634839,-8.5017462]}, "properties": {"osm_id": 3761415918, "osm_type": "nodes", "opening_hours": null, "shop": null, "tourism": "guest_house", "rooms": null, "building": null, "amenity": null, "name": "The Nest", "beds": null}},{"type": "Feature", "geometry": {"type":"Point","coordinates":[115.2627714,-8.5012484]}, "properties": {"osm_id": 3761412227, "osm_type": "nodes", "opening_hours": null, "shop": null, "tourism": "guest_house", "rooms": null, "building": null, "amenity": null, "name": "Arjana Bungalows", "beds": null}},{"type": "Feature", "geometry": {"type":"Point","coordinates":[115.2632957,-8.5010977]}, "properties": {"osm_id": 3761416010, "osm_type": "nodes", "opening_hours": null, "shop": null, "tourism": "guest_house", "rooms": null, "building": null, "amenity": null, "name": "Puri Bebengan Bungalows", "beds": null}},{"type": "Feature", "geometry": {"type":"Point","coordinates":[115.261803,-8.501085]}, "properties": {"osm_id": 3761415378, "osm_type": "nodes", "opening_hours": null, "shop": null, "tourism": "attraction", "rooms": null, "building": null, "amenity": null, "name": "Coco Wayan", "beds": null}},{"type": "Feature", "geometry": {"type":"Point","coordinates":[115.2646808,-8.5006456]}, "properties": {"osm_id": 6218094188, "osm_type": "nodes", "opening_hours": null, "shop": "massage", "tourism": null, "rooms": null, "building": null, "amenity": "spa", "name": "Putu Parwati massage", "beds": null}},{"type": "Feature", "geometry": {"type":"Point","coordinates":[115.2631996,-8.5001644]}, "properties": {"osm_id": 6183040831, "osm_type": "nodes", "opening_hours": null, "shop": null, "tourism": "hotel", "rooms": null, "building": null, "amenity": null, "name": "AIR Ubud", "beds": null}},{"type": "Feature", "geometry": {"type":"Point","coordinates":[115.2659776,-8.5027981]}, "properties": {"osm_id": 11055515206, "osm_type": "nodes", "opening_hours": null, "shop": null, "tourism": "chalet", "rooms": null, "building": null, "amenity": null, "name": "Omank Agus Homestay", "beds": null}},{"type": "Feature", "geometry": {"type":"Point","coordinates":[115.2656903,-8.5029136]}, "properties": {"osm_id": 5919585981, "osm_type": "nodes", "opening_hours": null, "shop": null, "tourism": null, "rooms": null, "building": null, "amenity": null, "name": "Ubud Shine Bali", "beds": null}},{"type": "Feature", "geometry": {"type":"Point","coordinates":[115.2658035,-8.5037807]}, "properties": {"osm_id": 5248065743, "osm_type": "nodes", "opening_hours": null, "shop": null, "tourism": "guest_house", "rooms": null, "building": null, "amenity": null, "name": "suparsa's home stay", "beds": null}},{"type": "Feature", "geometry": {"type":"Point","coordinates":[115.2627009,-8.5036289]}, "properties": {"osm_id": 3761415792, "osm_type": "nodes", "opening_hours": null, "shop": null, "tourism": null, "rooms": null, "building": null, "amenity": "restaurant", "name": "Rumah Roda", "beds": null}},{"type": "Feature", "geometry": {"type":"Point","coordinates":[115.262462,-8.5038902]}, "properties": {"osm_id": 3761412785, "osm_type": "nodes", "opening_hours": null, "shop": "clothes", "tourism": null, "rooms": null, "building": null, "amenity": null, "name": null, "beds": null}},{"type": "Feature", "geometry": {"type":"Point","coordinates":[115.2625954,-8.5038726]}, "properties": {"osm_id": 3761412329, "osm_type": "nodes", "opening_hours": null, "shop": "clothes", "tourism": null, "rooms": null, "building": null, "amenity": null, "name": null, "beds": null}},{"type": "Feature", "geometry": {"type":"Point","coordinates":[115.2627537,-8.5033669]}, "properties": {"osm_id": 3761410540, "osm_type": "nodes", "opening_hours": null, "shop": null, "tourism": "guest_house", "rooms": null, "building": null, "amenity": null, "name": "Pakputhi", "beds": null}},{"type": "Feature", "geometry": {"type":"Point","coordinates":[115.2628606,-8.5022348]}, "properties": {"osm_id": 3761415888, "osm_type": "nodes", "opening_hours": null, "shop": null, "tourism": "hotel", "rooms": null, "building": null, "amenity": null, "name": "Ubud Sari Health Resort", "beds": null}},{"type": "Feature", "geometry": {"type":"Point","coordinates":[115.256834,-8.5028587]}, "properties": {"osm_id": 3410993902, "osm_type": "nodes", "opening_hours": null, "shop": "beauty", "tourism": null, "rooms": null, "building": null, "amenity": null, "name": "Cantika 2 Spa", "beds": null}},{"type": "Feature", "geometry": {"type":"Point","coordinates":[115.256957,-8.502652]}, "properties": {"osm_id": 10092472918, "osm_type": "nodes", "opening_hours": null, "shop": null, "tourism": "guest_house", "rooms": null, "building": null, "amenity": null, "name": "Ubud", "beds": null}},{"type": "Feature", "geometry": {"type":"Point","coordinates":[115.2569331,-8.5026601]}, "properties": {"osm_id": 10092472919, "osm_type": "nodes", "opening_hours": null, "shop": null, "tourism": "guest_house", "rooms": null, "building": null, "amenity": null, "name": "Risky Guesthouse", "beds": null}},{"type": "Feature", "geometry": {"type":"Point","coordinates":[115.2518383,-8.5022701]}, "properties": {"osm_id": 2122094721, "osm_type": "nodes", "opening_hours": null, "shop": null, "tourism": "guest_house", "rooms": null, "building": null, "amenity": null, "name": "Ullas House", "beds": null}},{"type": "Feature", "geometry": {"type":"Point","coordinates":[115.2516837,-8.5023942]}, "properties": {"osm_id": 2122102278, "osm_type": "nodes", "opening_hours": null, "shop": null, "tourism": "guest_house", "rooms": null, "building": null, "amenity": null, "name": "Villa Pagoda", "beds": null}},{"type": "Feature", "geometry": {"type":"Point","coordinates":[115.2512546,-8.5024261]}, "properties": {"osm_id": 2122103301, "osm_type": "nodes", "opening_hours": null, "shop": null, "tourism": "guest_house", "rooms": null, "building": null, "amenity": null, "name": "Nandi's", "beds": null}},{"type": "Feature", "geometry": {"type":"Point","coordinates":[115.2514584,-8.5025163]}, "properties": {"osm_id": 2122103014, "osm_type": "nodes", "opening_hours": null, "shop": null, "tourism": "guest_house", "rooms": null, "building": null, "amenity": null, "name": "Naga Naga", "beds": null}},{"type": "Feature", "geometry": {"type":"Point","coordinates":[115.251329,-8.5031173]}, "properties": {"osm_id": 2147635653, "osm_type": "nodes", "opening_hours": null, "shop": null, "tourism": null, "rooms": null, "building": null, "amenity": "restaurant", "name": "Lala Lili Warung", "beds": null}},{"type": "Feature", "geometry": {"type":"Point","coordinates":[115.2503072,-8.5033622]}, "properties": {"osm_id": 925101531, "osm_type": "nodes", "opening_hours": null, "shop": null, "tourism": null, "rooms": null, "building": null, "amenity": "restaurant", "name": "made warung", "beds": null}},{"type": "Feature", "geometry": {"type":"Point","coordinates":[115.257071,-8.5035049]}, "properties": {"osm_id": 4404339320, "osm_type": "nodes", "opening_hours": "24/7", "shop": null, "tourism": "guest_house", "rooms": null, "building": null, "amenity": null, "name": "Nur Guest House", "beds": null}},{"type": "Feature", "geometry": {"type":"Point","coordinates":[115.251677,-8.5043699]}, "properties": {"osm_id": 2435951287, "osm_type": "nodes", "opening_hours": null, "shop": null, "tourism": "hotel", "rooms": null, "building": null, "amenity": null, "name": "Londo Bungalows", "beds": null}},{"type": "Feature", "geometry": {"type":"Point","coordinates":[115.2555814,-8.5043629]}, "properties": {"osm_id": 2843283523, "osm_type": "nodes", "opening_hours": null, "shop": null, "tourism": "hotel", "rooms": null, "building": null, "amenity": null, "name": "Ibah", "beds": null}},{"type": "Feature", "geometry": {"type":"Point","coordinates":[115.2624077,-8.5039668]}, "properties": {"osm_id": 3761412786, "osm_type": "nodes", "opening_hours": null, "shop": "massage", "tourism": null, "rooms": null, "building": null, "amenity": null, "name": "Putri Salon", "beds": null}},{"type": "Feature", "geometry": {"type":"Point","coordinates":[115.2622825,-8.5042675]}, "properties": {"osm_id": 3761410539, "osm_type": "nodes", "opening_hours": null, "shop": "massage", "tourism": null, "rooms": null, "building": null, "amenity": null, "name": "Fortuna", "beds": null}},{"type": "Feature", "geometry": {"type":"Point","coordinates":[115.2623421,-8.5042221]}, "properties": {"osm_id": 3761412784, "osm_type": "nodes", "opening_hours": null, "shop": "massage", "tourism": null, "rooms": null, "building": null, "amenity": null, "name": "Golden Hand's", "beds": null}},{"type": "Feature", "geometry": {"type":"Point","coordinates":[115.2623143,-8.5042867]}, "properties": {"osm_id": 3761410538, "osm_type": "nodes", "opening_hours": null, "shop": null, "tourism": null, "rooms": null, "building": null, "amenity": "restaurant", "name": "Fortuna", "beds": null}},{"type": "Feature", "geometry": {"type":"Point","coordinates":[115.2624321,-8.5043782]}, "properties": {"osm_id": 3761415347, "osm_type": "nodes", "opening_hours": null, "shop": null, "tourism": "guest_house", "rooms": null, "building": null, "amenity": null, "name": "Keprabon", "beds": null}},{"type": "Feature", "geometry": {"type":"Point","coordinates":[115.2617225,-8.5043454]}, "properties": {"osm_id": 3691462889, "osm_type": "nodes", "opening_hours": null, "shop": null, "tourism": "guest_house", "rooms": null, "building": null, "amenity": null, "name": "Ladybamboo Villa", "beds": null}},{"type": "Feature", "geometry": {"type":"Point","coordinates":[115.2623558,-8.5043968]}, "properties": {"osm_id": 2854256831, "osm_type": "nodes", "opening_hours": "09:00-23:00", "shop": null, "tourism": null, "rooms": null, "building": null, "amenity": "cafe", "name": "Sura's Warung", "beds": null}},{"type": "Feature", "geometry": {"type":"Point","coordinates":[115.2620263,-8.504629]}, "properties": {"osm_id": 3761412236, "osm_type": "nodes", "opening_hours": null, "shop": null, "tourism": "guest_house", "rooms": null, "building": null, "amenity": null, "name": "Bali Yoga", "beds": null}},{"type": "Feature", "geometry": {"type":"Point","coordinates":[115.2623233,-8.5046353]}, "properties": {"osm_id": 1762425083, "osm_type": "nodes", "opening_hours": null, "shop": "clothes", "tourism": null, "rooms": null, "building": null, "amenity": null, "name": "Threads of Life", "beds": null}},{"type": "Feature", "geometry": {"type":"Point","coordinates":[115.2622036,-8.504708]}, "properties": {"osm_id": 3761412269, "osm_type": "nodes", "opening_hours": null, "shop": "massage", "tourism": null, "rooms": null, "building": null, "amenity": null, "name": "Meisy", "beds": null}},{"type": "Feature", "geometry": {"type":"Point","coordinates":[115.2579372,-8.5048662]}, "properties": {"osm_id": 10125463117, "osm_type": "nodes", "opening_hours": null, "shop": null, "tourism": "hotel", "rooms": null, "building": null, "amenity": null, "name": "Abangan Bungalow", "beds": null}},{"type": "Feature", "geometry": {"type":"Point","coordinates":[115.2601004,-8.5006024]}, "properties": {"osm_id": 8292456101, "osm_type": "nodes", "opening_hours": null, "shop": null, "tourism": "hotel", "rooms": "3", "building": null, "amenity": null, "name": "Sweet Orange Pondok", "beds": null}},{"type": "Feature", "geometry": {"type":"Point","coordinates":[115.2630209,-8.5211352]}, "properties": {"osm_id": 4769263142, "osm_type": "nodes", "opening_hours": null, "shop": null, "tourism": null, "rooms": null, "building": null, "amenity": "cafe", "name": "Cat Cafe Ubud", "beds": null}},{"type": "Feature", "geometry": {"type":"Point","coordinates":[115.2632662,-8.5180422]}, "properties": {"osm_id": 3761412238, "osm_type": "nodes", "opening_hours": "24/7", "shop": "supermarket", "tourism": null, "rooms": null, "building": null, "amenity": null, "name": "Delta Dewata", "beds": null}},{"type": "Feature", "geometry": {"type":"Point","coordinates":[115.26287,-8.5182245]}, "properties": {"osm_id": 5419607076, "osm_type": "nodes", "opening_hours": null, "shop": "convenience", "tourism": null, "rooms": null, "building": null, "amenity": null, "name": "MiniMart", "beds": null}},{"type": "Feature", "geometry": {"type":"Point","coordinates":[115.263033,-8.5181932]}, "properties": {"osm_id": 5730286721, "osm_type": "nodes", "opening_hours": null, "shop": null, "tourism": null, "rooms": null, "building": null, "amenity": "bar", "name": "monkey legend", "beds": null}},{"type": "Feature", "geometry": {"type":"Point","coordinates":[115.2633403,-8.5182757]}, "properties": {"osm_id": 6715453503, "osm_type": "nodes", "opening_hours": null, "shop": null, "tourism": null, "rooms": null, "building": null, "amenity": "cafe", "name": "Otokafe", "beds": null}},{"type": "Feature", "geometry": {"type":"Point","coordinates":[115.2597638,-8.5171282]}, "properties": {"osm_id": 6083948485, "osm_type": "nodes", "opening_hours": null, "shop": "gift", "tourism": null, "rooms": null, "building": null, "amenity": null, "name": "Indigobatik", "beds": null}},{"type": "Feature", "geometry": {"type":"Point","coordinates":[115.2570676,-8.5229011]}, "properties": {"osm_id": 10201633117, "osm_type": "nodes", "opening_hours": "Su-Sa 13:00-17:00", "shop": null, "tourism": "museum", "rooms": null, "building": null, "amenity": null, "name": "Museum Pendet", "beds": null}},{"type": "Feature", "geometry": {"type":"Point","coordinates":[115.2903242,-8.548543]}, "properties": {"osm_id": 6200232208, "osm_type": "nodes", "opening_hours": null, "shop": null, "tourism": null, "rooms": null, "building": null, "amenity": null, "name": "Taman Petanu Eco Neighborhood", "beds": null}},{"type": "Feature", "geometry": {"type":"Point","coordinates":[115.2619438,-8.5431832]}, "properties": {"osm_id": 11181215539, "osm_type": "nodes", "opening_hours": null, "shop": null, "tourism": "artwork", "rooms": null, "building": null, "amenity": null, "name": "Semar Kuning", "beds": null}},{"type": "Feature", "geometry": {"type":"Point","coordinates":[115.2602888,-8.5369085]}, "properties": {"osm_id": 13398494001, "osm_type": "nodes", "opening_hours": null, "shop": null, "tourism": null, "rooms": null, "building": null, "amenity": "restaurant", "name": "Warung Fibonacci", "beds": null}},{"type": "Feature", "geometry": {"type":"Point","coordinates":[115.2666517,-8.4921959]}, "properties": {"osm_id": 6778845247, "osm_type": "nodes", "opening_hours": "08:00-16:00", "shop": null, "tourism": null, "rooms": null, "building": null, "amenity": "cafe", "name": "Ginger Flowers", "beds": null}},{"type": "Feature", "geometry": {"type":"Point","coordinates":[115.247818,-8.489569]}, "properties": {"osm_id": 4766016219, "osm_type": "nodes", "opening_hours": null, "shop": null, "tourism": "hotel", "rooms": null, "building": null, "amenity": null, "name": "Samkhya Villas", "beds": null}},{"type": "Feature", "geometry": {"type":"Point","coordinates":[115.2574134,-8.4886071]}, "properties": {"osm_id": 6839170285, "osm_type": "nodes", "opening_hours": null, "shop": null, "tourism": null, "rooms": null, "building": null, "amenity": "restaurant", "name": "Bamboo Kitchen Ubud", "beds": null}},{"type": "Feature", "geometry": {"type":"Point","coordinates":[115.2536825,-8.4889518]}, "properties": {"osm_id": 3546095982, "osm_type": "nodes", "opening_hours": null, "shop": null, "tourism": "gallery", "rooms": null, "building": null, "amenity": null, "name": "Naka Contemporary Art Gallery", "beds": null}},{"type": "Feature", "geometry": {"type":"Point","coordinates":[115.2438901,-8.4857637]}, "properties": {"osm_id": 7661559708, "osm_type": "nodes", "opening_hours": null, "shop": null, "tourism": "hotel", "rooms": null, "building": null, "amenity": null, "name": "Mandapa, a Ritz-Carlton Reserve", "beds": null}},{"type": "Feature", "geometry": {"type":"Point","coordinates":[115.2515745,-8.475045]}, "properties": {"osm_id": 6351400982, "osm_type": "nodes", "opening_hours": null, "shop": null, "tourism": "hotel", "rooms": null, "building": null, "amenity": null, "name": "The Payogan Villa Resort & Spa", "beds": null}},{"type": "Feature", "geometry": {"type":"Point","coordinates":[115.2489829,-8.4859885]}, "properties": {"osm_id": 4769133537, "osm_type": "nodes", "opening_hours": "24/7", "shop": "travel_agency", "tourism": null, "rooms": null, "building": null, "amenity": null, "name": "Cho Bali Tours", "beds": null}},{"type": "Feature", "geometry": {"type":"Point","coordinates":[115.2518056,-8.4867469]}, "properties": {"osm_id": 2188280706, "osm_type": "nodes", "opening_hours": null, "shop": null, "tourism": null, "rooms": null, "building": null, "amenity": "restaurant", "name": "Fly Cafe", "beds": null}},{"type": "Feature", "geometry": {"type":"Point","coordinates":[115.2670507,-8.492277]}, "properties": {"osm_id": 12981746306, "osm_type": "nodes", "opening_hours": null, "shop": null, "tourism": "hotel", "rooms": null, "building": null, "amenity": null, "name": "Chandi Hotel", "beds": null}},{"type": "Feature", "geometry": {"type":"Point","coordinates":[115.2923561,-8.5237076]}, "properties": {"osm_id": 12960887001, "osm_type": "nodes", "opening_hours": null, "shop": null, "tourism": "hostel", "rooms": null, "building": null, "amenity": null, "name": "Nuja balinese guesthouse", "beds": null}},{"type": "Feature", "geometry": {"type":"Point","coordinates":[115.2713028,-8.527701]}, "properties": {"osm_id": 4559280989, "osm_type": "nodes", "opening_hours": null, "shop": null, "tourism": "hotel", "rooms": null, "building": null, "amenity": null, "name": "Friendly Bali", "beds": null}},{"type": "Feature", "geometry": {"type":"Point","coordinates":[115.2730498,-8.5239073]}, "properties": {"osm_id": 4622799489, "osm_type": "nodes", "opening_hours": null, "shop": null, "tourism": "hostel", "rooms": null, "building": null, "amenity": null, "name": "Halaman Depan Hostel", "beds": null}},{"type": "Feature", "geometry": {"type":"Point","coordinates":[115.2627423,-8.5286949]}, "properties": {"osm_id": 4723498990, "osm_type": "nodes", "opening_hours": "24/7", "shop": null, "tourism": "guest_house", "rooms": null, "building": null, "amenity": null, "name": "Puri Kobot", "beds": null}},{"type": "Feature", "geometry": {"type":"Point","coordinates":[115.2669404,-8.5243713]}, "properties": {"osm_id": 4984275526, "osm_type": "nodes", "opening_hours": null, "shop": null, "tourism": null, "rooms": null, "building": null, "amenity": "restaurant", "name": "Siboghana Vegetarian Waroeng", "beds": null}},{"type": "Feature", "geometry": {"type":"Point","coordinates":[115.263309,-8.5234654]}, "properties": {"osm_id": 4984478622, "osm_type": "nodes", "opening_hours": null, "shop": null, "tourism": null, "rooms": null, "building": null, "amenity": "cafe", "name": "ipong coffee & cafe", "beds": null}},{"type": "Feature", "geometry": {"type":"Point","coordinates":[115.2661158,-8.5167023]}, "properties": {"osm_id": 5003110422, "osm_type": "nodes", "opening_hours": "Mo-Su 09:00-22:00", "shop": "massage", "tourism": null, "rooms": null, "building": null, "amenity": null, "name": "Bali Relax Spa", "beds": null}},{"type": "Feature", "geometry": {"type":"Point","coordinates":[115.262731,-8.5208342]}, "properties": {"osm_id": 5175877327, "osm_type": "nodes", "opening_hours": null, "shop": null, "tourism": "hostel", "rooms": null, "building": null, "amenity": null, "name": "Rw down town", "beds": null}},{"type": "Feature", "geometry": {"type":"Point","coordinates":[115.2633536,-8.522909]}, "properties": {"osm_id": 5187775721, "osm_type": "nodes", "opening_hours": null, "shop": null, "tourism": null, "rooms": null, "building": null, "amenity": "restaurant", "name": "Batubara Argentinian Grillery", "beds": null}},{"type": "Feature", "geometry": {"type":"Point","coordinates":[115.2833951,-8.5109265]}, "properties": {"osm_id": 5692664021, "osm_type": "nodes", "opening_hours": null, "shop": null, "tourism": "guest_house", "rooms": null, "building": null, "amenity": null, "name": "kubu sari house", "beds": null}},{"type": "Feature", "geometry": {"type":"Point","coordinates":[115.2644687,-8.5122773]}, "properties": {"osm_id": 5701599121, "osm_type": "nodes", "opening_hours": "Mo-Su 09:00-21:00", "shop": null, "tourism": null, "rooms": null, "building": null, "amenity": "restaurant", "name": "Taksu Galeria", "beds": null}},{"type": "Feature", "geometry": {"type":"Point","coordinates":[115.2845801,-8.5226023]}, "properties": {"osm_id": 5740309221, "osm_type": "nodes", "opening_hours": null, "shop": null, "tourism": null, "rooms": null, "building": null, "amenity": "restaurant", "name": "Lanaya", "beds": null}},{"type": "Feature", "geometry": {"type":"Point","coordinates":[115.2630809,-8.5196025]}, "properties": {"osm_id": 5821798553, "osm_type": "nodes", "opening_hours": "Mo-Su 09:00-23:00", "shop": "massage", "tourism": null, "rooms": null, "building": null, "amenity": null, "name": "Gratia Spa", "beds": null}},{"type": "Feature", "geometry": {"type":"Point","coordinates":[115.26312,-8.5199509]}, "properties": {"osm_id": 5855541186, "osm_type": "nodes", "opening_hours": null, "shop": "bakery", "tourism": null, "rooms": null, "building": null, "amenity": null, "name": "Kakiang Bakery & Cafe", "beds": null}},{"type": "Feature", "geometry": {"type":"Point","coordinates":[115.2785846,-8.5230576]}, "properties": {"osm_id": 5858426785, "osm_type": "nodes", "opening_hours": null, "shop": null, "tourism": null, "rooms": null, "building": null, "amenity": "cafe", "name": "Kedai Kopi Kulo", "beds": null}},{"type": "Feature", "geometry": {"type":"Point","coordinates":[115.2659875,-8.5238089]}, "properties": {"osm_id": 5895456385, "osm_type": "nodes", "opening_hours": "Mo-Su 07:00-20:30", "shop": "bicycle", "tourism": null, "rooms": null, "building": null, "amenity": null, "name": "Bali Eco Cycling", "beds": null}},{"type": "Feature", "geometry": {"type":"Point","coordinates":[115.263915,-8.5199712]}, "properties": {"osm_id": 5975872085, "osm_type": "nodes", "opening_hours": null, "shop": null, "tourism": "hotel", "rooms": null, "building": null, "amenity": null, "name": "Kakiang Resort & Pool", "beds": null}},{"type": "Feature", "geometry": {"type":"Point","coordinates":[115.262879,-8.5206603]}, "properties": {"osm_id": 6080867687, "osm_type": "nodes", "opening_hours": null, "shop": "massage", "tourism": null, "rooms": null, "building": null, "amenity": null, "name": "Keylien Spa", "beds": null}},{"type": "Feature", "geometry": {"type":"Point","coordinates":[115.2928378,-8.5294146]}, "properties": {"osm_id": 6124811785, "osm_type": "nodes", "opening_hours": null, "shop": "clothes", "tourism": null, "rooms": null, "building": null, "amenity": null, "name": "Free sarong", "beds": null}},{"type": "Feature", "geometry": {"type":"Point","coordinates":[115.2634,-8.5219583]}, "properties": {"osm_id": 6164068586, "osm_type": "nodes", "opening_hours": "24/7", "shop": null, "tourism": "hostel", "rooms": null, "building": null, "amenity": null, "name": "Padi Padi Backpackers House", "beds": null}},{"type": "Feature", "geometry": {"type":"Point","coordinates":[115.2648408,-8.52412]}, "properties": {"osm_id": 6253283985, "osm_type": "nodes", "opening_hours": null, "shop": null, "tourism": null, "rooms": null, "building": null, "amenity": "restaurant", "name": "Hongalia", "beds": null}},{"type": "Feature", "geometry": {"type":"Point","coordinates":[115.2800574,-8.5151029]}, "properties": {"osm_id": 6311237885, "osm_type": "nodes", "opening_hours": null, "shop": null, "tourism": "guest_house", "rooms": null, "building": null, "amenity": null, "name": "STRANDED VILLAS", "beds": null}},{"type": "Feature", "geometry": {"type":"Point","coordinates":[115.2638445,-8.5157131]}, "properties": {"osm_id": 6340699585, "osm_type": "nodes", "opening_hours": null, "shop": "clothes", "tourism": null, "rooms": null, "building": null, "amenity": null, "name": "Sistas Shop", "beds": null}},{"type": "Feature", "geometry": {"type":"Point","coordinates":[115.2629204,-8.5207316]}, "properties": {"osm_id": 6340754185, "osm_type": "nodes", "opening_hours": null, "shop": "clothes", "tourism": null, "rooms": null, "building": null, "amenity": null, "name": "Salty Soul", "beds": null}},{"type": "Feature", "geometry": {"type":"Point","coordinates":[115.2629627,-8.5210815]}, "properties": {"osm_id": 6340754186, "osm_type": "nodes", "opening_hours": null, "shop": "clothes", "tourism": null, "rooms": null, "building": null, "amenity": null, "name": "Kewangen", "beds": null}},{"type": "Feature", "geometry": {"type":"Point","coordinates":[115.2633518,-8.5241956]}, "properties": {"osm_id": 6342481585, "osm_type": "nodes", "opening_hours": null, "shop": null, "tourism": null, "rooms": null, "building": null, "amenity": "restaurant", "name": "Taliwang Ubud", "beds": null}},{"type": "Feature", "geometry": {"type":"Point","coordinates":[115.2658934,-8.5241041]}, "properties": {"osm_id": 6351615585, "osm_type": "nodes", "opening_hours": null, "shop": "variety_store", "tourism": null, "rooms": null, "building": null, "amenity": null, "name": "Art On The Table", "beds": null}},{"type": "Feature", "geometry": {"type":"Point","coordinates":[115.2633986,-8.5243039]}, "properties": {"osm_id": 6383115785, "osm_type": "nodes", "opening_hours": null, "shop": "travel_agency", "tourism": null, "rooms": null, "building": null, "amenity": null, "name": "Bali sunrise trekking tours", "beds": null}},{"type": "Feature", "geometry": {"type":"Point","coordinates":[115.2684243,-8.5119793]}, "properties": {"osm_id": 6387028585, "osm_type": "nodes", "opening_hours": null, "shop": "massage", "tourism": null, "rooms": null, "building": null, "amenity": null, "name": "Bali relax spa", "beds": null}},{"type": "Feature", "geometry": {"type":"Point","coordinates":[115.2635731,-8.5138364]}, "properties": {"osm_id": 6436269785, "osm_type": "nodes", "opening_hours": null, "shop": null, "tourism": "guest_house", "rooms": null, "building": null, "amenity": null, "name": "Chandra Asri Bungalow (real location)", "beds": null}},{"type": "Feature", "geometry": {"type":"Point","coordinates":[115.2628647,-8.5212184]}, "properties": {"osm_id": 6518260085, "osm_type": "nodes", "opening_hours": null, "shop": null, "tourism": null, "rooms": null, "building": null, "amenity": "restaurant", "name": "Twist restaurant (local + burgers)", "beds": null}},{"type": "Feature", "geometry": {"type":"Point","coordinates":[115.286521,-8.5273004]}, "properties": {"osm_id": 6594751785, "osm_type": "nodes", "opening_hours": null, "shop": null, "tourism": "hotel", "rooms": null, "building": null, "amenity": null, "name": "Villa Rumah Bakti Ubud", "beds": null}},{"type": "Feature", "geometry": {"type":"Point","coordinates":[115.2718088,-8.5299482]}, "properties": {"osm_id": 6673072785, "osm_type": "nodes", "opening_hours": null, "shop": null, "tourism": null, "rooms": null, "building": null, "amenity": "restaurant", "name": "Portofino", "beds": null}},{"type": "Feature", "geometry": {"type":"Point","coordinates":[115.263623,-8.5207867]}, "properties": {"osm_id": 6713672986, "osm_type": "nodes", "opening_hours": null, "shop": null, "tourism": "hotel", "rooms": null, "building": null, "amenity": null, "name": "Bening Bungalows", "beds": null}},{"type": "Feature", "geometry": {"type":"Point","coordinates":[115.265712,-8.5165955]}, "properties": {"osm_id": 6723399785, "osm_type": "nodes", "opening_hours": null, "shop": null, "tourism": null, "rooms": null, "building": null, "amenity": "restaurant", "name": "Jani's vegan corner and spa", "beds": null}},{"type": "Feature", "geometry": {"type":"Point","coordinates":[115.2685973,-8.5113187]}, "properties": {"osm_id": 6784242786, "osm_type": "nodes", "opening_hours": null, "shop": null, "tourism": "guest_house", "rooms": null, "building": null, "amenity": null, "name": "UTU house - UTU Homestay", "beds": null}},{"type": "Feature", "geometry": {"type":"Point","coordinates":[115.2718549,-8.5302603]}, "properties": {"osm_id": 6926553886, "osm_type": "nodes", "opening_hours": null, "shop": null, "tourism": "artwork", "rooms": null, "building": null, "amenity": null, "name": "Taksu Bali Art Galeri", "beds": null}},{"type": "Feature", "geometry": {"type":"Point","coordinates":[115.2718143,-8.53005]}, "properties": {"osm_id": 6926615985, "osm_type": "nodes", "opening_hours": null, "shop": "supermarket", "tourism": null, "rooms": null, "building": null, "amenity": null, "name": "Ubud Deli", "beds": null}},{"type": "Feature", "geometry": {"type":"Point","coordinates":[115.2738563,-8.5238462]}, "properties": {"osm_id": 6933867185, "osm_type": "nodes", "opening_hours": null, "shop": null, "tourism": null, "rooms": null, "building": null, "amenity": "restaurant", "name": "Warung Berkah", "beds": null}},{"type": "Feature", "geometry": {"type":"Point","coordinates":[115.2738783,-8.5237347]}, "properties": {"osm_id": 6933867285, "osm_type": "nodes", "opening_hours": null, "shop": null, "tourism": null, "rooms": null, "building": null, "amenity": "restaurant", "name": "Warung Ibu Wayan", "beds": null}},{"type": "Feature", "geometry": {"type":"Point","coordinates":[115.2669126,-8.5237793]}, "properties": {"osm_id": 6942533286, "osm_type": "nodes", "opening_hours": null, "shop": null, "tourism": null, "rooms": null, "building": null, "amenity": "restaurant", "name": "88 Corner", "beds": null}},{"type": "Feature", "geometry": {"type":"Point","coordinates":[115.2779823,-8.5228073]}, "properties": {"osm_id": 6947785691, "osm_type": "nodes", "opening_hours": null, "shop": null, "tourism": null, "rooms": null, "building": null, "amenity": "cafe", "name": "Erlangga", "beds": null}},{"type": "Feature", "geometry": {"type":"Point","coordinates":[115.278686,-8.522927]}, "properties": {"osm_id": 6947902486, "osm_type": "nodes", "opening_hours": null, "shop": null, "tourism": null, "rooms": null, "building": null, "amenity": "cafe", "name": "Ngo Cok", "beds": null}},{"type": "Feature", "geometry": {"type":"Point","coordinates":[115.278911,-8.5228001]}, "properties": {"osm_id": 6948017385, "osm_type": "nodes", "opening_hours": null, "shop": null, "tourism": null, "rooms": null, "building": null, "amenity": "cafe", "name": "Warung Alon Alon", "beds": null}},{"type": "Feature", "geometry": {"type":"Point","coordinates":[115.2783222,-8.5229701]}, "properties": {"osm_id": 6948028285, "osm_type": "nodes", "opening_hours": null, "shop": null, "tourism": null, "rooms": null, "building": null, "amenity": "cafe", "name": "Warung Madu", "beds": null}},{"type": "Feature", "geometry": {"type":"Point","coordinates":[115.2781614,-8.5229765]}, "properties": {"osm_id": 6948030985, "osm_type": "nodes", "opening_hours": null, "shop": null, "tourism": null, "rooms": null, "building": null, "amenity": "restaurant", "name": "Bagindo Masakan Padang", "beds": null}},{"type": "Feature", "geometry": {"type":"Point","coordinates":[115.2769769,-8.5230329]}, "properties": {"osm_id": 6948127597, "osm_type": "nodes", "opening_hours": null, "shop": null, "tourism": null, "rooms": null, "building": null, "amenity": "cafe", "name": "Lalapan Cak Nomin", "beds": null}},{"type": "Feature", "geometry": {"type":"Point","coordinates":[115.2774194,-8.5233634]}, "properties": {"osm_id": 6953449985, "osm_type": "nodes", "opening_hours": null, "shop": null, "tourism": null, "rooms": null, "building": null, "amenity": "restaurant", "name": "Black & White", "beds": null}},{"type": "Feature", "geometry": {"type":"Point","coordinates":[115.2691446,-8.5189352]}, "properties": {"osm_id": 6984459486, "osm_type": "nodes", "opening_hours": null, "shop": "convenience", "tourism": null, "rooms": null, "building": null, "amenity": null, "name": "Vegetables & Fruits Local Market", "beds": null}},{"type": "Feature", "geometry": {"type":"Point","coordinates":[115.2738535,-8.5238596]}, "properties": {"osm_id": 7025268986, "osm_type": "nodes", "opening_hours": "Mo-Su 07:00-20:00", "shop": null, "tourism": null, "rooms": null, "building": null, "amenity": "cafe", "name": "Warung Berkah. Lokal", "beds": null}},{"type": "Feature", "geometry": {"type":"Point","coordinates":[115.2738396,-8.5238582]}, "properties": {"osm_id": 7031662385, "osm_type": "nodes", "opening_hours": "Mo-Su 07:00-20:00", "shop": null, "tourism": null, "rooms": null, "building": null, "amenity": "restaurant", "name": "Warung BERKAH JAWA", "beds": null}},{"type": "Feature", "geometry": {"type":"Point","coordinates":[115.2635556,-8.5182937]}, "properties": {"osm_id": 7037694585, "osm_type": "nodes", "opening_hours": null, "shop": null, "tourism": null, "rooms": null, "building": null, "amenity": "restaurant", "name": "Pison Coffee", "beds": null}},{"type": "Feature", "geometry": {"type":"Point","coordinates":[115.2632733,-8.5179792]}, "properties": {"osm_id": 7037791785, "osm_type": "nodes", "opening_hours": null, "shop": null, "tourism": null, "rooms": null, "building": null, "amenity": "restaurant", "name": "L’Osteria Pizza & Cucina", "beds": null}},{"type": "Feature", "geometry": {"type":"Point","coordinates":[115.2647071,-8.5161955]}, "properties": {"osm_id": 7111469485, "osm_type": "nodes", "opening_hours": "Mo-Su 10:00-22:00", "shop": null, "tourism": null, "rooms": null, "building": null, "amenity": "restaurant", "name": "Pumpkin and Beetroot", "beds": null}},{"type": "Feature", "geometry": {"type":"Point","coordinates":[115.2712936,-8.5266662]}, "properties": {"osm_id": 7180899887, "osm_type": "nodes", "opening_hours": null, "shop": null, "tourism": null, "rooms": null, "building": null, "amenity": "fast_food", "name": "Baba Rafi", "beds": null}},{"type": "Feature", "geometry": {"type":"Point","coordinates":[115.2712838,-8.5265454]}, "properties": {"osm_id": 7180899985, "osm_type": "nodes", "opening_hours": null, "shop": null, "tourism": null, "rooms": null, "building": null, "amenity": "cafe", "name": "Teko Teges", "beds": null}},{"type": "Feature", "geometry": {"type":"Point","coordinates":[115.2801914,-8.5227938]}, "properties": {"osm_id": 7208234886, "osm_type": "nodes", "opening_hours": null, "shop": "mobile_phone", "tourism": null, "rooms": null, "building": null, "amenity": null, "name": "Cheap SIM cards", "beds": null}},{"type": "Feature", "geometry": {"type":"Point","coordinates":[115.2767873,-8.523409]}, "properties": {"osm_id": 7673780587, "osm_type": "nodes", "opening_hours": null, "shop": null, "tourism": null, "rooms": null, "building": null, "amenity": "cafe", "name": "SARI PITAKA", "beds": null}},{"type": "Feature", "geometry": {"type":"Point","coordinates":[115.2639686,-8.5285422]}, "properties": {"osm_id": 7673780885, "osm_type": "nodes", "opening_hours": null, "shop": null, "tourism": null, "rooms": null, "building": null, "amenity": "restaurant", "name": "Mai je warung", "beds": null}},{"type": "Feature", "geometry": {"type":"Point","coordinates":[115.2837681,-8.5286576]}, "properties": {"osm_id": 7679291785, "osm_type": "nodes", "opening_hours": null, "shop": null, "tourism": "guest_house", "rooms": null, "building": null, "amenity": null, "name": "DiraLoka", "beds": null}},{"type": "Feature", "geometry": {"type":"Point","coordinates":[115.2685783,-8.520418]}, "properties": {"osm_id": 8115037317, "osm_type": "nodes", "opening_hours": null, "shop": "clothes", "tourism": null, "rooms": null, "building": null, "amenity": null, "name": "Virtuous", "beds": null}},{"type": "Feature", "geometry": {"type":"Point","coordinates":[115.2694504,-8.5164409]}, "properties": {"osm_id": 8337725517, "osm_type": "nodes", "opening_hours": "Mo-Sa 09:00-17:00", "shop": "pet", "tourism": null, "rooms": null, "building": null, "amenity": null, "name": "Natalia Pet", "beds": null}},{"type": "Feature", "geometry": {"type":"Point","coordinates":[115.275416,-8.5233877]}, "properties": {"osm_id": 8637587718, "osm_type": "nodes", "opening_hours": "Mo-Sa 09:00-17:00; Su 08:00-16:00", "shop": "car_repair", "tourism": null, "rooms": null, "building": null, "amenity": null, "name": "Waja Motor Yamaha", "beds": null}},{"type": "Feature", "geometry": {"type":"Point","coordinates":[115.2716565,-8.5290453]}, "properties": {"osm_id": 8955566417, "osm_type": "nodes", "opening_hours": "Mo-Su 09:00-17:00", "shop": "motorcycle", "tourism": null, "rooms": null, "building": null, "amenity": null, "name": "Corsa Motor", "beds": null}},{"type": "Feature", "geometry": {"type":"Point","coordinates":[115.2917789,-8.5274518]}, "properties": {"osm_id": 11836388136, "osm_type": "nodes", "opening_hours": null, "shop": null, "tourism": null, "rooms": null, "building": null, "amenity": "restaurant", "name": "Bakmie Dua-Dua", "beds": null}},{"type": "Feature", "geometry": {"type":"Point","coordinates":[115.2648969,-8.5152297]}, "properties": {"osm_id": 11841204569, "osm_type": "nodes", "opening_hours": null, "shop": null, "tourism": "guest_house", "rooms": null, "building": null, "amenity": null, "name": "Dewi Antawa Homestay", "beds": null}},{"type": "Feature", "geometry": {"type":"Point","coordinates":[115.2631646,-8.5214749]}, "properties": {"osm_id": 7245492885, "osm_type": "nodes", "opening_hours": null, "shop": "convenience", "tourism": null, "rooms": null, "building": null, "amenity": null, "name": "Alfamart", "beds": null}},{"type": "Feature", "geometry": {"type":"Point","coordinates":[115.2731561,-8.5236849]}, "properties": {"osm_id": 6926105185, "osm_type": "nodes", "opening_hours": null, "shop": "convenience", "tourism": null, "rooms": null, "building": null, "amenity": null, "name": "Indomaret", "beds": null}},{"type": "Feature", "geometry": {"type":"Point","coordinates":[115.2397952,-8.5163467]}, "properties": {"osm_id": 12866101175, "osm_type": "nodes", "opening_hours": "Mo-Su 08:00-17:00", "shop": "motorcycle_parts", "tourism": null, "rooms": null, "building": null, "amenity": null, "name": "Susan Motor", "beds": null}},{"type": "Feature", "geometry": {"type":"Point","coordinates":[115.2392346,-8.5121794]}, "properties": {"osm_id": 12861904501, "osm_type": "nodes", "opening_hours": "Mo-Su 08:00-19:00", "shop": "laundry", "tourism": null, "rooms": null, "building": null, "amenity": null, "name": "Gerry Laundry", "beds": null}},{"type": "Feature", "geometry": {"type":"Point","coordinates":[115.2339185,-8.5238355]}, "properties": {"osm_id": 12662060173, "osm_type": "nodes", "opening_hours": null, "shop": null, "tourism": "apartment", "rooms": null, "building": null, "amenity": null, "name": "Semana Residences", "beds": null}},{"type": "Feature", "geometry": {"type":"Point","coordinates":[115.2657623,-8.5047244]}, "properties": {"osm_id": 10795063075, "osm_type": "nodes", "opening_hours": null, "shop": "laundry", "tourism": null, "rooms": null, "building": null, "amenity": null, "name": null, "beds": null}},{"type": "Feature", "geometry": {"type":"Point","coordinates":[115.2641649,-8.5097243]}, "properties": {"osm_id": 10792902767, "osm_type": "nodes", "opening_hours": null, "shop": null, "tourism": null, "rooms": null, "building": null, "amenity": "cafe", "name": "Prince Coffee", "beds": null}},{"type": "Feature", "geometry": {"type":"Point","coordinates":[115.2621417,-8.5337318]}, "properties": {"osm_id": 10755941912, "osm_type": "nodes", "opening_hours": null, "shop": null, "tourism": "hotel", "rooms": null, "building": null, "amenity": null, "name": "kakul villa ubud", "beds": null}},{"type": "Feature", "geometry": {"type":"Point","coordinates":[115.2575066,-8.5202949]}, "properties": {"osm_id": 1606064666, "osm_type": "nodes", "opening_hours": null, "shop": null, "tourism": "hotel", "rooms": null, "building": null, "amenity": null, "name": "Saren Indah", "beds": null}},{"type": "Feature", "geometry": {"type":"Point","coordinates":[115.2634295,-8.5250098]}, "properties": {"osm_id": 5178007322, "osm_type": "nodes", "opening_hours": null, "shop": null, "tourism": null, "rooms": null, "building": null, "amenity": "restaurant", "name": "Pizza Bagus", "beds": null}},{"type": "Feature", "geometry": {"type":"Point","coordinates":[115.2641339,-8.5139077]}, "properties": {"osm_id": 6027341685, "osm_type": "nodes", "opening_hours": null, "shop": null, "tourism": null, "rooms": null, "building": null, "amenity": "restaurant", "name": "Kafe", "beds": null}},{"type": "Feature", "geometry": {"type":"Point","coordinates":[115.2634299,-8.5249612]}, "properties": {"osm_id": 10678324243, "osm_type": "nodes", "opening_hours": null, "shop": "deli", "tourism": null, "rooms": null, "building": null, "amenity": null, "name": null, "beds": null}},{"type": "Feature", "geometry": {"type":"Point","coordinates":[115.2568322,-8.5251263]}, "properties": {"osm_id": 6938769266, "osm_type": "nodes", "opening_hours": null, "shop": null, "tourism": null, "rooms": null, "building": null, "amenity": "cafe", "name": "Warung Rama", "beds": null}},{"type": "Feature", "geometry": {"type":"Point","coordinates":[115.2465508,-8.4836742]}, "properties": {"osm_id": 4544141389, "osm_type": "nodes", "opening_hours": "Mo-Su 09:00-18:00", "shop": null, "tourism": null, "rooms": null, "building": null, "amenity": "restaurant", "name": "Warung Makan Mardika Nasi Ayam Kedewatan", "beds": null}},{"type": "Feature", "geometry": {"type":"Point","coordinates":[115.2531766,-8.4772688]}, "properties": {"osm_id": 4559433089, "osm_type": "nodes", "opening_hours": null, "shop": "massage", "tourism": null, "rooms": null, "building": null, "amenity": null, "name": "ubud traditional spa", "beds": null}},{"type": "Feature", "geometry": {"type":"Point","coordinates":[115.2474688,-8.4978882]}, "properties": {"osm_id": 4769019124, "osm_type": "nodes", "opening_hours": null, "shop": null, "tourism": "hotel", "rooms": null, "building": null, "amenity": null, "name": "Villa Kulanrama", "beds": null}},{"type": "Feature", "geometry": {"type":"Point","coordinates":[115.2533241,-8.4942608]}, "properties": {"osm_id": 4867305321, "osm_type": "nodes", "opening_hours": "Mo-Su 10:00-17:00", "shop": "clothes", "tourism": null, "rooms": null, "building": null, "amenity": null, "name": "Arjun Baby & Kids Clothing", "beds": null}},{"type": "Feature", "geometry": {"type":"Point","coordinates":[115.2538156,-8.4876788]}, "properties": {"osm_id": 4873594521, "osm_type": "nodes", "opening_hours": null, "shop": null, "tourism": "hostel", "rooms": null, "building": null, "amenity": null, "name": "Bali backpackers hostel", "beds": null}},{"type": "Feature", "geometry": {"type":"Point","coordinates":[115.2532823,-8.49671]}, "properties": {"osm_id": 5132843922, "osm_type": "nodes", "opening_hours": "Mo-Su 09:00-21:00", "shop": null, "tourism": null, "rooms": null, "building": null, "amenity": "restaurant", "name": "Mumbai Station", "beds": null}},{"type": "Feature", "geometry": {"type":"Point","coordinates":[115.2611591,-8.4965255]}, "properties": {"osm_id": 5187750524, "osm_type": "nodes", "opening_hours": null, "shop": null, "tourism": null, "rooms": null, "building": null, "amenity": "restaurant", "name": "LUXE Barbeque & Grill", "beds": null}},{"type": "Feature", "geometry": {"type":"Point","coordinates":[115.2401167,-8.490486]}, "properties": {"osm_id": 5210720195, "osm_type": "nodes", "opening_hours": null, "shop": null, "tourism": "attraction", "rooms": null, "building": null, "amenity": null, "name": "Bali-swing", "beds": null}},{"type": "Feature", "geometry": {"type":"Point","coordinates":[115.2532514,-8.494063]}, "properties": {"osm_id": 5423742022, "osm_type": "nodes", "opening_hours": "Mo-Su 09:00-18:00", "shop": "massage", "tourism": null, "rooms": null, "building": null, "amenity": null, "name": "Bali Botanica Day Spa", "beds": null}},{"type": "Feature", "geometry": {"type":"Point","coordinates":[115.2457866,-8.4921717]}, "properties": {"osm_id": 5619687521, "osm_type": "nodes", "opening_hours": null, "shop": null, "tourism": null, "rooms": null, "building": null, "amenity": null, "name": "New Gangga Rafting", "beds": null}},{"type": "Feature", "geometry": {"type":"Point","coordinates":[115.257485,-8.4921681]}, "properties": {"osm_id": 6094757286, "osm_type": "nodes", "opening_hours": null, "shop": null, "tourism": null, "rooms": null, "building": null, "amenity": "fast_food", "name": "Warung Yoga", "beds": null}},{"type": "Feature", "geometry": {"type":"Point","coordinates":[115.2599277,-8.4967918]}, "properties": {"osm_id": 6327134988, "osm_type": "nodes", "opening_hours": null, "shop": null, "tourism": "hotel", "rooms": null, "building": null, "amenity": null, "name": "Buddha Homestay", "beds": null}},{"type": "Feature", "geometry": {"type":"Point","coordinates":[115.253673,-8.4912415]}, "properties": {"osm_id": 6341312587, "osm_type": "nodes", "opening_hours": "Mo-Su 09:00-21:00", "shop": null, "tourism": null, "rooms": null, "building": null, "amenity": "restaurant", "name": "Warung Sangku", "beds": null}},{"type": "Feature", "geometry": {"type":"Point","coordinates":[115.2534579,-8.4911278]}, "properties": {"osm_id": 6346681285, "osm_type": "nodes", "opening_hours": "Mo-Su 09:00-17:00", "shop": "variety_store", "tourism": null, "rooms": null, "building": null, "amenity": null, "name": "Jenggala Ceramics", "beds": null}},{"type": "Feature", "geometry": {"type":"Point","coordinates":[115.2538643,-8.488563]}, "properties": {"osm_id": 6410741086, "osm_type": "nodes", "opening_hours": "Mo-Su 08:00-17:00", "shop": "laundry", "tourism": null, "rooms": null, "building": null, "amenity": null, "name": "Syntia laundry", "beds": null}},{"type": "Feature", "geometry": {"type":"Point","coordinates":[115.2593658,-8.4944528]}, "properties": {"osm_id": 6612485685, "osm_type": "nodes", "opening_hours": null, "shop": null, "tourism": null, "rooms": null, "building": null, "amenity": "restaurant", "name": "Joglo Organik", "beds": null}},{"type": "Feature", "geometry": {"type":"Point","coordinates":[115.2533117,-8.4923224]}, "properties": {"osm_id": 6778639385, "osm_type": "nodes", "opening_hours": null, "shop": null, "tourism": null, "rooms": null, "building": null, "amenity": "restaurant", "name": "Room4Dessert", "beds": null}},{"type": "Feature", "geometry": {"type":"Point","coordinates":[115.2444683,-8.4983986]}, "properties": {"osm_id": 6846848087, "osm_type": "nodes", "opening_hours": null, "shop": null, "tourism": null, "rooms": null, "building": null, "amenity": "bar", "name": "Sayan House", "beds": null}},{"type": "Feature", "geometry": {"type":"Point","coordinates":[115.2460561,-8.4856804]}, "properties": {"osm_id": 6899052985, "osm_type": "nodes", "opening_hours": null, "shop": null, "tourism": null, "rooms": null, "building": null, "amenity": "restaurant", "name": "Sawah Terrace at Mandapa", "beds": null}},{"type": "Feature", "geometry": {"type":"Point","coordinates":[115.2467998,-8.4802919]}, "properties": {"osm_id": 7236402186, "osm_type": "nodes", "opening_hours": null, "shop": "massage", "tourism": null, "rooms": null, "building": null, "amenity": null, "name": "Shinto spa", "beds": null}},{"type": "Feature", "geometry": {"type":"Point","coordinates":[115.2401734,-8.48992]}, "properties": {"osm_id": 7241786786, "osm_type": "nodes", "opening_hours": "Mo-Su 10:00-17:30", "shop": null, "tourism": null, "rooms": null, "building": null, "amenity": "cafe", "name": "Wabares", "beds": null}},{"type": "Feature", "geometry": {"type":"Point","coordinates":[115.2462002,-8.4903303]}, "properties": {"osm_id": 10536241109, "osm_type": "nodes", "opening_hours": null, "shop": null, "tourism": null, "rooms": null, "building": null, "amenity": null, "name": "Ubud Rafting", "beds": null}},{"type": "Feature", "geometry": {"type":"Point","coordinates":[115.2529651,-8.4789719]}, "properties": {"osm_id": 10945557505, "osm_type": "nodes", "opening_hours": null, "shop": null, "tourism": null, "rooms": null, "building": null, "amenity": "cafe", "name": "E tow C", "beds": null}},{"type": "Feature", "geometry": {"type":"Point","coordinates":[115.2476761,-8.4962634]}, "properties": {"osm_id": 13676784801, "osm_type": "nodes", "opening_hours": null, "shop": null, "tourism": "guest_house", "rooms": null, "building": null, "amenity": null, "name": "Villa Sukha", "beds": null}},{"type": "Feature", "geometry": {"type":"Point","coordinates":[115.24912,-8.4895521]}, "properties": {"osm_id": 13676918602, "osm_type": "nodes", "opening_hours": null, "shop": null, "tourism": "guest_house", "rooms": null, "building": null, "amenity": null, "name": "Villa René", "beds": null}},{"type": "Feature", "geometry": {"type":"Point","coordinates":[115.2522461,-8.4950497]}, "properties": {"osm_id": 13676920602, "osm_type": "nodes", "opening_hours": null, "shop": null, "tourism": null, "rooms": null, "building": null, "amenity": "restaurant", "name": "Warung Pilau Kelapa", "beds": null}},{"type": "Feature", "geometry": {"type":"Point","coordinates":[115.2532224,-8.4968101]}, "properties": {"osm_id": 3546095981, "osm_type": "nodes", "opening_hours": null, "shop": "convenience", "tourism": null, "rooms": null, "building": null, "amenity": null, "name": "Indomaret", "beds": null}},{"type": "Feature", "geometry": {"type":"Point","coordinates":[115.2678185,-8.4824063]}, "properties": {"osm_id": 13457498001, "osm_type": "nodes", "opening_hours": null, "shop": null, "tourism": null, "rooms": null, "building": null, "amenity": "restaurant", "name": "Syrco BASÈ", "beds": null}},{"type": "Feature", "geometry": {"type":"Point","coordinates":[115.2680029,-8.4825054]}, "properties": {"osm_id": 13457503701, "osm_type": "nodes", "opening_hours": null, "shop": null, "tourism": null, "rooms": null, "building": null, "amenity": "restaurant", "name": "KU Culinary Atelier", "beds": null}},{"type": "Feature", "geometry": {"type":"Point","coordinates":[115.2677093,-8.4820603]}, "properties": {"osm_id": 4818726921, "osm_type": "nodes", "opening_hours": null, "shop": null, "tourism": "hotel", "rooms": null, "building": null, "amenity": null, "name": "Anand Ashram", "beds": null}},{"type": "Feature", "geometry": {"type":"Point","coordinates":[115.2722856,-8.4952916]}, "properties": {"osm_id": 4888629122, "osm_type": "nodes", "opening_hours": null, "shop": null, "tourism": "guest_house", "rooms": null, "building": null, "amenity": null, "name": "Oples homestay", "beds": null}},{"type": "Feature", "geometry": {"type":"Point","coordinates":[115.2707287,-8.4819135]}, "properties": {"osm_id": 4894648321, "osm_type": "nodes", "opening_hours": "Mo-Sa 11:00-22:00", "shop": null, "tourism": null, "rooms": null, "building": null, "amenity": "restaurant", "name": "Warung Bintangbali", "beds": null}},{"type": "Feature", "geometry": {"type":"Point","coordinates":[115.2703797,-8.4875332]}, "properties": {"osm_id": 5045524222, "osm_type": "nodes", "opening_hours": null, "shop": null, "tourism": "hostel", "rooms": null, "building": null, "amenity": null, "name": "white villa hostel ubud", "beds": null}},{"type": "Feature", "geometry": {"type":"Point","coordinates":[115.2672867,-8.4831567]}, "properties": {"osm_id": 5224608321, "osm_type": "nodes", "opening_hours": "Mo-Su 09:00-22:00", "shop": null, "tourism": null, "rooms": null, "building": null, "amenity": "restaurant", "name": "Kuduma Warung", "beds": null}},{"type": "Feature", "geometry": {"type":"Point","coordinates":[115.2666973,-8.4971053]}, "properties": {"osm_id": 5436574422, "osm_type": "nodes", "opening_hours": null, "shop": null, "tourism": "hostel", "rooms": null, "building": null, "amenity": null, "name": "Pondok Taman Asri Homestay", "beds": null}},{"type": "Feature", "geometry": {"type":"Point","coordinates":[115.2620547,-8.4884172]}, "properties": {"osm_id": 5551899821, "osm_type": "nodes", "opening_hours": "Mo-Su 10:00-18:00", "shop": null, "tourism": null, "rooms": null, "building": null, "amenity": "restaurant", "name": "Warung Tani", "beds": null}},{"type": "Feature", "geometry": {"type":"Point","coordinates":[115.2866184,-8.4851849]}, "properties": {"osm_id": 5641782721, "osm_type": "nodes", "opening_hours": null, "shop": null, "tourism": "hotel", "rooms": null, "building": null, "amenity": null, "name": "UbudOne Villas", "beds": null}},{"type": "Feature", "geometry": {"type":"Point","coordinates":[115.2810655,-8.4765803]}, "properties": {"osm_id": 5686441923, "osm_type": "nodes", "opening_hours": null, "shop": null, "tourism": null, "rooms": null, "building": null, "amenity": "restaurant", "name": "Kepitu restaurant", "beds": null}},{"type": "Feature", "geometry": {"type":"Point","coordinates":[115.2696056,-8.4965491]}, "properties": {"osm_id": 5931472203, "osm_type": "nodes", "opening_hours": "Mo-Sa 08:00-21:00", "shop": null, "tourism": null, "rooms": null, "building": null, "amenity": "restaurant", "name": "Avocado Warung-Ubud", "beds": null}},{"type": "Feature", "geometry": {"type":"Point","coordinates":[115.26856,-8.4754953]}, "properties": {"osm_id": 6089252385, "osm_type": "nodes", "opening_hours": null, "shop": null, "tourism": null, "rooms": null, "building": null, "amenity": "restaurant", "name": "Karang Lila Bhuana", "beds": null}},{"type": "Feature", "geometry": {"type":"Point","coordinates":[115.2706059,-8.4831977]}, "properties": {"osm_id": 6155902685, "osm_type": "nodes", "opening_hours": null, "shop": null, "tourism": null, "rooms": null, "building": null, "amenity": "restaurant", "name": "Ithaka", "beds": null}},{"type": "Feature", "geometry": {"type":"Point","coordinates":[115.2738037,-8.4910699]}, "properties": {"osm_id": 6282368086, "osm_type": "nodes", "opening_hours": null, "shop": "massage", "tourism": null, "rooms": null, "building": null, "amenity": null, "name": "Tai Ji Wellness Center", "beds": null}},{"type": "Feature", "geometry": {"type":"Point","coordinates":[115.2813618,-8.4928137]}, "properties": {"osm_id": 6311950586, "osm_type": "nodes", "opening_hours": "Mo-Sa 10:00-22:00", "shop": null, "tourism": null, "rooms": null, "building": null, "amenity": "cafe", "name": "Ubud float garden", "beds": null}},{"type": "Feature", "geometry": {"type":"Point","coordinates":[115.2885583,-8.4751359]}, "properties": {"osm_id": 6312134485, "osm_type": "nodes", "opening_hours": null, "shop": null, "tourism": null, "rooms": null, "building": null, "amenity": "cafe", "name": "Warung Damu", "beds": null}},{"type": "Feature", "geometry": {"type":"Point","coordinates":[115.277312,-8.472792]}, "properties": {"osm_id": 6355976189, "osm_type": "nodes", "opening_hours": null, "shop": "gift", "tourism": null, "rooms": null, "building": null, "amenity": null, "name": "Dewata Art Shop", "beds": null}},{"type": "Feature", "geometry": {"type":"Point","coordinates":[115.2769346,-8.471675]}, "properties": {"osm_id": 6355987785, "osm_type": "nodes", "opening_hours": null, "shop": "gift", "tourism": null, "rooms": null, "building": null, "amenity": null, "name": "Guri Merta Handicraft (boho)", "beds": null}},{"type": "Feature", "geometry": {"type":"Point","coordinates":[115.2774489,-8.4731516]}, "properties": {"osm_id": 6355993985, "osm_type": "nodes", "opening_hours": null, "shop": "furniture", "tourism": null, "rooms": null, "building": null, "amenity": null, "name": "Teak Boat Recycle Furniture", "beds": null}},{"type": "Feature", "geometry": {"type":"Point","coordinates":[115.2653281,-8.4968785]}, "properties": {"osm_id": 7018631486, "osm_type": "nodes", "opening_hours": null, "shop": null, "tourism": null, "rooms": null, "building": null, "amenity": "restaurant", "name": "Warung WA Juice Corner", "beds": null}},{"type": "Feature", "geometry": {"type":"Point","coordinates":[115.2651663,-8.4981543]}, "properties": {"osm_id": 7018661901, "osm_type": "nodes", "opening_hours": null, "shop": null, "tourism": null, "rooms": null, "building": null, "amenity": "cafe", "name": "Inspirasa", "beds": null}},{"type": "Feature", "geometry": {"type":"Point","coordinates":[115.2665777,-8.4950425]}, "properties": {"osm_id": 7673780888, "osm_type": "nodes", "opening_hours": null, "shop": null, "tourism": null, "rooms": null, "building": null, "amenity": "restaurant", "name": "AMSA Warung", "beds": null}},{"type": "Feature", "geometry": {"type":"Point","coordinates":[115.2790751,-8.485809]}, "properties": {"osm_id": 10299654310, "osm_type": "nodes", "opening_hours": null, "shop": null, "tourism": "hotel", "rooms": null, "building": null, "amenity": null, "name": "Ubud Lwih Nature Villas", "beds": null}},{"type": "Feature", "geometry": {"type":"Point","coordinates":[115.2782593,-8.4812367]}, "properties": {"osm_id": 12016446469, "osm_type": "nodes", "opening_hours": "Mo-Su 07:00-22:00", "shop": "convenience", "tourism": null, "rooms": null, "building": null, "amenity": null, "name": "Indomaret", "beds": null}},{"type": "Feature", "geometry": {"type":"Point","coordinates":[115.2719933,-8.5445533]}, "properties": {"osm_id": 4593501491, "osm_type": "nodes", "opening_hours": null, "shop": "department_store", "tourism": null, "rooms": null, "building": null, "amenity": null, "name": "Pasar desa mas ubud", "beds": null}},{"type": "Feature", "geometry": {"type":"Point","coordinates":[115.2634411,-8.5336699]}, "properties": {"osm_id": 4794710423, "osm_type": "nodes", "opening_hours": "Mo-Su 10:00-22:00", "shop": null, "tourism": null, "rooms": null, "building": null, "amenity": "fast_food", "name": "Warung 9 Angels", "beds": null}},{"type": "Feature", "geometry": {"type":"Point","coordinates":[115.26653,-8.5348911]}, "properties": {"osm_id": 4862993423, "osm_type": "nodes", "opening_hours": "Mo-Su 09:00-21:00", "shop": null, "tourism": "attraction", "rooms": null, "building": null, "amenity": null, "name": "Jaens Spa Shanti", "beds": null}},{"type": "Feature", "geometry": {"type":"Point","coordinates":[115.2718111,-8.5362423]}, "properties": {"osm_id": 4909811021, "osm_type": "nodes", "opening_hours": "closed", "shop": null, "tourism": "museum", "rooms": null, "building": null, "amenity": null, "name": "Njana Tilem Museum", "beds": null}},{"type": "Feature", "geometry": {"type":"Point","coordinates":[115.2672794,-8.5338234]}, "properties": {"osm_id": 5533246222, "osm_type": "nodes", "opening_hours": "We-Su 12:00-17:30", "shop": null, "tourism": null, "rooms": null, "building": null, "amenity": "restaurant", "name": "Sacred Rice", "beds": null}},{"type": "Feature", "geometry": {"type":"Point","coordinates":[115.2853654,-8.5423912]}, "properties": {"osm_id": 5864602885, "osm_type": "nodes", "opening_hours": null, "shop": null, "tourism": "guest_house", "rooms": null, "building": null, "amenity": null, "name": "Loft Sunset Villa", "beds": null}},{"type": "Feature", "geometry": {"type":"Point","coordinates":[115.2636931,-8.5334402]}, "properties": {"osm_id": 5917757185, "osm_type": "nodes", "opening_hours": null, "shop": null, "tourism": null, "rooms": null, "building": null, "amenity": "restaurant", "name": "Usha Cafe & Bakery", "beds": null}},{"type": "Feature", "geometry": {"type":"Point","coordinates":[115.2822637,-8.5387572]}, "properties": {"osm_id": 5982662685, "osm_type": "nodes", "opening_hours": null, "shop": null, "tourism": null, "rooms": null, "building": null, "amenity": "cafe", "name": "Warung Dewa Malen", "beds": null}},{"type": "Feature", "geometry": {"type":"Point","coordinates":[115.2661923,-8.5336259]}, "properties": {"osm_id": 6228642785, "osm_type": "nodes", "opening_hours": null, "shop": null, "tourism": "guest_house", "rooms": null, "building": null, "amenity": null, "name": "Kasih Sayang House (Tri Kita Karana hostel)", "beds": null}},{"type": "Feature", "geometry": {"type":"Point","coordinates":[115.2717664,-8.5320072]}, "properties": {"osm_id": 6561357287, "osm_type": "nodes", "opening_hours": null, "shop": null, "tourism": null, "rooms": null, "building": null, "amenity": "restaurant", "name": "Babi Guling Sote", "beds": null}},{"type": "Feature", "geometry": {"type":"Point","coordinates":[115.2801573,-8.5330079]}, "properties": {"osm_id": 6599021187, "osm_type": "nodes", "opening_hours": "Mo-Sa 07:00-15:00", "shop": "hardware", "tourism": null, "rooms": null, "building": null, "amenity": null, "name": "KONO - Bali Recycling", "beds": null}},{"type": "Feature", "geometry": {"type":"Point","coordinates":[115.2661458,-8.5362223]}, "properties": {"osm_id": 6631198585, "osm_type": "nodes", "opening_hours": null, "shop": null, "tourism": "hotel", "rooms": null, "building": null, "amenity": null, "name": "Sankara Resorts", "beds": null}},{"type": "Feature", "geometry": {"type":"Point","coordinates":[115.2723173,-8.5345933]}, "properties": {"osm_id": 6657441587, "osm_type": "nodes", "opening_hours": null, "shop": null, "tourism": null, "rooms": null, "building": null, "amenity": "restaurant", "name": "Ruang Tamu Ubud", "beds": null}},{"type": "Feature", "geometry": {"type":"Point","coordinates":[115.2653375,-8.5348259]}, "properties": {"osm_id": 6690166685, "osm_type": "nodes", "opening_hours": null, "shop": null, "tourism": null, "rooms": null, "building": null, "amenity": "restaurant", "name": "Eat.co", "beds": null}},{"type": "Feature", "geometry": {"type":"Point","coordinates":[115.2677024,-8.5349354]}, "properties": {"osm_id": 9340334717, "osm_type": "nodes", "opening_hours": null, "shop": null, "tourism": "guest_house", "rooms": null, "building": null, "amenity": null, "name": "The Kalyana Ubud Resort", "beds": null}},{"type": "Feature", "geometry": {"type":"Point","coordinates":[115.2662879,-8.5355825]}, "properties": {"osm_id": 10742702705, "osm_type": "nodes", "opening_hours": null, "shop": null, "tourism": "hotel", "rooms": null, "building": null, "amenity": null, "name": "surya kembar villas", "beds": null}},{"type": "Feature", "geometry": {"type":"Point","coordinates":[115.2630961,-8.5337245]}, "properties": {"osm_id": 13719987701, "osm_type": "nodes", "opening_hours": "Mo-Su 10:00-22:00", "shop": null, "tourism": null, "rooms": null, "building": null, "amenity": "restaurant", "name": "Warung Green Ubud", "beds": null}},{"type": "Feature", "geometry": {"type":"Point","coordinates":[115.2713589,-8.5091618]}, "properties": {"osm_id": 12675394891, "osm_type": "nodes", "opening_hours": null, "shop": "motorcycle_parts", "tourism": null, "rooms": null, "building": null, "amenity": null, "name": "Ubud Helmet", "beds": null}},{"type": "Feature", "geometry": {"type":"Point","coordinates":[115.2688481,-8.5055916]}, "properties": {"osm_id": 12877535881, "osm_type": "nodes", "opening_hours": null, "shop": "massage", "tourism": null, "rooms": null, "building": null, "amenity": null, "name": "Nata Spa", "beds": null}},{"type": "Feature", "geometry": {"type":"Point","coordinates":[115.2687935,-8.5053401]}, "properties": {"osm_id": 12877535882, "osm_type": "nodes", "opening_hours": null, "shop": "laundry", "tourism": null, "rooms": null, "building": null, "amenity": null, "name": "Bunga Laundry", "beds": null}},{"type": "Feature", "geometry": {"type":"Point","coordinates":[115.2687671,-8.5176195]}, "properties": {"osm_id": 11765471770, "osm_type": "nodes", "opening_hours": null, "shop": null, "tourism": null, "rooms": null, "building": null, "amenity": "restaurant", "name": "Warung Ibu Nila", "beds": null}},{"type": "Feature", "geometry": {"type":"Point","coordinates":[115.268698,-8.5058353]}, "properties": {"osm_id": 12834805945, "osm_type": "nodes", "opening_hours": "Mo-Su 14:00-23:00", "shop": null, "tourism": null, "rooms": null, "building": null, "amenity": "restaurant", "name": "Hang Out", "beds": null}},{"type": "Feature", "geometry": {"type":"Point","coordinates":[115.2709704,-8.5238856]}, "properties": {"osm_id": 12675439997, "osm_type": "nodes", "opening_hours": null, "shop": "motorcycle_repair", "tourism": null, "rooms": null, "building": null, "amenity": null, "name": "Honda", "beds": null}},{"type": "Feature", "geometry": {"type":"Point","coordinates":[115.2997677,-8.5297368]}, "properties": {"osm_id": 12675324798, "osm_type": "nodes", "opening_hours": null, "shop": "motorcycle", "tourism": null, "rooms": null, "building": null, "amenity": null, "name": "Jaya Motor", "beds": null}},{"type": "Feature", "geometry": {"type":"Point","coordinates":[115.2709408,-8.5281828]}, "properties": {"osm_id": 11347732341, "osm_type": "nodes", "opening_hours": "Mo-Su 10:00-22:00", "shop": null, "tourism": null, "rooms": null, "building": null, "amenity": "restaurant", "name": "Ramu Kitchen", "beds": null}},{"type": "Feature", "geometry": {"type":"Point","coordinates":[115.268559,-8.5197283]}, "properties": {"osm_id": 11181237237, "osm_type": "nodes", "opening_hours": "Sa-Th 08:30-18:00", "shop": "bicycle", "tourism": null, "rooms": null, "building": null, "amenity": null, "name": "Toko sepeda", "beds": null}},{"type": "Feature", "geometry": {"type":"Point","coordinates":[115.2713149,-8.4775666]}, "properties": {"osm_id": 6337732085, "osm_type": "nodes", "opening_hours": null, "shop": null, "tourism": null, "rooms": null, "building": null, "amenity": "restaurant", "name": "Warung Se'Hari", "beds": null}},{"type": "Feature", "geometry": {"type":"Point","coordinates":[115.2766322,-8.5007661]}, "properties": {"osm_id": 6349903292, "osm_type": "nodes", "opening_hours": null, "shop": null, "tourism": "hotel", "rooms": "14", "building": null, "amenity": null, "name": "Natura Villa Resort", "beds": null}},{"type": "Feature", "geometry": {"type":"Point","coordinates":[115.289131,-8.5491965]}, "properties": {"osm_id": 6200231381, "osm_type": "nodes", "opening_hours": null, "shop": null, "tourism": "guest_house", "rooms": null, "building": null, "amenity": null, "name": "Uma Budhas Guesthouse", "beds": null}},{"type": "Feature", "geometry": {"type":"Point","coordinates":[115.2698838,-8.4894048]}, "properties": {"osm_id": 5353842346, "osm_type": "nodes", "opening_hours": null, "shop": "greengrocer", "tourism": null, "rooms": null, "building": null, "amenity": null, "name": "Bali Pure", "beds": null}},{"type": "Feature", "geometry": {"type":"Point","coordinates":[115.2755999,-8.5232739]}, "properties": {"osm_id": 2817356296, "osm_type": "nodes", "opening_hours": null, "shop": null, "tourism": null, "rooms": null, "building": null, "amenity": "restaurant", "name": "Warung Hana", "beds": null}},{"type": "Feature", "geometry": {"type":"Point","coordinates":[115.2685995,-8.509045]}, "properties": {"osm_id": 1726066319, "osm_type": "nodes", "opening_hours": null, "shop": null, "tourism": null, "rooms": null, "building": null, "amenity": "restaurant", "name": "D'Bastket", "beds": null}},{"type": "Feature", "geometry": {"type":"Point","coordinates":[115.2929364,-8.5298512]}, "properties": {"osm_id": 2959417667, "osm_type": "nodes", "opening_hours": null, "shop": null, "tourism": null, "rooms": null, "building": null, "amenity": "cafe", "name": "Yeh Pulu", "beds": null}},{"type": "Feature", "geometry": {"type":"Point","coordinates":[115.2689089,-8.5047332]}, "properties": {"osm_id": 12919246964, "osm_type": "nodes", "opening_hours": null, "shop": null, "tourism": "hotel", "rooms": null, "building": null, "amenity": null, "name": "Umah Kayu", "beds": null}},{"type": "Feature", "geometry": {"type":"Point","coordinates":[115.2366028,-8.5131212]}, "properties": {"osm_id": 1036801290, "osm_type": "nodes", "opening_hours": null, "shop": null, "tourism": "hotel", "rooms": null, "building": null, "amenity": null, "name": "The Samaya Ubud Bali", "beds": null}},{"type": "Feature", "geometry": {"type":"Point","coordinates":[115.2371347,-8.5127291]}, "properties": {"osm_id": 2957065111, "osm_type": "nodes", "opening_hours": "07:00-22:00", "shop": null, "tourism": null, "rooms": null, "building": null, "amenity": "restaurant", "name": "Dapoer", "beds": null}},{"type": "Feature", "geometry": {"type":"Point","coordinates":[115.2411224,-8.511402]}, "properties": {"osm_id": 12925113097, "osm_type": "nodes", "opening_hours": "Mo-Su 08:00-21:00", "shop": null, "tourism": null, "rooms": null, "building": null, "amenity": "cafe", "name": "Warung & Coffee", "beds": null}},{"type": "Feature", "geometry": {"type":"Point","coordinates":[115.2509957,-8.5086203]}, "properties": {"osm_id": 4622788700, "osm_type": "nodes", "opening_hours": null, "shop": null, "tourism": "hotel", "rooms": null, "building": null, "amenity": null, "name": "Casa Raja", "beds": null}},{"type": "Feature", "geometry": {"type":"Point","coordinates":[115.2496308,-8.5032059]}, "properties": {"osm_id": 5016099321, "osm_type": "nodes", "opening_hours": null, "shop": null, "tourism": null, "rooms": null, "building": null, "amenity": "restaurant", "name": "Banana Leaf", "beds": null}},{"type": "Feature", "geometry": {"type":"Point","coordinates":[115.2504705,-8.5122137]}, "properties": {"osm_id": 5040678123, "osm_type": "nodes", "opening_hours": null, "shop": null, "tourism": "guest_house", "rooms": null, "building": null, "amenity": null, "name": "villa ubud airbnb", "beds": null}},{"type": "Feature", "geometry": {"type":"Point","coordinates":[115.2454705,-8.5074228]}, "properties": {"osm_id": 5125507822, "osm_type": "nodes", "opening_hours": "Tu-Su 10:00-21:00", "shop": null, "tourism": null, "rooms": null, "building": null, "amenity": "restaurant", "name": "Moksa Restaurant Ubud", "beds": null}},{"type": "Feature", "geometry": {"type":"Point","coordinates":[115.2508642,-8.5124494]}, "properties": {"osm_id": 5159841621, "osm_type": "nodes", "opening_hours": null, "shop": "cosmetics", "tourism": null, "rooms": null, "building": null, "amenity": null, "name": "Cantika Zest Spa", "beds": null}},{"type": "Feature", "geometry": {"type":"Point","coordinates":[115.243573,-8.50346]}, "properties": {"osm_id": 5241175826, "osm_type": "nodes", "opening_hours": null, "shop": null, "tourism": null, "rooms": null, "building": null, "amenity": "restaurant", "name": "Warung Made Sayan", "beds": null}},{"type": "Feature", "geometry": {"type":"Point","coordinates":[115.2491118,-8.516082]}, "properties": {"osm_id": 5319946621, "osm_type": "nodes", "opening_hours": null, "shop": null, "tourism": "guest_house", "rooms": null, "building": null, "amenity": null, "name": "Villa Rona Ubud AIRBNB", "beds": null}},{"type": "Feature", "geometry": {"type":"Point","coordinates":[115.2525061,-8.5034075]}, "properties": {"osm_id": 5586914623, "osm_type": "nodes", "opening_hours": null, "shop": null, "tourism": "guest_house", "rooms": null, "building": null, "amenity": null, "name": "Amanda Villa", "beds": null}},{"type": "Feature", "geometry": {"type":"Point","coordinates":[115.2483427,-8.507455]}, "properties": {"osm_id": 5692418821, "osm_type": "nodes", "opening_hours": null, "shop": "newsagent", "tourism": null, "rooms": null, "building": null, "amenity": null, "name": "Shop - Téléphonie", "beds": null}},{"type": "Feature", "geometry": {"type":"Point","coordinates":[115.2493423,-8.5117804]}, "properties": {"osm_id": 6251351085, "osm_type": "nodes", "opening_hours": null, "shop": null, "tourism": "hostel", "rooms": null, "building": null, "amenity": null, "name": "Solo Female Traveller Network Guest House", "beds": null}},{"type": "Feature", "geometry": {"type":"Point","coordinates":[115.251423,-8.5083779]}, "properties": {"osm_id": 6307622485, "osm_type": "nodes", "opening_hours": null, "shop": "massage", "tourism": null, "rooms": null, "building": null, "amenity": null, "name": "Tamiang Bali Spa", "beds": null}},{"type": "Feature", "geometry": {"type":"Point","coordinates":[115.25164,-8.5104665]}, "properties": {"osm_id": 6309870585, "osm_type": "nodes", "opening_hours": null, "shop": null, "tourism": null, "rooms": null, "building": null, "amenity": "restaurant", "name": "Sri Uma Warung", "beds": null}},{"type": "Feature", "geometry": {"type":"Point","coordinates":[115.2512686,-8.5082126]}, "properties": {"osm_id": 6311222585, "osm_type": "nodes", "opening_hours": null, "shop": null, "tourism": "guest_house", "rooms": null, "building": null, "amenity": null, "name": "Pondok Catu", "beds": null}},{"type": "Feature", "geometry": {"type":"Point","coordinates":[115.2503355,-8.5059383]}, "properties": {"osm_id": 6312129785, "osm_type": "nodes", "opening_hours": null, "shop": null, "tourism": null, "rooms": null, "building": null, "amenity": "restaurant", "name": "Prima Warung", "beds": null}},{"type": "Feature", "geometry": {"type":"Point","coordinates":[115.2441442,-8.5018532]}, "properties": {"osm_id": 6341459288, "osm_type": "nodes", "opening_hours": "Mo-Sa 08:00-17:00; Su 12:00-18:00", "shop": "supermarket", "tourism": null, "rooms": null, "building": null, "amenity": null, "name": "Zero Waste", "beds": null}},{"type": "Feature", "geometry": {"type":"Point","coordinates":[115.2377989,-8.5152302]}, "properties": {"osm_id": 6400308385, "osm_type": "nodes", "opening_hours": null, "shop": null, "tourism": "hotel", "rooms": null, "building": null, "amenity": null, "name": "Kampung Ubud Villa", "beds": null}},{"type": "Feature", "geometry": {"type":"Point","coordinates":[115.2515628,-8.5096315]}, "properties": {"osm_id": 6437348290, "osm_type": "nodes", "opening_hours": null, "shop": null, "tourism": "guest_house", "rooms": null, "building": null, "amenity": null, "name": "Caroline House", "beds": null}},{"type": "Feature", "geometry": {"type":"Point","coordinates":[115.2424009,-8.506791]}, "properties": {"osm_id": 6548864085, "osm_type": "nodes", "opening_hours": null, "shop": null, "tourism": null, "rooms": null, "building": null, "amenity": "cafe", "name": "Warung D'Perenan", "beds": null}},{"type": "Feature", "geometry": {"type":"Point","coordinates":[115.2422053,-8.5073953]}, "properties": {"osm_id": 6550558485, "osm_type": "nodes", "opening_hours": null, "shop": null, "tourism": null, "rooms": null, "building": null, "amenity": "cafe", "name": "Warung D'Yuma", "beds": null}},{"type": "Feature", "geometry": {"type":"Point","coordinates":[115.2476309,-8.50356]}, "properties": {"osm_id": 6567079685, "osm_type": "nodes", "opening_hours": null, "shop": null, "tourism": null, "rooms": null, "building": null, "amenity": "restaurant", "name": "TJ's Warung", "beds": null}},{"type": "Feature", "geometry": {"type":"Point","coordinates":[115.2511535,-8.506337]}, "properties": {"osm_id": 6759188685, "osm_type": "nodes", "opening_hours": null, "shop": null, "tourism": null, "rooms": null, "building": null, "amenity": "restaurant", "name": "Kedal Ubud", "beds": null}},{"type": "Feature", "geometry": {"type":"Point","coordinates":[115.2519305,-8.5063596]}, "properties": {"osm_id": 7085052786, "osm_type": "nodes", "opening_hours": null, "shop": null, "tourism": "guest_house", "rooms": null, "building": null, "amenity": null, "name": "Recep bungalows", "beds": null}},{"type": "Feature", "geometry": {"type":"Point","coordinates":[115.2532119,-8.5062837]}, "properties": {"osm_id": 7111482085, "osm_type": "nodes", "opening_hours": "Mo-Su 09:00-21:30", "shop": null, "tourism": null, "rooms": null, "building": null, "amenity": "restaurant", "name": "Bella by Sage", "beds": null}},{"type": "Feature", "geometry": {"type":"Point","coordinates":[115.2536846,-8.5063838]}, "properties": {"osm_id": 7111980689, "osm_type": "nodes", "opening_hours": null, "shop": null, "tourism": null, "rooms": null, "building": null, "amenity": "restaurant", "name": "Sami Warung Restaurant & Bar II", "beds": null}},{"type": "Feature", "geometry": {"type":"Point","coordinates":[115.2420049,-8.507419]}, "properties": {"osm_id": 7230329990, "osm_type": "nodes", "opening_hours": null, "shop": "variety_store", "tourism": null, "rooms": null, "building": null, "amenity": null, "name": "Gaya Ceramics & Design", "beds": null}},{"type": "Feature", "geometry": {"type":"Point","coordinates":[115.2518865,-8.5032921]}, "properties": {"osm_id": 10095225317, "osm_type": "nodes", "opening_hours": null, "shop": null, "tourism": null, "rooms": null, "building": null, "amenity": "restaurant", "name": "Hastina by Alam Wayang Ubud", "beds": null}},{"type": "Feature", "geometry": {"type":"Point","coordinates":[115.2477086,-8.503451]}, "properties": {"osm_id": 10945551608, "osm_type": "nodes", "opening_hours": null, "shop": null, "tourism": null, "rooms": null, "building": null, "amenity": "cafe", "name": "Ubud Coffee Roastery", "beds": null}},{"type": "Feature", "geometry": {"type":"Point","coordinates":[115.247708,-8.5020624]}, "properties": {"osm_id": 11257959537, "osm_type": "nodes", "opening_hours": null, "shop": null, "tourism": "guest_house", "rooms": null, "building": null, "amenity": null, "name": "WaryaHouse", "beds": null}},{"type": "Feature", "geometry": {"type":"Point","coordinates":[115.2534739,-8.5042774]}, "properties": {"osm_id": 11711171769, "osm_type": "nodes", "opening_hours": null, "shop": null, "tourism": null, "rooms": null, "building": null, "amenity": "cafe", "name": "Kopitoko Gelato", "beds": null}},{"type": "Feature", "geometry": {"type":"Point","coordinates":[115.2433489,-8.5004457]}, "properties": {"osm_id": 12856887601, "osm_type": "nodes", "opening_hours": null, "shop": null, "tourism": "hotel", "rooms": null, "building": null, "amenity": null, "name": "River Song", "beds": null}},{"type": "Feature", "geometry": {"type":"Point","coordinates":[115.2533762,-8.503994]}, "properties": {"osm_id": 13676928701, "osm_type": "nodes", "opening_hours": null, "shop": null, "tourism": "artwork", "rooms": null, "building": null, "amenity": null, "name": "Stone Relief Wall", "beds": null}},{"type": "Feature", "geometry": {"type":"Point","coordinates":[115.2371341,-8.5150794]}, "properties": {"osm_id": 13677205901, "osm_type": "nodes", "opening_hours": null, "shop": null, "tourism": null, "rooms": null, "building": null, "amenity": "restaurant", "name": "Wr. Diteba", "beds": null}},{"type": "Feature", "geometry": {"type":"Point","coordinates":[115.260785,-8.5087293]}, "properties": {"osm_id": 2847523159, "osm_type": "nodes", "opening_hours": null, "shop": null, "tourism": "hotel", "rooms": null, "building": null, "amenity": null, "name": "Okawati Hotel", "beds": null}},{"type": "Feature", "geometry": {"type":"Point","coordinates":[115.2603879,-8.479567]}, "properties": {"osm_id": 2619390548, "osm_type": "nodes", "opening_hours": null, "shop": null, "tourism": "hotel", "rooms": null, "building": null, "amenity": null, "name": "Villa Chapung", "beds": null}},{"type": "Feature", "geometry": {"type":"Point","coordinates":[115.2932765,-8.5136987]}, "properties": {"osm_id": 2339850445, "osm_type": "nodes", "opening_hours": null, "shop": null, "tourism": "artwork", "rooms": null, "building": null, "amenity": null, "name": "Moon of Pejeng", "beds": null}},{"type": "Feature", "geometry": {"type":"Point","coordinates":[115.2998433,-8.5300372]}, "properties": {"osm_id": 10792368270, "osm_type": "nodes", "opening_hours": null, "shop": "convenience", "tourism": null, "rooms": null, "building": null, "amenity": null, "name": "Alfamart", "beds": null}},{"type": "Feature", "geometry": {"type":"Point","coordinates":[115.2636239,-8.4729029]}, "properties": {"osm_id": 6546680886, "osm_type": "nodes", "opening_hours": null, "shop": null, "tourism": "hotel", "rooms": null, "building": null, "amenity": null, "name": "The Alus Cottages", "beds": null}},{"type": "Feature", "geometry": {"type":"Point","coordinates":[115.2607582,-8.4788374]}, "properties": {"osm_id": 4105263189, "osm_type": "nodes", "opening_hours": "Mo-Su 08:00-22:00", "shop": null, "tourism": null, "rooms": null, "building": null, "amenity": "restaurant", "name": "Jungle Fish", "beds": null}},{"type": "Feature", "geometry": {"type":"Point","coordinates":[115.2504363,-8.5091298]}, "properties": {"osm_id": 10763566705, "osm_type": "nodes", "opening_hours": null, "shop": null, "tourism": "hotel", "rooms": null, "building": null, "amenity": null, "name": "Le Sabot Bamboo", "beds": null}},{"type": "Feature", "geometry": {"type":"Point","coordinates":[115.2516214,-8.5062694]}, "properties": {"osm_id": 2276412689, "osm_type": "nodes", "opening_hours": "Mo-Su 09:00-21:00", "shop": null, "tourism": null, "rooms": null, "building": null, "amenity": "restaurant", "name": "Alchemy", "beds": null}},{"type": "Feature", "geometry": {"type":"Point","coordinates":[115.2507737,-8.5059449]}, "properties": {"osm_id": 10945551609, "osm_type": "nodes", "opening_hours": "Mo-Su 06:30-21:00", "shop": null, "tourism": null, "rooms": null, "building": null, "amenity": "cafe", "name": "BGS Ubud - Coffee Bar & Lifestyle Shop", "beds": null}},{"type": "Feature", "geometry": {"type":"Point","coordinates":[115.2495006,-8.5039378]}, "properties": {"osm_id": 12973814151, "osm_type": "nodes", "opening_hours": null, "shop": null, "tourism": "guest_house", "rooms": "5", "building": null, "amenity": null, "name": "Villa Kita II", "beds": null}},{"type": "Feature", "geometry": {"type":"Point","coordinates":[115.2501347,-8.5076401]}, "properties": {"osm_id": 13316495401, "osm_type": "nodes", "opening_hours": null, "shop": null, "tourism": "hotel", "rooms": null, "building": null, "amenity": null, "name": "Villa D'Omah", "beds": null}},{"type": "Feature", "geometry": {"type":"Point","coordinates":[115.2508475,-8.5166468]}, "properties": {"osm_id": 5178034821, "osm_type": "nodes", "opening_hours": null, "shop": null, "tourism": "guest_house", "rooms": null, "building": null, "amenity": null, "name": "Puri arta villa", "beds": null}},{"type": "Feature", "geometry": {"type":"Point","coordinates":[115.2444717,-8.5115378]}, "properties": {"osm_id": 5633893322, "osm_type": "nodes", "opening_hours": null, "shop": null, "tourism": "guest_house", "rooms": null, "building": null, "amenity": null, "name": "Villa Restu Sentana", "beds": null}},{"type": "Feature", "geometry": {"type":"Point","coordinates":[115.2508855,-8.5066695]}, "properties": {"osm_id": 5665063222, "osm_type": "nodes", "opening_hours": null, "shop": null, "tourism": "guest_house", "rooms": null, "building": null, "amenity": null, "name": "Ubud Garden Villa", "beds": null}},{"type": "Feature", "geometry": {"type":"Point","coordinates":[115.2513328,-8.5094901]}, "properties": {"osm_id": 6307225287, "osm_type": "nodes", "opening_hours": "Mo-Su 08:00-18:00", "shop": "laundry", "tourism": null, "rooms": null, "building": null, "amenity": null, "name": "Pondok 2 Laundry", "beds": null}},{"type": "Feature", "geometry": {"type":"Point","coordinates":[115.2438685,-8.5255911]}, "properties": {"osm_id": 6340947985, "osm_type": "nodes", "opening_hours": null, "shop": null, "tourism": "hotel", "rooms": null, "building": null, "amenity": null, "name": "Amatara Arya Ubud", "beds": null}},{"type": "Feature", "geometry": {"type":"Point","coordinates":[115.2434898,-8.526955]}, "properties": {"osm_id": 6387028587, "osm_type": "nodes", "opening_hours": null, "shop": null, "tourism": null, "rooms": null, "building": null, "amenity": "cafe", "name": "the best gorengan", "beds": null}},{"type": "Feature", "geometry": {"type":"Point","coordinates":[115.2502018,-8.5154542]}, "properties": {"osm_id": 6693837685, "osm_type": "nodes", "opening_hours": null, "shop": null, "tourism": "guest_house", "rooms": null, "building": null, "amenity": null, "name": "Milu Villa", "beds": null}},{"type": "Feature", "geometry": {"type":"Point","coordinates":[115.2497305,-8.5125596]}, "properties": {"osm_id": 6846889485, "osm_type": "nodes", "opening_hours": "Mo-Su 08:00-22:00", "shop": null, "tourism": null, "rooms": null, "building": null, "amenity": "cafe", "name": "Api Api Cafe", "beds": null}},{"type": "Feature", "geometry": {"type":"Point","coordinates":[115.24968,-8.5124263]}, "properties": {"osm_id": 6919499285, "osm_type": "nodes", "opening_hours": null, "shop": null, "tourism": null, "rooms": null, "building": null, "amenity": "restaurant", "name": "Cantika Zest Warung", "beds": null}},{"type": "Feature", "geometry": {"type":"Point","coordinates":[115.2505831,-8.521012]}, "properties": {"osm_id": 7046749387, "osm_type": "nodes", "opening_hours": "Mo-Su 10:00-21:30", "shop": null, "tourism": null, "rooms": null, "building": null, "amenity": "cafe", "name": "Canti Warung", "beds": null}},{"type": "Feature", "geometry": {"type":"Point","coordinates":[115.2512324,-8.5073182]}, "properties": {"osm_id": 7085052985, "osm_type": "nodes", "opening_hours": null, "shop": null, "tourism": "guest_house", "rooms": null, "building": null, "amenity": null, "name": "Kubu Darma Guesthouse", "beds": null}},{"type": "Feature", "geometry": {"type":"Point","coordinates":[115.2504833,-8.503285]}, "properties": {"osm_id": 7106653085, "osm_type": "nodes", "opening_hours": null, "shop": null, "tourism": "guest_house", "rooms": null, "building": null, "amenity": null, "name": "Mades Warung- Best food in town", "beds": null}},{"type": "Feature", "geometry": {"type":"Point","coordinates":[115.2481656,-8.5080068]}, "properties": {"osm_id": 7178392585, "osm_type": "nodes", "opening_hours": null, "shop": "convenience", "tourism": null, "rooms": null, "building": null, "amenity": null, "name": "Fruits", "beds": null}},{"type": "Feature", "geometry": {"type":"Point","coordinates":[115.2513023,-8.4863701]}, "properties": {"osm_id": 5336804421, "osm_type": "nodes", "opening_hours": null, "shop": null, "tourism": null, "rooms": null, "building": null, "amenity": "cafe", "name": "Warung Scooting Ubud", "beds": null}},{"type": "Feature", "geometry": {"type":"Point","coordinates":[115.2522552,-8.4913018]}, "properties": {"osm_id": 5374151921, "osm_type": "nodes", "opening_hours": null, "shop": null, "tourism": "apartment", "rooms": null, "building": null, "amenity": null, "name": "Villa mantra studio and detox", "beds": null}},{"type": "Feature", "geometry": {"type":"Point","coordinates":[115.2515427,-8.481162]}, "properties": {"osm_id": 5686432821, "osm_type": "nodes", "opening_hours": null, "shop": null, "tourism": null, "rooms": null, "building": null, "amenity": "restaurant", "name": "Balinese home cooking", "beds": null}},{"type": "Feature", "geometry": {"type":"Point","coordinates":[115.2490008,-8.4796387]}, "properties": {"osm_id": 6720131885, "osm_type": "nodes", "opening_hours": null, "shop": null, "tourism": "hotel", "rooms": null, "building": null, "amenity": null, "name": "Dharma living Ubud", "beds": null}},{"type": "Feature", "geometry": {"type":"Point","coordinates":[115.2489908,-8.4796387]}, "properties": {"osm_id": 6720131985, "osm_type": "nodes", "opening_hours": null, "shop": null, "tourism": "guest_house", "rooms": null, "building": null, "amenity": null, "name": "Dharma living Ubud", "beds": null}},{"type": "Feature", "geometry": {"type":"Point","coordinates":[115.2514551,-8.481458]}, "properties": {"osm_id": 8483017517, "osm_type": "nodes", "opening_hours": null, "shop": null, "tourism": null, "rooms": null, "building": null, "amenity": "restaurant", "name": "The Local Dude", "beds": null}},{"type": "Feature", "geometry": {"type":"Point","coordinates":[115.2475706,-8.4954439]}, "properties": {"osm_id": 13676786501, "osm_type": "nodes", "opening_hours": null, "shop": null, "tourism": "guest_house", "rooms": null, "building": null, "amenity": null, "name": "Villa Luma", "beds": null}},{"type": "Feature", "geometry": {"type":"Point","coordinates":[115.2479378,-8.4894418]}, "properties": {"osm_id": 11943800341, "osm_type": "nodes", "opening_hours": "Mo-Su 07:00-22:00", "shop": null, "tourism": null, "rooms": null, "building": null, "amenity": "restaurant", "name": "temukuUbud", "beds": null}},{"type": "Feature", "geometry": {"type":"Point","coordinates":[115.2508365,-8.4863111]}, "properties": {"osm_id": 6709938662, "osm_type": "nodes", "opening_hours": null, "shop": "convenience", "tourism": null, "rooms": null, "building": null, "amenity": null, "name": "Alfamart", "beds": null}},{"type": "Feature", "geometry": {"type":"Point","coordinates":[115.2535361,-8.4948286]}, "properties": {"osm_id": 10125523417, "osm_type": "nodes", "opening_hours": "Mo-Sa 09:00-17:00", "shop": "greengrocer", "tourism": null, "rooms": null, "building": null, "amenity": null, "name": "Bali dairy manufacture", "beds": null}},{"type": "Feature", "geometry": {"type":"Point","coordinates":[115.2700146,-8.4883243]}, "properties": {"osm_id": 4953888721, "osm_type": "nodes", "opening_hours": null, "shop": null, "tourism": null, "rooms": null, "building": null, "amenity": null, "name": "eBikes Bali", "beds": null}},{"type": "Feature", "geometry": {"type":"Point","coordinates":[115.2531268,-8.4915096]}, "properties": {"osm_id": 4252710694, "osm_type": "nodes", "opening_hours": null, "shop": "massage", "tourism": null, "rooms": null, "building": null, "amenity": null, "name": "Putri Spa", "beds": null}},{"type": "Feature", "geometry": {"type":"Point","coordinates":[115.2539794,-8.4911772]}, "properties": {"osm_id": 7234391585, "osm_type": "nodes", "opening_hours": null, "shop": "laundry", "tourism": null, "rooms": null, "building": null, "amenity": null, "name": null, "beds": null}},{"type": "Feature", "geometry": {"type":"Point","coordinates":[115.2534315,-8.4920407]}, "properties": {"osm_id": 4233194893, "osm_type": "nodes", "opening_hours": null, "shop": null, "tourism": "hotel", "rooms": null, "building": null, "amenity": null, "name": "Uma by Como", "beds": null}},{"type": "Feature", "geometry": {"type":"Point","coordinates":[115.2579131,-8.4828139]}, "properties": {"osm_id": 5010888921, "osm_type": "nodes", "opening_hours": null, "shop": null, "tourism": "guest_house", "rooms": null, "building": null, "amenity": null, "name": "Pariliana", "beds": null}},{"type": "Feature", "geometry": {"type":"Point","coordinates":[115.2563233,-8.4938015]}, "properties": {"osm_id": 5367814843, "osm_type": "nodes", "opening_hours": "Tu-Su 09:00-18:00", "shop": null, "tourism": null, "rooms": null, "building": null, "amenity": "restaurant", "name": "Warung Widi", "beds": null}},{"type": "Feature", "geometry": {"type":"Point","coordinates":[115.2531527,-8.4942845]}, "properties": {"osm_id": 1292873008, "osm_type": "nodes", "opening_hours": null, "shop": null, "tourism": null, "rooms": null, "building": null, "amenity": "restaurant", "name": "Naughty Nuri's", "beds": null}},{"type": "Feature", "geometry": {"type":"Point","coordinates":[115.2612264,-8.4960121]}, "properties": {"osm_id": 12989927602, "osm_type": "nodes", "opening_hours": null, "shop": null, "tourism": "hostel", "rooms": null, "building": null, "amenity": null, "name": "Taman Bintang villa", "beds": null}},{"type": "Feature", "geometry": {"type":"Point","coordinates":[115.2536431,-8.4890524]}, "properties": {"osm_id": 13091729501, "osm_type": "nodes", "opening_hours": null, "shop": "kitchen", "tourism": null, "rooms": null, "building": null, "amenity": null, "name": "Kitchen Kingdom", "beds": null}},{"type": "Feature", "geometry": {"type":"Point","coordinates":[115.2702767,-8.4896389]}, "properties": {"osm_id": 13093925547, "osm_type": "nodes", "opening_hours": "Mo-Su 08:00-22:00", "shop": null, "tourism": null, "rooms": null, "building": null, "amenity": "restaurant", "name": "Draniki", "beds": null}},{"type": "Feature", "geometry": {"type":"Point","coordinates":[115.269582,-8.496799]}, "properties": {"osm_id": 13457522301, "osm_type": "nodes", "opening_hours": null, "shop": null, "tourism": null, "rooms": null, "building": null, "amenity": "restaurant", "name": "Bella Tacos Ubud", "beds": null}},{"type": "Feature", "geometry": {"type":"Point","coordinates":[115.2699433,-8.4949107]}, "properties": {"osm_id": 4370532189, "osm_type": "nodes", "opening_hours": null, "shop": null, "tourism": "hotel", "rooms": null, "building": null, "amenity": null, "name": "The Purist Villas and Spa", "beds": null}},{"type": "Feature", "geometry": {"type":"Point","coordinates":[115.266455,-8.494162]}, "properties": {"osm_id": 5019450921, "osm_type": "nodes", "opening_hours": "Mo-Su 08:00-23:00", "shop": null, "tourism": null, "rooms": null, "building": null, "amenity": "cafe", "name": "Muse Cafe & Art", "beds": null}},{"type": "Feature", "geometry": {"type":"Point","coordinates":[115.2657298,-8.4853239]}, "properties": {"osm_id": 5078081421, "osm_type": "nodes", "opening_hours": null, "shop": null, "tourism": "hostel", "rooms": null, "building": null, "amenity": null, "name": "aDa Homestay", "beds": null}},{"type": "Feature", "geometry": {"type":"Point","coordinates":[115.2652547,-8.4861934]}, "properties": {"osm_id": 5385114323, "osm_type": "nodes", "opening_hours": "24/7", "shop": null, "tourism": "hotel", "rooms": null, "building": null, "amenity": null, "name": "Hidden Ubud House", "beds": null}},{"type": "Feature", "geometry": {"type":"Point","coordinates":[115.2532628,-8.4933278]}, "properties": {"osm_id": 5498502421, "osm_type": "nodes", "opening_hours": null, "shop": "massage", "tourism": null, "rooms": null, "building": null, "amenity": null, "name": "Bali Botánica Day Spa", "beds": null}},{"type": "Feature", "geometry": {"type":"Point","coordinates":[115.270341,-8.4934723]}, "properties": {"osm_id": 5518535025, "osm_type": "nodes", "opening_hours": null, "shop": "laundry", "tourism": null, "rooms": null, "building": null, "amenity": null, "name": "Laundry Laura", "beds": null}},{"type": "Feature", "geometry": {"type":"Point","coordinates":[115.253392,-8.4886988]}, "properties": {"osm_id": 5627697122, "osm_type": "nodes", "opening_hours": null, "shop": null, "tourism": "apartment", "rooms": null, "building": null, "amenity": null, "name": "Villa Sri", "beds": null}},{"type": "Feature", "geometry": {"type":"Point","coordinates":[115.2698325,-8.4881995]}, "properties": {"osm_id": 5875459086, "osm_type": "nodes", "opening_hours": null, "shop": null, "tourism": "hotel", "rooms": null, "building": null, "amenity": null, "name": "Sugar Villas", "beds": null}},{"type": "Feature", "geometry": {"type":"Point","coordinates":[115.2676872,-8.4812853]}, "properties": {"osm_id": 5982745886, "osm_type": "nodes", "opening_hours": null, "shop": null, "tourism": "hotel", "rooms": null, "building": null, "amenity": null, "name": "Sankara suites & villa", "beds": null}},{"type": "Feature", "geometry": {"type":"Point","coordinates":[115.2652784,-8.4908328]}, "properties": {"osm_id": 6275820785, "osm_type": "nodes", "opening_hours": "Mo-Su 07:00-23:00", "shop": null, "tourism": null, "rooms": null, "building": null, "amenity": "restaurant", "name": "Mr. Wayan Balinese Cuisine", "beds": null}},{"type": "Feature", "geometry": {"type":"Point","coordinates":[115.2582974,-8.488762]}, "properties": {"osm_id": 6479951586, "osm_type": "nodes", "opening_hours": null, "shop": null, "tourism": null, "rooms": null, "building": null, "amenity": "restaurant", "name": "Raditya Cafe", "beds": null}},{"type": "Feature", "geometry": {"type":"Point","coordinates":[115.2617353,-8.4912406]}, "properties": {"osm_id": 6612471686, "osm_type": "nodes", "opening_hours": null, "shop": null, "tourism": null, "rooms": null, "building": null, "amenity": "cafe", "name": "Sunset Café", "beds": null}},{"type": "Feature", "geometry": {"type":"Point","coordinates":[115.2561414,-8.4943428]}, "properties": {"osm_id": 7099194387, "osm_type": "nodes", "opening_hours": null, "shop": null, "tourism": "artwork", "rooms": null, "building": null, "amenity": null, "name": "Painter traditional", "beds": null}},{"type": "Feature", "geometry": {"type":"Point","coordinates":[115.2589821,-8.4904854]}, "properties": {"osm_id": 10121194617, "osm_type": "nodes", "opening_hours": "Mo-Su 06:00-23:00", "shop": null, "tourism": "guest_house", "rooms": null, "building": null, "amenity": null, "name": "Rumah Sungai Villa", "beds": null}},{"type": "Feature", "geometry": {"type":"Point","coordinates":[115.2738934,-8.4946066]}, "properties": {"osm_id": 10879936505, "osm_type": "nodes", "opening_hours": null, "shop": null, "tourism": "hotel", "rooms": null, "building": null, "amenity": null, "name": "Ogek Homestay", "beds": null}},{"type": "Feature", "geometry": {"type":"Point","coordinates":[115.2535602,-8.4901841]}, "properties": {"osm_id": 5336223722, "osm_type": "nodes", "opening_hours": null, "shop": "convenience", "tourism": null, "rooms": null, "building": null, "amenity": null, "name": "Circle K", "beds": null}},{"type": "Feature", "geometry": {"type":"Point","coordinates":[115.2561213,-8.4798101]}, "properties": {"osm_id": 2386011028, "osm_type": "nodes", "opening_hours": null, "shop": null, "tourism": "hotel", "rooms": null, "building": null, "amenity": null, "name": "Villa Prana Shanti", "beds": null}},{"type": "Feature", "geometry": {"type":"Point","coordinates":[115.2646058,-8.5001265]}, "properties": {"osm_id": 3693141241, "osm_type": "nodes", "opening_hours": null, "shop": null, "tourism": "hotel", "rooms": null, "building": null, "amenity": null, "name": "Pondok Bulan Mas", "beds": null}},{"type": "Feature", "geometry": {"type":"Point","coordinates":[115.2708156,-8.5093208]}, "properties": {"osm_id": 9769685082, "osm_type": "nodes", "opening_hours": "Mo-Su 08:00-17:00", "shop": "mobile_phone", "tourism": null, "rooms": null, "building": null, "amenity": null, "name": "Telkomsel GraPARI", "beds": null}},{"type": "Feature", "geometry": {"type":"Point","coordinates":[115.2622467,-8.5074028]}, "properties": {"osm_id": 12837380521, "osm_type": "nodes", "opening_hours": null, "shop": null, "tourism": null, "rooms": null, "building": null, "amenity": "cafe", "name": "edit krisna coffe", "beds": null}},{"type": "Feature", "geometry": {"type":"Point","coordinates":[115.2634104,-8.5072134]}, "properties": {"osm_id": 12837361797, "osm_type": "nodes", "opening_hours": null, "shop": null, "tourism": null, "rooms": null, "building": null, "amenity": "cafe", "name": null, "beds": null}},{"type": "Feature", "geometry": {"type":"Point","coordinates":[115.2629729,-8.5054203]}, "properties": {"osm_id": 3761416306, "osm_type": "nodes", "opening_hours": null, "shop": null, "tourism": null, "rooms": null, "building": null, "amenity": "bar", "name": "Barbershop Ubud", "beds": null}},{"type": "Feature", "geometry": {"type":"Point","coordinates":[115.2630393,-8.5048501]}, "properties": {"osm_id": 12837389215, "osm_type": "nodes", "opening_hours": null, "shop": null, "tourism": null, "rooms": null, "building": null, "amenity": "cafe", "name": null, "beds": null}},{"type": "Feature", "geometry": {"type":"Point","coordinates":[115.2608707,-8.5131697]}, "properties": {"osm_id": 4812721523, "osm_type": "nodes", "opening_hours": "Mo-Su 07:00-22:00", "shop": null, "tourism": null, "rooms": null, "building": null, "amenity": "restaurant", "name": "Watercress", "beds": null}},{"type": "Feature", "geometry": {"type":"Point","coordinates":[115.262796,-8.5055499]}, "properties": {"osm_id": 4941518225, "osm_type": "nodes", "opening_hours": null, "shop": "massage", "tourism": null, "rooms": null, "building": null, "amenity": null, "name": "Yeh Pulu", "beds": null}},{"type": "Feature", "geometry": {"type":"Point","coordinates":[115.2630278,-8.5026125]}, "properties": {"osm_id": 6773615385, "osm_type": "nodes", "opening_hours": "Mo-Su 09:00-17:00", "shop": "cosmetics", "tourism": null, "rooms": null, "building": null, "amenity": null, "name": "ubud botany interactive", "beds": null}},{"type": "Feature", "geometry": {"type":"Point","coordinates":[115.2627383,-8.5035648]}, "properties": {"osm_id": 4074379367, "osm_type": "nodes", "opening_hours": "Mo-Su 10:00-17:00", "shop": null, "tourism": "gallery", "rooms": null, "building": null, "amenity": null, "name": "Threads oh Live", "beds": null}},{"type": "Feature", "geometry": {"type":"Point","coordinates":[115.269672,-8.4995825]}, "properties": {"osm_id": 12761380029, "osm_type": "nodes", "opening_hours": null, "shop": "yes", "tourism": null, "rooms": null, "building": null, "amenity": null, "name": "Toko Sari Jahe", "beds": null}},{"type": "Feature", "geometry": {"type":"Point","coordinates":[115.2661288,-8.509022]}, "properties": {"osm_id": 12421282378, "osm_type": "nodes", "opening_hours": null, "shop": "car_service", "tourism": null, "rooms": null, "building": null, "amenity": null, "name": "SatsDriver (Private Bali Taxi & Tours)", "beds": null}},{"type": "Feature", "geometry": {"type":"Point","coordinates":[115.2605045,-8.5141901]}, "properties": {"osm_id": 12672989662, "osm_type": "nodes", "opening_hours": null, "shop": null, "tourism": null, "rooms": null, "building": null, "amenity": "pub", "name": "The Blue Door", "beds": null}},{"type": "Feature", "geometry": {"type":"Point","coordinates":[115.2655819,-8.4843764]}, "properties": {"osm_id": 12672801501, "osm_type": "nodes", "opening_hours": null, "shop": null, "tourism": "guest_house", "rooms": null, "building": null, "amenity": null, "name": "Manwarsa Guest House", "beds": null}},{"type": "Feature", "geometry": {"type":"Point","coordinates":[115.2611248,-8.5084215]}, "properties": {"osm_id": 12665326728, "osm_type": "nodes", "opening_hours": null, "shop": null, "tourism": "hotel", "rooms": null, "building": null, "amenity": null, "name": "Swan Inn", "beds": null}},{"type": "Feature", "geometry": {"type":"Point","coordinates":[115.263835,-8.5116024]}, "properties": {"osm_id": 11639402921, "osm_type": "nodes", "opening_hours": "Mo-Su 08:00-24:00", "shop": null, "tourism": null, "rooms": null, "building": null, "amenity": "restaurant", "name": "Pesona Lounge Ubud", "beds": null}},{"type": "Feature", "geometry": {"type":"Point","coordinates":[115.2691529,-8.4820845]}, "properties": {"osm_id": 12628297889, "osm_type": "nodes", "opening_hours": null, "shop": null, "tourism": "gallery", "rooms": null, "building": null, "amenity": null, "name": "Widya Batik Class", "beds": null}},{"type": "Feature", "geometry": {"type":"Point","coordinates":[115.2650556,-8.4974722]}, "properties": {"osm_id": 12541052668, "osm_type": "nodes", "opening_hours": null, "shop": null, "tourism": "guest_house", "rooms": null, "building": null, "amenity": null, "name": "Raditya House", "beds": null}},{"type": "Feature", "geometry": {"type":"Point","coordinates":[115.2652871,-8.4970802]}, "properties": {"osm_id": 6218091143, "osm_type": "nodes", "opening_hours": null, "shop": null, "tourism": null, "rooms": null, "building": null, "amenity": "restaurant", "name": "Wayan's Warung", "beds": null}},{"type": "Feature", "geometry": {"type":"Point","coordinates":[115.2793845,-8.536415]}, "properties": {"osm_id": 4812826221, "osm_type": "nodes", "opening_hours": null, "shop": null, "tourism": "guest_house", "rooms": null, "building": null, "amenity": null, "name": "Casa Mas", "beds": null}},{"type": "Feature", "geometry": {"type":"Point","coordinates":[115.2819067,-8.5398504]}, "properties": {"osm_id": 7264046485, "osm_type": "nodes", "opening_hours": "Mo-Su 09:00-20:00", "shop": null, "tourism": null, "rooms": null, "building": null, "amenity": "restaurant", "name": "Bebek d’Ubud", "beds": null}},{"type": "Feature", "geometry": {"type":"Point","coordinates":[115.2523462,-8.5469004]}, "properties": {"osm_id": 2850065008, "osm_type": "nodes", "opening_hours": null, "shop": null, "tourism": "hotel", "rooms": "120", "building": null, "amenity": null, "name": "The Westin Resort & Spa Ubud, Bali", "beds": null}},{"type": "Feature", "geometry": {"type":"Point","coordinates":[115.2471225,-8.5410492]}, "properties": {"osm_id": 6573804686, "osm_type": "nodes", "opening_hours": "Mo-Su 11:00-23:00", "shop": null, "tourism": null, "rooms": null, "building": null, "amenity": "restaurant", "name": "Dé Gyan's Pizza", "beds": null}},{"type": "Feature", "geometry": {"type":"Point","coordinates":[115.2496191,-8.541339]}, "properties": {"osm_id": 7114316286, "osm_type": "nodes", "opening_hours": null, "shop": null, "tourism": null, "rooms": null, "building": null, "amenity": "restaurant", "name": "Uname", "beds": null}},{"type": "Feature", "geometry": {"type":"Point","coordinates":[115.2506361,-8.544431]}, "properties": {"osm_id": 10578824150, "osm_type": "nodes", "opening_hours": null, "shop": null, "tourism": "hotel", "rooms": null, "building": null, "amenity": null, "name": "Tanadewa Hotel", "beds": null}},{"type": "Feature", "geometry": {"type":"Point","coordinates":[115.2506102,-8.5443519]}, "properties": {"osm_id": 10578824442, "osm_type": "nodes", "opening_hours": null, "shop": null, "tourism": "hotel", "rooms": null, "building": null, "amenity": null, "name": "Tanadewa", "beds": null}},{"type": "Feature", "geometry": {"type":"Point","coordinates":[115.2504252,-8.5439789]}, "properties": {"osm_id": 10578825143, "osm_type": "nodes", "opening_hours": null, "shop": null, "tourism": "hotel", "rooms": null, "building": null, "amenity": null, "name": "Tanadewa", "beds": null}},{"type": "Feature", "geometry": {"type":"Point","coordinates":[115.2508607,-8.5422342]}, "properties": {"osm_id": 10578825144, "osm_type": "nodes", "opening_hours": null, "shop": null, "tourism": "hotel", "rooms": null, "building": null, "amenity": null, "name": "Tanadewa", "beds": null}},{"type": "Feature", "geometry": {"type":"Point","coordinates":[115.2480382,-8.5343919]}, "properties": {"osm_id": 13452104001, "osm_type": "nodes", "opening_hours": null, "shop": null, "tourism": "apartment", "rooms": null, "building": null, "amenity": null, "name": "Villa Debara Kubu", "beds": null}},{"type": "Feature", "geometry": {"type":"Point","coordinates":[115.269367,-8.5414045]}, "properties": {"osm_id": 11002446838, "osm_type": "nodes", "opening_hours": "Mo-Sa 08:00-21:00", "shop": null, "tourism": null, "rooms": null, "building": null, "amenity": "restaurant", "name": "Wedja Bali", "beds": null}},{"type": "Feature", "geometry": {"type":"Point","coordinates":[115.2517895,-8.506287]}, "properties": {"osm_id": 11821265880, "osm_type": "nodes", "opening_hours": "Mo-Su 08:00-22:30", "shop": null, "tourism": null, "rooms": null, "building": null, "amenity": "restaurant", "name": "Brie Restaurant & Cheesery", "beds": null}},{"type": "Feature", "geometry": {"type":"Point","coordinates":[115.2704446,-8.5129231]}, "properties": {"osm_id": 12767820612, "osm_type": "nodes", "opening_hours": "Mo-Su 09:00-21:00", "shop": "paint", "tourism": null, "rooms": null, "building": null, "amenity": null, "name": "Ayu color shop", "beds": null}},{"type": "Feature", "geometry": {"type":"Point","coordinates":[115.2686881,-8.5059753]}, "properties": {"osm_id": 12834829130, "osm_type": "nodes", "opening_hours": null, "shop": null, "tourism": "hotel", "rooms": null, "building": null, "amenity": null, "name": "Alas Petulu Villas Resort & Spa", "beds": null}},{"type": "Feature", "geometry": {"type":"Point","coordinates":[115.2688852,-8.5176396]}, "properties": {"osm_id": 12863417711, "osm_type": "nodes", "opening_hours": null, "shop": null, "tourism": null, "rooms": null, "building": null, "amenity": "marketplace", "name": "Peliatan Night Market", "beds": null}},{"type": "Feature", "geometry": {"type":"Point","coordinates":[115.2631871,-8.5213059]}, "properties": {"osm_id": 12876441904, "osm_type": "nodes", "opening_hours": "Mo-Su 08:00-22:00", "shop": null, "tourism": null, "rooms": null, "building": null, "amenity": "cafe", "name": "Soul Bites", "beds": null}},{"type": "Feature", "geometry": {"type":"Point","coordinates":[115.2668661,-8.5092278]}, "properties": {"osm_id": 6448742993, "osm_type": "nodes", "opening_hours": "Mo-Su 10:00-22:00", "shop": null, "tourism": null, "rooms": null, "building": null, "amenity": "restaurant", "name": "Sun Sun Warung", "beds": null}},{"type": "Feature", "geometry": {"type":"Point","coordinates":[115.2624747,-8.5089691]}, "properties": {"osm_id": 6594727086, "osm_type": "nodes", "opening_hours": null, "shop": null, "tourism": null, "rooms": null, "building": null, "amenity": "cafe", "name": "Luwak Cafe", "beds": null}},{"type": "Feature", "geometry": {"type":"Point","coordinates":[115.2685898,-8.5056948]}, "properties": {"osm_id": 12834805943, "osm_type": "nodes", "opening_hours": null, "shop": null, "tourism": "hotel", "rooms": null, "building": null, "amenity": null, "name": "The Bali Shanti", "beds": null}},{"type": "Feature", "geometry": {"type":"Point","coordinates":[115.2685097,-8.5056662]}, "properties": {"osm_id": 12834805944, "osm_type": "nodes", "opening_hours": null, "shop": null, "tourism": "hotel", "rooms": null, "building": null, "amenity": null, "name": "Villa Padma", "beds": null}},{"type": "Feature", "geometry": {"type":"Point","coordinates":[115.2578356,-8.5089737]}, "properties": {"osm_id": 12802372801, "osm_type": "nodes", "opening_hours": null, "shop": null, "tourism": "hotel", "rooms": null, "building": null, "amenity": null, "name": "Happy Inn 2", "beds": null}},{"type": "Feature", "geometry": {"type":"Point","coordinates":[115.2448857,-8.4984073]}, "properties": {"osm_id": 12797176243, "osm_type": "nodes", "opening_hours": "Mo-Su 08:00-20:00", "shop": "laundry", "tourism": null, "rooms": null, "building": null, "amenity": null, "name": "Sayan Laundry", "beds": null}},{"type": "Feature", "geometry": {"type":"Point","coordinates":[115.2636412,-8.5034697]}, "properties": {"osm_id": 5204507047, "osm_type": "nodes", "opening_hours": null, "shop": null, "tourism": null, "rooms": null, "building": null, "amenity": "restaurant", "name": "Khas Ubud", "beds": null}},{"type": "Feature", "geometry": {"type":"Point","coordinates":[115.252274,-8.5015048]}, "properties": {"osm_id": 12767774673, "osm_type": "nodes", "opening_hours": null, "shop": null, "tourism": "guest_house", "rooms": null, "building": null, "amenity": null, "name": "Rendira Villa", "beds": null}},{"type": "Feature", "geometry": {"type":"Point","coordinates":[115.2599478,-8.5005102]}, "properties": {"osm_id": 12754956102, "osm_type": "nodes", "opening_hours": null, "shop": null, "tourism": null, "rooms": null, "building": null, "amenity": "restaurant", "name": null, "beds": null}},{"type": "Feature", "geometry": {"type":"Point","coordinates":[115.2582993,-8.4979193]}, "properties": {"osm_id": 12735882801, "osm_type": "nodes", "opening_hours": "Tu-Su 10:00-20:00", "shop": "coffee", "tourism": null, "rooms": null, "building": null, "amenity": null, "name": "Rumah Tikus Ubud Slow Bar", "beds": null}},{"type": "Feature", "geometry": {"type":"Point","coordinates":[115.2482849,-8.5087586]}, "properties": {"osm_id": 12704113716, "osm_type": "nodes", "opening_hours": null, "shop": null, "tourism": "hotel", "rooms": "2", "building": null, "amenity": null, "name": "Nakula 12A by Bali-Nest.com", "beds": null}},{"type": "Feature", "geometry": {"type":"Point","coordinates":[115.2488415,-8.5075162]}, "properties": {"osm_id": 12704113717, "osm_type": "nodes", "opening_hours": null, "shop": null, "tourism": "hotel", "rooms": "2", "building": null, "amenity": null, "name": "Nakula 5 by Bali-Nest.com", "beds": null}},{"type": "Feature", "geometry": {"type":"Point","coordinates":[115.2587439,-8.5091768]}, "properties": {"osm_id": 5828541687, "osm_type": "nodes", "opening_hours": null, "shop": "clothes", "tourism": null, "rooms": null, "building": null, "amenity": null, "name": "Ayuraka", "beds": null}},{"type": "Feature", "geometry": {"type":"Point","coordinates":[115.2587063,-8.5092774]}, "properties": {"osm_id": 12669676702, "osm_type": "nodes", "opening_hours": null, "shop": "gift", "tourism": null, "rooms": null, "building": null, "amenity": null, "name": "Putranapi", "beds": null}},{"type": "Feature", "geometry": {"type":"Point","coordinates":[115.2584798,-8.5100254]}, "properties": {"osm_id": 12669682661, "osm_type": "nodes", "opening_hours": null, "shop": null, "tourism": "guest_house", "rooms": null, "building": null, "amenity": null, "name": "Sendez Pool Suites", "beds": null}},{"type": "Feature", "geometry": {"type":"Point","coordinates":[115.2583559,-8.5103071]}, "properties": {"osm_id": 12669691200, "osm_type": "nodes", "opening_hours": null, "shop": "tattoo", "tourism": null, "rooms": null, "building": null, "amenity": null, "name": "Galeri  Mikro", "beds": null}},{"type": "Feature", "geometry": {"type":"Point","coordinates":[115.2582506,-8.5123019]}, "properties": {"osm_id": 12669716532, "osm_type": "nodes", "opening_hours": null, "shop": null, "tourism": null, "rooms": null, "building": null, "amenity": "restaurant", "name": "Soloma Restaurant", "beds": null}},{"type": "Feature", "geometry": {"type":"Point","coordinates":[115.2584692,-8.5126587]}, "properties": {"osm_id": 12669719002, "osm_type": "nodes", "opening_hours": null, "shop": null, "tourism": null, "rooms": null, "building": null, "amenity": "bar", "name": "Garcon Ubud", "beds": null}},{"type": "Feature", "geometry": {"type":"Point","coordinates":[115.2583599,-8.5111414]}, "properties": {"osm_id": 12669714710, "osm_type": "nodes", "opening_hours": null, "shop": null, "tourism": null, "rooms": null, "building": null, "amenity": "cafe", "name": "Novus Coffee", "beds": null}},{"type": "Feature", "geometry": {"type":"Point","coordinates":[115.2584996,-8.5107207]}, "properties": {"osm_id": 6082141785, "osm_type": "nodes", "opening_hours": null, "shop": null, "tourism": null, "rooms": null, "building": null, "amenity": "fast_food", "name": "Chopperdog", "beds": null}},{"type": "Feature", "geometry": {"type":"Point","coordinates":[115.2585014,-8.5098575]}, "properties": {"osm_id": 12665326727, "osm_type": "nodes", "opening_hours": null, "shop": "clothes", "tourism": null, "rooms": null, "building": null, "amenity": null, "name": "Flock Boutique", "beds": null}},{"type": "Feature", "geometry": {"type":"Point","coordinates":[115.2390222,-8.5217819]}, "properties": {"osm_id": 12662032060, "osm_type": "nodes", "opening_hours": null, "shop": "convenience", "tourism": null, "rooms": null, "building": null, "amenity": null, "name": "4W Mini Market", "beds": null}},{"type": "Feature", "geometry": {"type":"Point","coordinates":[115.2642446,-8.5150818]}, "properties": {"osm_id": 4294195591, "osm_type": "nodes", "opening_hours": null, "shop": null, "tourism": "hostel", "rooms": null, "building": null, "amenity": null, "name": "Wayan's Family Hostel", "beds": null}},{"type": "Feature", "geometry": {"type":"Point","coordinates":[115.2435757,-8.5083797]}, "properties": {"osm_id": 12588426864, "osm_type": "nodes", "opening_hours": null, "shop": null, "tourism": "hotel", "rooms": null, "building": null, "amenity": null, "name": "De Gus Homestay", "beds": null}},{"type": "Feature", "geometry": {"type":"Point","coordinates":[115.2530873,-8.4977895]}, "properties": {"osm_id": 12578940006, "osm_type": "nodes", "opening_hours": null, "shop": null, "tourism": null, "rooms": null, "building": null, "amenity": "restaurant", "name": "Bali-Jip Ubud", "beds": null}},{"type": "Feature", "geometry": {"type":"Point","coordinates":[115.2569316,-8.5218135]}, "properties": {"osm_id": 5938569885, "osm_type": "nodes", "opening_hours": null, "shop": null, "tourism": "hostel", "rooms": null, "building": null, "amenity": null, "name": "Kuna Bali", "beds": null}},{"type": "Feature", "geometry": {"type":"Point","coordinates":[115.2652598,-8.4971281]}, "properties": {"osm_id": 12541052669, "osm_type": "nodes", "opening_hours": null, "shop": null, "tourism": "guest_house", "rooms": null, "building": null, "amenity": null, "name": "Cito Guesthouse", "beds": null}},{"type": "Feature", "geometry": {"type":"Point","coordinates":[115.257514,-8.492867]}, "properties": {"osm_id": 10177283564, "osm_type": "nodes", "opening_hours": null, "shop": null, "tourism": null, "rooms": null, "building": null, "amenity": "restaurant", "name": "Birdhill Restaurant", "beds": null}},{"type": "Feature", "geometry": {"type":"Point","coordinates":[115.2628939,-8.4722378]}, "properties": {"osm_id": 12535907983, "osm_type": "nodes", "opening_hours": null, "shop": null, "tourism": "hotel", "rooms": null, "building": null, "amenity": null, "name": "Metland Venya Ubud", "beds": null}},{"type": "Feature", "geometry": {"type":"Point","coordinates":[115.2665466,-8.5004429]}, "properties": {"osm_id": 12519695381, "osm_type": "nodes", "opening_hours": null, "shop": "convenience", "tourism": null, "rooms": null, "building": null, "amenity": null, "name": "M MART", "beds": null}},{"type": "Feature", "geometry": {"type":"Point","coordinates":[115.2600729,-8.4999847]}, "properties": {"osm_id": 12495351997, "osm_type": "nodes", "opening_hours": null, "shop": "coffee", "tourism": null, "rooms": null, "building": null, "amenity": null, "name": "Eightea Bali", "beds": null}},{"type": "Feature", "geometry": {"type":"Point","coordinates":[115.2604047,-8.5055181]}, "properties": {"osm_id": 12381095401, "osm_type": "nodes", "opening_hours": "Mo-Su 09:00-23:00", "shop": null, "tourism": null, "rooms": null, "building": null, "amenity": "restaurant", "name": "The Chowk Indian Gourmet House", "beds": null}},{"type": "Feature", "geometry": {"type":"Point","coordinates":[115.2604382,-8.507812]}, "properties": {"osm_id": 12309242364, "osm_type": "nodes", "opening_hours": null, "shop": null, "tourism": "guest_house", "rooms": null, "building": null, "amenity": null, "name": "Ayu Homestay", "beds": null}},{"type": "Feature", "geometry": {"type":"Point","coordinates":[115.2502348,-8.4736466]}, "properties": {"osm_id": 12240701101, "osm_type": "nodes", "opening_hours": null, "shop": null, "tourism": "chalet", "rooms": null, "building": null, "amenity": null, "name": "Ithaca Ubud Villa", "beds": null}},{"type": "Feature", "geometry": {"type":"Point","coordinates":[115.2487244,-8.5162406]}, "properties": {"osm_id": 11277426469, "osm_type": "nodes", "opening_hours": "Mo-Su 08:00-21:30", "shop": null, "tourism": null, "rooms": null, "building": null, "amenity": "restaurant", "name": "Rona Warung", "beds": null}},{"type": "Feature", "geometry": {"type":"Point","coordinates":[115.2657116,-8.5238713]}, "properties": {"osm_id": 12215679201, "osm_type": "nodes", "opening_hours": null, "shop": null, "tourism": null, "rooms": null, "building": null, "amenity": "restaurant", "name": "Arma Thai Restaurant", "beds": null}},{"type": "Feature", "geometry": {"type":"Point","coordinates":[115.2449509,-8.4751637]}, "properties": {"osm_id": 10946233005, "osm_type": "nodes", "opening_hours": "Mo-Su 10:00-23:00", "shop": null, "tourism": null, "rooms": null, "building": null, "amenity": "restaurant", "name": "Taman Dedari", "beds": null}},{"type": "Feature", "geometry": {"type":"Point","coordinates":[115.2673745,-8.524251]}, "properties": {"osm_id": 12147610435, "osm_type": "nodes", "opening_hours": null, "shop": null, "tourism": "hostel", "rooms": null, "building": null, "amenity": null, "name": "Lucky Family Cottage", "beds": null}},{"type": "Feature", "geometry": {"type":"Point","coordinates":[115.2583506,-8.5053151]}, "properties": {"osm_id": 4789442123, "osm_type": "nodes", "opening_hours": "Tu-Su 08:00-19:00", "shop": null, "tourism": null, "rooms": null, "building": null, "amenity": "restaurant", "name": "Lazy Cats Cafe", "beds": null}},{"type": "Feature", "geometry": {"type":"Point","coordinates":[115.2612623,-8.5180627]}, "properties": {"osm_id": 5421490354, "osm_type": "nodes", "opening_hours": null, "shop": null, "tourism": null, "rooms": null, "building": null, "amenity": "restaurant", "name": "Social Monkeys", "beds": null}},{"type": "Feature", "geometry": {"type":"Point","coordinates":[115.2633095,-8.51872]}, "properties": {"osm_id": 5419607650, "osm_type": "nodes", "opening_hours": null, "shop": null, "tourism": null, "rooms": null, "building": null, "amenity": "restaurant", "name": "The Sandwich Bar", "beds": null}},{"type": "Feature", "geometry": {"type":"Point","coordinates":[115.2678198,-8.5176319]}, "properties": {"osm_id": 11982314969, "osm_type": "nodes", "opening_hours": null, "shop": null, "tourism": null, "rooms": null, "building": null, "amenity": "restaurant", "name": "warung Eka Wati", "beds": null}},{"type": "Feature", "geometry": {"type":"Point","coordinates":[115.2618982,-8.5164355]}, "properties": {"osm_id": 11982315169, "osm_type": "nodes", "opening_hours": null, "shop": null, "tourism": "guest_house", "rooms": null, "building": null, "amenity": null, "name": "Secret Garden Sky", "beds": null}},{"type": "Feature", "geometry": {"type":"Point","coordinates":[115.2653876,-8.5058536]}, "properties": {"osm_id": 11961775570, "osm_type": "nodes", "opening_hours": null, "shop": null, "tourism": "guest_house", "rooms": null, "building": null, "amenity": null, "name": "Pandu Guesthouse", "beds": null}},{"type": "Feature", "geometry": {"type":"Point","coordinates":[115.2607337,-8.5193619]}, "properties": {"osm_id": 11950248799, "osm_type": "nodes", "opening_hours": null, "shop": null, "tourism": "artwork", "rooms": null, "building": null, "amenity": null, "name": null, "beds": null}},{"type": "Feature", "geometry": {"type":"Point","coordinates":[115.25843,-8.5074672]}, "properties": {"osm_id": 11950248804, "osm_type": "nodes", "opening_hours": null, "shop": null, "tourism": null, "rooms": null, "building": null, "amenity": "restaurant", "name": "Papege's Warung", "beds": null}},{"type": "Feature", "geometry": {"type":"Point","coordinates":[115.2598574,-8.4939853]}, "properties": {"osm_id": 11946395960, "osm_type": "nodes", "opening_hours": null, "shop": null, "tourism": null, "rooms": null, "building": null, "amenity": "restaurant", "name": "The Organic Farmer", "beds": null}},{"type": "Feature", "geometry": {"type":"Point","coordinates":[115.2590734,-8.4986765]}, "properties": {"osm_id": 11946476214, "osm_type": "nodes", "opening_hours": null, "shop": null, "tourism": null, "rooms": null, "building": null, "amenity": "cafe", "name": "Cafe 3", "beds": null}},{"type": "Feature", "geometry": {"type":"Point","coordinates":[115.2584055,-8.4984088]}, "properties": {"osm_id": 11946476216, "osm_type": "nodes", "opening_hours": null, "shop": "clothes", "tourism": null, "rooms": null, "building": null, "amenity": null, "name": null, "beds": null}},{"type": "Feature", "geometry": {"type":"Point","coordinates":[115.2583685,-8.4985522]}, "properties": {"osm_id": 11946405823, "osm_type": "nodes", "opening_hours": null, "shop": null, "tourism": null, "rooms": null, "building": null, "amenity": "cafe", "name": "Beluna Cafe", "beds": null}},{"type": "Feature", "geometry": {"type":"Point","coordinates":[115.2584989,-8.5004837]}, "properties": {"osm_id": 11946484523, "osm_type": "nodes", "opening_hours": null, "shop": null, "tourism": null, "rooms": null, "building": null, "amenity": "restaurant", "name": null, "beds": null}},{"type": "Feature", "geometry": {"type":"Point","coordinates":[115.2629294,-8.5022208]}, "properties": {"osm_id": 11946313769, "osm_type": "nodes", "opening_hours": null, "shop": null, "tourism": null, "rooms": null, "building": null, "amenity": "cafe", "name": "Coffee Menari", "beds": null}},{"type": "Feature", "geometry": {"type":"Point","coordinates":[115.2588217,-8.5095889]}, "properties": {"osm_id": 6082129088, "osm_type": "nodes", "opening_hours": null, "shop": null, "tourism": null, "rooms": null, "building": null, "amenity": "restaurant", "name": "Balifornia", "beds": null}},{"type": "Feature", "geometry": {"type":"Point","coordinates":[115.2609419,-8.5061662]}, "properties": {"osm_id": 11944443703, "osm_type": "nodes", "opening_hours": null, "shop": null, "tourism": null, "rooms": null, "building": null, "amenity": "cafe", "name": "Sala", "beds": null}},{"type": "Feature", "geometry": {"type":"Point","coordinates":[115.2494858,-8.5009643]}, "properties": {"osm_id": 11943575951, "osm_type": "nodes", "opening_hours": null, "shop": null, "tourism": "artwork", "rooms": null, "building": null, "amenity": null, "name": null, "beds": null}},{"type": "Feature", "geometry": {"type":"Point","coordinates":[115.2582436,-8.5127643]}, "properties": {"osm_id": 11943431417, "osm_type": "nodes", "opening_hours": null, "shop": null, "tourism": null, "rooms": null, "building": null, "amenity": "cafe", "name": "Littletalks", "beds": null}},{"type": "Feature", "geometry": {"type":"Point","coordinates":[115.2584686,-8.5105107]}, "properties": {"osm_id": 11934619935, "osm_type": "nodes", "opening_hours": null, "shop": null, "tourism": null, "rooms": null, "building": null, "amenity": "restaurant", "name": "Chai of the Tiger", "beds": null}},{"type": "Feature", "geometry": {"type":"Point","coordinates":[115.2685951,-8.5092142]}, "properties": {"osm_id": 11942016604, "osm_type": "nodes", "opening_hours": null, "shop": null, "tourism": "hotel", "rooms": null, "building": null, "amenity": null, "name": "Oka Kartini B&B", "beds": null}},{"type": "Feature", "geometry": {"type":"Point","coordinates":[115.2591385,-8.5077865]}, "properties": {"osm_id": 6705226479, "osm_type": "nodes", "opening_hours": null, "shop": null, "tourism": null, "rooms": null, "building": null, "amenity": "restaurant", "name": "Honeymoon Kitchen", "beds": null}},{"type": "Feature", "geometry": {"type":"Point","coordinates":[115.2588715,-8.4969975]}, "properties": {"osm_id": 11938613883, "osm_type": "nodes", "opening_hours": null, "shop": "clothes", "tourism": null, "rooms": null, "building": null, "amenity": null, "name": "Deaf", "beds": null}},{"type": "Feature", "geometry": {"type":"Point","coordinates":[115.2616077,-8.4877999]}, "properties": {"osm_id": 11938546329, "osm_type": "nodes", "opening_hours": null, "shop": "beverages", "tourism": null, "rooms": null, "building": null, "amenity": null, "name": null, "beds": null}},{"type": "Feature", "geometry": {"type":"Point","coordinates":[115.263639,-8.5162751]}, "properties": {"osm_id": 4896330423, "osm_type": "nodes", "opening_hours": null, "shop": null, "tourism": null, "rooms": null, "building": null, "amenity": "cafe", "name": "Anuman coffee", "beds": null}},{"type": "Feature", "geometry": {"type":"Point","coordinates":[115.2590719,-8.5065444]}, "properties": {"osm_id": 11936404344, "osm_type": "nodes", "opening_hours": null, "shop": null, "tourism": null, "rooms": null, "building": null, "amenity": "cafe", "name": "Pukako", "beds": null}},{"type": "Feature", "geometry": {"type":"Point","coordinates":[115.2619399,-8.5016062]}, "properties": {"osm_id": 3761412336, "osm_type": "nodes", "opening_hours": null, "shop": null, "tourism": "guest_house", "rooms": null, "building": null, "amenity": null, "name": "Villa Bungsil Gading Ubud", "beds": null}},{"type": "Feature", "geometry": {"type":"Point","coordinates":[115.2467679,-8.4990179]}, "properties": {"osm_id": 11841301996, "osm_type": "nodes", "opening_hours": null, "shop": null, "tourism": null, "rooms": null, "building": null, "amenity": "restaurant", "name": "Sadi Padi Warung", "beds": null}},{"type": "Feature", "geometry": {"type":"Point","coordinates":[115.2452532,-8.4999529]}, "properties": {"osm_id": 11841302006, "osm_type": "nodes", "opening_hours": null, "shop": null, "tourism": "hotel", "rooms": null, "building": null, "amenity": null, "name": "Ubud Heaven Sayan Villas Bali", "beds": null}},{"type": "Feature", "geometry": {"type":"Point","coordinates":[115.2642774,-8.50837]}, "properties": {"osm_id": 3532672436, "osm_type": "nodes", "opening_hours": "Mo-Su 09:00-21:00", "shop": null, "tourism": null, "rooms": null, "building": null, "amenity": "restaurant", "name": "Seeds of Life", "beds": null}},{"type": "Feature", "geometry": {"type":"Point","coordinates":[115.264876,-8.5102801]}, "properties": {"osm_id": 2902644292, "osm_type": "nodes", "opening_hours": null, "shop": "jewelry", "tourism": null, "rooms": null, "building": null, "amenity": null, "name": "TABRA", "beds": null}},{"type": "Feature", "geometry": {"type":"Point","coordinates":[115.2625864,-8.5207677]}, "properties": {"osm_id": 3231345171, "osm_type": "nodes", "opening_hours": null, "shop": null, "tourism": null, "rooms": null, "building": null, "amenity": "restaurant", "name": "Onion Collective", "beds": null}},{"type": "Feature", "geometry": {"type":"Point","coordinates":[115.2523507,-8.5063279]}, "properties": {"osm_id": 11787176769, "osm_type": "nodes", "opening_hours": null, "shop": null, "tourism": "guest_house", "rooms": null, "building": null, "amenity": null, "name": "I Komang", "beds": null}},{"type": "Feature", "geometry": {"type":"Point","coordinates":[115.2780608,-8.4938974]}, "properties": {"osm_id": 3183935967, "osm_type": "nodes", "opening_hours": null, "shop": null, "tourism": null, "rooms": null, "building": null, "amenity": "restaurant", "name": "CasCades", "beds": null}},{"type": "Feature", "geometry": {"type":"Point","coordinates":[115.2780339,-8.4936056]}, "properties": {"osm_id": 3183948861, "osm_type": "nodes", "opening_hours": null, "shop": "beauty", "tourism": null, "rooms": null, "building": null, "amenity": null, "name": "Lembah Spa", "beds": null}},{"type": "Feature", "geometry": {"type":"Point","coordinates":[115.2552574,-8.4970273]}, "properties": {"osm_id": 11778036129, "osm_type": "nodes", "opening_hours": null, "shop": null, "tourism": "viewpoint", "rooms": null, "building": null, "amenity": null, "name": null, "beds": null}},{"type": "Feature", "geometry": {"type":"Point","coordinates":[115.2846348,-8.5072073]}, "properties": {"osm_id": 11768003411, "osm_type": "nodes", "opening_hours": null, "shop": null, "tourism": "hotel", "rooms": null, "building": null, "amenity": null, "name": "Villa Senja Ubud", "beds": null}},{"type": "Feature", "geometry": {"type":"Point","coordinates":[115.2593285,-8.5077985]}, "properties": {"osm_id": 3599995754, "osm_type": "nodes", "opening_hours": null, "shop": null, "tourism": "guest_house", "rooms": null, "building": null, "amenity": null, "name": "Honeymoon Guesthouse", "beds": null}},{"type": "Feature", "geometry": {"type":"Point","coordinates":[115.2578634,-8.5115831]}, "properties": {"osm_id": 6611375494, "osm_type": "nodes", "opening_hours": null, "shop": null, "tourism": null, "rooms": null, "building": null, "amenity": "restaurant", "name": "Copper", "beds": null}},{"type": "Feature", "geometry": {"type":"Point","coordinates":[115.2315864,-8.5369002]}, "properties": {"osm_id": 11686490655, "osm_type": "nodes", "opening_hours": null, "shop": null, "tourism": "attraction", "rooms": null, "building": null, "amenity": null, "name": "Aqueduct", "beds": null}},{"type": "Feature", "geometry": {"type":"Point","coordinates":[115.2641801,-8.4793123]}, "properties": {"osm_id": 10164244917, "osm_type": "nodes", "opening_hours": null, "shop": null, "tourism": "guest_house", "rooms": null, "building": null, "amenity": null, "name": "Taman Eden Cottage", "beds": null}},{"type": "Feature", "geometry": {"type":"Point","coordinates":[115.2779686,-8.523043]}, "properties": {"osm_id": 11644760069, "osm_type": "nodes", "opening_hours": null, "shop": null, "tourism": null, "rooms": null, "building": null, "amenity": "restaurant", "name": null, "beds": null}},{"type": "Feature", "geometry": {"type":"Point","coordinates":[115.2654264,-8.5127291]}, "properties": {"osm_id": 11634304220, "osm_type": "nodes", "opening_hours": null, "shop": "coffee", "tourism": null, "rooms": null, "building": null, "amenity": null, "name": "Ropana Coffee Shop", "beds": null}},{"type": "Feature", "geometry": {"type":"Point","coordinates":[115.2555037,-8.5103847]}, "properties": {"osm_id": 11583735770, "osm_type": "nodes", "opening_hours": null, "shop": null, "tourism": null, "rooms": null, "building": null, "amenity": "restaurant", "name": "Casa Curandera", "beds": null}},{"type": "Feature", "geometry": {"type":"Point","coordinates":[115.2655789,-8.511791]}, "properties": {"osm_id": 11548966699, "osm_type": "nodes", "opening_hours": null, "shop": null, "tourism": null, "rooms": null, "building": null, "amenity": "restaurant", "name": "Antawali Kitchen", "beds": null}},{"type": "Feature", "geometry": {"type":"Point","coordinates":[115.2775897,-8.4938559]}, "properties": {"osm_id": 11540192265, "osm_type": "nodes", "opening_hours": null, "shop": null, "tourism": null, "rooms": null, "building": null, "amenity": "restaurant", "name": "Apéritif Restaurant", "beds": null}},{"type": "Feature", "geometry": {"type":"Point","coordinates":[115.2891393,-8.5151411]}, "properties": {"osm_id": 11515686320, "osm_type": "nodes", "opening_hours": null, "shop": null, "tourism": "guest_house", "rooms": "2", "building": null, "amenity": null, "name": "Sola Villa Ubud", "beds": null}},{"type": "Feature", "geometry": {"type":"Point","coordinates":[115.2682616,-8.5086838]}, "properties": {"osm_id": 8134242300, "osm_type": "nodes", "opening_hours": null, "shop": null, "tourism": null, "rooms": null, "building": null, "amenity": "fast_food", "name": "JFC - Chicken Fast Food", "beds": null}},{"type": "Feature", "geometry": {"type":"Point","coordinates":[115.2787948,-8.4740123]}, "properties": {"osm_id": 5500188817, "osm_type": "nodes", "opening_hours": "Mo-Su 09:00-21:00", "shop": "massage", "tourism": null, "rooms": null, "building": null, "amenity": null, "name": "Chatraka Spa", "beds": null}},{"type": "Feature", "geometry": {"type":"Point","coordinates":[115.2680701,-8.5123985]}, "properties": {"osm_id": 3634803179, "osm_type": "nodes", "opening_hours": null, "shop": null, "tourism": "hotel", "rooms": null, "building": null, "amenity": null, "name": "Praety Home Stay", "beds": null}},{"type": "Feature", "geometry": {"type":"Point","coordinates":[115.2933914,-8.4990456]}, "properties": {"osm_id": 1990928107, "osm_type": "nodes", "opening_hours": null, "shop": null, "tourism": "hotel", "rooms": null, "building": null, "amenity": null, "name": "Villa Ubud", "beds": null}},{"type": "Feature", "geometry": {"type":"Point","coordinates":[115.2792667,-8.4976312]}, "properties": {"osm_id": 12960943801, "osm_type": "nodes", "opening_hours": null, "shop": null, "tourism": "hotel", "rooms": null, "building": null, "amenity": null, "name": "Buda cottage Ubud", "beds": null}},{"type": "Feature", "geometry": {"type":"Point","coordinates":[115.2684038,-8.5014697]}, "properties": {"osm_id": 13452023001, "osm_type": "nodes", "opening_hours": null, "shop": null, "tourism": null, "rooms": null, "building": null, "amenity": "cafe", "name": "Reina Jungla", "beds": null}},{"type": "Feature", "geometry": {"type":"Point","coordinates":[115.2586318,-8.509428]}, "properties": {"osm_id": 4150936489, "osm_type": "nodes", "opening_hours": null, "shop": null, "tourism": "hotel", "rooms": null, "building": null, "amenity": null, "name": "Uma Sari Cottage", "beds": null}},{"type": "Feature", "geometry": {"type":"Point","coordinates":[115.2584754,-8.509944]}, "properties": {"osm_id": 12665313718, "osm_type": "nodes", "opening_hours": null, "shop": "clothes", "tourism": null, "rooms": null, "building": null, "amenity": null, "name": "Gautama Grove", "beds": null}},{"type": "Feature", "geometry": {"type":"Point","coordinates":[115.2574854,-8.5091386]}, "properties": {"osm_id": 12669681687, "osm_type": "nodes", "opening_hours": null, "shop": null, "tourism": "guest_house", "rooms": null, "building": null, "amenity": null, "name": "Mare Marsi GH", "beds": null}},{"type": "Feature", "geometry": {"type":"Point","coordinates":[115.2583718,-8.5117536]}, "properties": {"osm_id": 11090793405, "osm_type": "nodes", "opening_hours": null, "shop": null, "tourism": null, "rooms": null, "building": null, "amenity": "restaurant", "name": "Chora", "beds": null}},{"type": "Feature", "geometry": {"type":"Point","coordinates":[115.2588349,-8.5106942]}, "properties": {"osm_id": 12669723942, "osm_type": "nodes", "opening_hours": null, "shop": null, "tourism": "guest_house", "rooms": null, "building": null, "amenity": null, "name": "Pillow Inn Ubud", "beds": null}},{"type": "Feature", "geometry": {"type":"Point","coordinates":[115.2591192,-8.5081663]}, "properties": {"osm_id": 5251727226, "osm_type": "nodes", "opening_hours": null, "shop": "massage", "tourism": null, "rooms": null, "building": null, "amenity": null, "name": "Synergy Spa", "beds": null}},{"type": "Feature", "geometry": {"type":"Point","coordinates":[115.2633392,-8.5010689]}, "properties": {"osm_id": 12755079001, "osm_type": "nodes", "opening_hours": null, "shop": null, "tourism": "attraction", "rooms": null, "building": null, "amenity": null, "name": null, "beds": null}},{"type": "Feature", "geometry": {"type":"Point","coordinates":[115.2637997,-8.4997403]}, "properties": {"osm_id": 12784971258, "osm_type": "nodes", "opening_hours": null, "shop": null, "tourism": "guest_house", "rooms": "2", "building": null, "amenity": null, "name": "Meme Lan Bape di Ubud", "beds": null}},{"type": "Feature", "geometry": {"type":"Point","coordinates":[115.2422276,-8.5067883]}, "properties": {"osm_id": 12866194890, "osm_type": "nodes", "opening_hours": "Mo-Su 08:00-17:00", "shop": "hardware", "tourism": null, "rooms": null, "building": null, "amenity": null, "name": "Candi Bali", "beds": null}},{"type": "Feature", "geometry": {"type":"Point","coordinates":[115.2483352,-8.5093385]}, "properties": {"osm_id": 12860274894, "osm_type": "nodes", "opening_hours": "08:00-23:30", "shop": null, "tourism": null, "rooms": null, "building": null, "amenity": "cafe", "name": "Mama Food", "beds": null}},{"type": "Feature", "geometry": {"type":"Point","coordinates":[115.2513128,-8.5066903]}, "properties": {"osm_id": 12496693294, "osm_type": "nodes", "opening_hours": "Mo-Su 08:30-22:00", "shop": null, "tourism": null, "rooms": null, "building": null, "amenity": "restaurant", "name": "Two sisters Ubud", "beds": null}},{"type": "Feature", "geometry": {"type":"Point","coordinates":[115.265568,-8.5110128]}, "properties": {"osm_id": 4241723289, "osm_type": "nodes", "opening_hours": "10:00-22:00", "shop": null, "tourism": null, "rooms": null, "building": null, "amenity": "restaurant", "name": "Wild Vegan", "beds": null}},{"type": "Feature", "geometry": {"type":"Point","coordinates":[115.2608444,-8.5060918]}, "properties": {"osm_id": 12837389998, "osm_type": "nodes", "opening_hours": null, "shop": null, "tourism": null, "rooms": null, "building": null, "amenity": "bar", "name": null, "beds": null}},{"type": "Feature", "geometry": {"type":"Point","coordinates":[115.2608455,-8.5060859]}, "properties": {"osm_id": 12837389999, "osm_type": "nodes", "opening_hours": null, "shop": null, "tourism": null, "rooms": null, "building": null, "amenity": "bar", "name": null, "beds": null}},{"type": "Feature", "geometry": {"type":"Point","coordinates":[115.253963,-8.5048652]}, "properties": {"osm_id": 2031494034, "osm_type": "nodes", "opening_hours": "Mo-Su 09:00-17:00", "shop": null, "tourism": "museum", "rooms": null, "building": null, "amenity": null, "name": "Don Antonio Blanco Museum", "beds": null}},{"type": "Feature", "geometry": {"type":"Point","coordinates":[115.2640404,-8.4997262]}, "properties": {"osm_id": 6235966958, "osm_type": "nodes", "opening_hours": null, "shop": null, "tourism": "guest_house", "rooms": null, "building": null, "amenity": null, "name": "Umah Ubud", "beds": null}},{"type": "Feature", "geometry": {"type":"Point","coordinates":[115.2644205,-8.5019637]}, "properties": {"osm_id": 7018689485, "osm_type": "nodes", "opening_hours": null, "shop": "laundry", "tourism": null, "rooms": null, "building": null, "amenity": null, "name": "Fersy Laundry", "beds": null}},{"type": "Feature", "geometry": {"type":"Point","coordinates":[115.2627123,-8.503582]}, "properties": {"osm_id": 4113512989, "osm_type": "nodes", "opening_hours": "Mo-Su 10:00-18:00", "shop": "gift", "tourism": null, "rooms": null, "building": null, "amenity": null, "name": "Threads of Life", "beds": null}},{"type": "Feature", "geometry": {"type":"Point","coordinates":[115.2587428,-8.5095927]}, "properties": {"osm_id": 12675433121, "osm_type": "nodes", "opening_hours": null, "shop": null, "tourism": null, "rooms": null, "building": null, "amenity": "bar", "name": "Balifornia", "beds": null}},{"type": "Feature", "geometry": {"type":"Point","coordinates":[115.258432,-8.5100582]}, "properties": {"osm_id": 12669703662, "osm_type": "nodes", "opening_hours": null, "shop": null, "tourism": "guest_house", "rooms": null, "building": null, "amenity": null, "name": "Wana Bucu Villas", "beds": null}},{"type": "Feature", "geometry": {"type":"Point","coordinates":[115.2581789,-8.5099831]}, "properties": {"osm_id": 12669700550, "osm_type": "nodes", "opening_hours": null, "shop": null, "tourism": "guest_house", "rooms": null, "building": null, "amenity": null, "name": "Pondok Tiying Ampel", "beds": null}},{"type": "Feature", "geometry": {"type":"Point","coordinates":[115.2583812,-8.5102448]}, "properties": {"osm_id": 12669695468, "osm_type": "nodes", "opening_hours": null, "shop": "beauty", "tourism": null, "rooms": null, "building": null, "amenity": null, "name": "Glow Spa", "beds": null}},{"type": "Feature", "geometry": {"type":"Point","coordinates":[115.2583033,-8.5105055]}, "properties": {"osm_id": 12669691925, "osm_type": "nodes", "opening_hours": null, "shop": null, "tourism": null, "rooms": null, "building": null, "amenity": null, "name": "Bintang Bisma", "beds": null}},{"type": "Feature", "geometry": {"type":"Point","coordinates":[115.2582183,-8.5105712]}, "properties": {"osm_id": 12669676854, "osm_type": "nodes", "opening_hours": null, "shop": null, "tourism": null, "rooms": null, "building": null, "amenity": "restaurant", "name": "Ratatouille  Ubud", "beds": null}},{"type": "Feature", "geometry": {"type":"Point","coordinates":[115.2582793,-8.5108443]}, "properties": {"osm_id": 12669685262, "osm_type": "nodes", "opening_hours": null, "shop": null, "tourism": null, "rooms": null, "building": null, "amenity": "restaurant", "name": "La Bella", "beds": null}},{"type": "Feature", "geometry": {"type":"Point","coordinates":[115.2582684,-8.5108981]}, "properties": {"osm_id": 12669707103, "osm_type": "nodes", "opening_hours": null, "shop": "massage", "tourism": null, "rooms": null, "building": null, "amenity": null, "name": "Alona Spa", "beds": null}},{"type": "Feature", "geometry": {"type":"Point","coordinates":[115.2583113,-8.5112185]}, "properties": {"osm_id": 12669708253, "osm_type": "nodes", "opening_hours": null, "shop": "alcohol", "tourism": null, "rooms": null, "building": null, "amenity": null, "name": "Vineyard", "beds": null}},{"type": "Feature", "geometry": {"type":"Point","coordinates":[115.2584614,-8.5113385]}, "properties": {"osm_id": 12669708332, "osm_type": "nodes", "opening_hours": null, "shop": "massage", "tourism": null, "rooms": null, "building": null, "amenity": null, "name": "Silvia Massage 1", "beds": null}},{"type": "Feature", "geometry": {"type":"Point","coordinates":[115.2583781,-8.5116111]}, "properties": {"osm_id": 6082219485, "osm_type": "nodes", "opening_hours": null, "shop": "massage", "tourism": null, "rooms": null, "building": null, "amenity": null, "name": "3 Points", "beds": null}},{"type": "Feature", "geometry": {"type":"Point","coordinates":[115.2587686,-8.5094705]}, "properties": {"osm_id": 12665318717, "osm_type": "nodes", "opening_hours": null, "shop": "hairdresser", "tourism": null, "rooms": null, "building": null, "amenity": null, "name": "King's Barber Shop", "beds": null}},{"type": "Feature", "geometry": {"type":"Point","coordinates":[115.258607,-8.5098974]}, "properties": {"osm_id": 12665273497, "osm_type": "nodes", "opening_hours": null, "shop": "massage", "tourism": null, "rooms": null, "building": null, "amenity": null, "name": "Harmoni Spa and Salon", "beds": null}},{"type": "Feature", "geometry": {"type":"Point","coordinates":[115.2664531,-8.5002364]}, "properties": {"osm_id": 12519695380, "osm_type": "nodes", "opening_hours": null, "shop": null, "tourism": "guest_house", "rooms": null, "building": null, "amenity": null, "name": "Yudha Ubud", "beds": null}},{"type": "Feature", "geometry": {"type":"Point","coordinates":[115.2670066,-8.5000747]}, "properties": {"osm_id": 12519695383, "osm_type": "nodes", "opening_hours": null, "shop": null, "tourism": "hotel", "rooms": null, "building": null, "amenity": null, "name": "Best Western Premier Agung Resort Ubud", "beds": null}},{"type": "Feature", "geometry": {"type":"Point","coordinates":[115.2512909,-8.5090424]}, "properties": {"osm_id": 12496702908, "osm_type": "nodes", "opening_hours": "Mo-Su 07:00-23:00", "shop": null, "tourism": null, "rooms": null, "building": null, "amenity": "restaurant", "name": "Mahena Warung", "beds": null}},{"type": "Feature", "geometry": {"type":"Point","coordinates":[115.2512953,-8.5034441]}, "properties": {"osm_id": 4527732870, "osm_type": "nodes", "opening_hours": null, "shop": null, "tourism": "hotel", "rooms": null, "building": null, "amenity": null, "name": "Ubud Heaven", "beds": null}},{"type": "Feature", "geometry": {"type":"Point","coordinates":[115.2533889,-8.5038563]}, "properties": {"osm_id": 4210817997, "osm_type": "nodes", "opening_hours": null, "shop": null, "tourism": "hotel", "rooms": null, "building": null, "amenity": null, "name": "Tjamphuhan spa", "beds": null}},{"type": "Feature", "geometry": {"type":"Point","coordinates":[115.2609006,-8.506527]}, "properties": {"osm_id": 11243685137, "osm_type": "nodes", "opening_hours": null, "shop": null, "tourism": null, "rooms": null, "building": null, "amenity": "restaurant", "name": "Tino’s East West Kitchen", "beds": null}},{"type": "Feature", "geometry": {"type":"Point","coordinates":[115.2384054,-8.5122246]}, "properties": {"osm_id": 2957061670, "osm_type": "nodes", "opening_hours": null, "shop": null, "tourism": "hotel", "rooms": null, "building": null, "amenity": null, "name": "Bambu Indah", "beds": null}},{"type": "Feature", "geometry": {"type":"Point","coordinates":[115.2618468,-8.5108371]}, "properties": {"osm_id": 2168262621, "osm_type": "nodes", "opening_hours": null, "shop": null, "tourism": null, "rooms": null, "building": null, "amenity": "bar", "name": "CP Lounge", "beds": null}},{"type": "Feature", "geometry": {"type":"Point","coordinates":[115.2608438,-8.5060928]}, "properties": {"osm_id": 6709017102, "osm_type": "nodes", "opening_hours": null, "shop": null, "tourism": null, "rooms": null, "building": null, "amenity": "restaurant", "name": "Mumbul Restaurant And Bar", "beds": null}},{"type": "Feature", "geometry": {"type":"Point","coordinates":[115.2586171,-8.5052417]}, "properties": {"osm_id": 6705399873, "osm_type": "nodes", "opening_hours": null, "shop": "massage", "tourism": null, "rooms": null, "building": null, "amenity": null, "name": "Rococo Bali Spa", "beds": null}},{"type": "Feature", "geometry": {"type":"Point","coordinates":[115.2593669,-8.5055033]}, "properties": {"osm_id": 5672795322, "osm_type": "nodes", "opening_hours": null, "shop": "clothes", "tourism": null, "rooms": null, "building": null, "amenity": null, "name": "Goxua", "beds": null}},{"type": "Feature", "geometry": {"type":"Point","coordinates":[115.2582971,-8.5081064]}, "properties": {"osm_id": 6705226466, "osm_type": "nodes", "opening_hours": null, "shop": null, "tourism": "guest_house", "rooms": null, "building": null, "amenity": null, "name": "Putra Bisma", "beds": null}},{"type": "Feature", "geometry": {"type":"Point","coordinates":[115.2579519,-8.5081423]}, "properties": {"osm_id": 6705264305, "osm_type": "nodes", "opening_hours": null, "shop": null, "tourism": "guest_house", "rooms": null, "building": null, "amenity": null, "name": "Three Dewi's", "beds": null}},{"type": "Feature", "geometry": {"type":"Point","coordinates":[115.2571033,-8.5077856]}, "properties": {"osm_id": 6705226476, "osm_type": "nodes", "opening_hours": null, "shop": null, "tourism": "guest_house", "rooms": null, "building": null, "amenity": null, "name": "Dewa House Bisma", "beds": null}},{"type": "Feature", "geometry": {"type":"Point","coordinates":[115.2589896,-8.5077852]}, "properties": {"osm_id": 6705264304, "osm_type": "nodes", "opening_hours": null, "shop": null, "tourism": "hostel", "rooms": null, "building": null, "amenity": null, "name": "Pondok Ubud", "beds": null}},{"type": "Feature", "geometry": {"type":"Point","coordinates":[115.2590685,-8.5064505]}, "properties": {"osm_id": 6704967521, "osm_type": "nodes", "opening_hours": null, "shop": null, "tourism": null, "rooms": null, "building": null, "amenity": "restaurant", "name": "DaLa Cafe", "beds": null}},{"type": "Feature", "geometry": {"type":"Point","coordinates":[115.2654445,-8.5121103]}, "properties": {"osm_id": 2173289188, "osm_type": "nodes", "opening_hours": null, "shop": null, "tourism": null, "rooms": null, "building": null, "amenity": "cafe", "name": null, "beds": null}},{"type": "Feature", "geometry": {"type":"Point","coordinates":[115.2620136,-8.5106254]}, "properties": {"osm_id": 3887688630, "osm_type": "nodes", "opening_hours": null, "shop": null, "tourism": null, "rooms": null, "building": null, "amenity": "restaurant", "name": "Sjaki-Tari-Us", "beds": null}},{"type": "Feature", "geometry": {"type":"Point","coordinates":[115.2658566,-8.5049919]}, "properties": {"osm_id": 6424853166, "osm_type": "nodes", "opening_hours": null, "shop": null, "tourism": "guest_house", "rooms": null, "building": null, "amenity": null, "name": "Gusti Kaler House", "beds": null}},{"type": "Feature", "geometry": {"type":"Point","coordinates":[115.2639284,-8.5000304]}, "properties": {"osm_id": 4410958489, "osm_type": "nodes", "opening_hours": null, "shop": null, "tourism": "guest_house", "rooms": null, "building": null, "amenity": null, "name": null, "beds": null}},{"type": "Feature", "geometry": {"type":"Point","coordinates":[115.2438989,-8.4997845]}, "properties": {"osm_id": 4796023823, "osm_type": "nodes", "opening_hours": null, "shop": null, "tourism": "hotel", "rooms": null, "building": null, "amenity": null, "name": "Room@Bali", "beds": null}},{"type": "Feature", "geometry": {"type":"Point","coordinates":[115.2622951,-8.5045407]}, "properties": {"osm_id": 3761415657, "osm_type": "nodes", "opening_hours": null, "shop": null, "tourism": "guest_house", "rooms": null, "building": null, "amenity": null, "name": "Loka Sari Guest House", "beds": null}},{"type": "Feature", "geometry": {"type":"Point","coordinates":[115.2622897,-8.5045752]}, "properties": {"osm_id": 3761412271, "osm_type": "nodes", "opening_hours": null, "shop": "massage", "tourism": null, "rooms": null, "building": null, "amenity": null, "name": "Loka Sari", "beds": null}},{"type": "Feature", "geometry": {"type":"Point","coordinates":[115.2625318,-8.5036159]}, "properties": {"osm_id": 3761415790, "osm_type": "nodes", "opening_hours": null, "shop": null, "tourism": "guest_house", "rooms": null, "building": null, "amenity": null, "name": "Gusti's Garden Bungalows", "beds": null}},{"type": "Feature", "geometry": {"type":"Point","coordinates":[115.2626979,-8.5036867]}, "properties": {"osm_id": 3761415791, "osm_type": "nodes", "opening_hours": null, "shop": null, "tourism": "guest_house", "rooms": null, "building": null, "amenity": null, "name": "Rumah Roda Home Stay", "beds": null}},{"type": "Feature", "geometry": {"type":"Point","coordinates":[115.2627026,-8.5034546]}, "properties": {"osm_id": 3761412330, "osm_type": "nodes", "opening_hours": null, "shop": null, "tourism": "guest_house", "rooms": null, "building": null, "amenity": null, "name": "Kajeng Bungalows", "beds": null}},{"type": "Feature", "geometry": {"type":"Point","coordinates":[115.2630427,-8.5030227]}, "properties": {"osm_id": 3761412788, "osm_type": "nodes", "opening_hours": null, "shop": "massage", "tourism": null, "rooms": null, "building": null, "amenity": null, "name": "Spa Bali", "beds": null}},{"type": "Feature", "geometry": {"type":"Point","coordinates":[115.2634349,-8.5012121]}, "properties": {"osm_id": 3761415922, "osm_type": "nodes", "opening_hours": null, "shop": null, "tourism": "guest_house", "rooms": null, "building": null, "amenity": null, "name": "Ben Home Stay", "beds": null}},{"type": "Feature", "geometry": {"type":"Point","coordinates":[115.2628796,-8.5053535]}, "properties": {"osm_id": 3761415381, "osm_type": "nodes", "opening_hours": null, "shop": null, "tourism": null, "rooms": null, "building": null, "amenity": "restaurant", "name": "Kangen Ubud", "beds": null}},{"type": "Feature", "geometry": {"type":"Point","coordinates":[115.2622062,-8.5095849]}, "properties": {"osm_id": 3761415638, "osm_type": "nodes", "opening_hours": null, "shop": null, "tourism": "hostel", "rooms": null, "building": null, "amenity": null, "name": "Ubud Market Hostel", "beds": null}},{"type": "Feature", "geometry": {"type":"Point","coordinates":[115.2631291,-8.5096151]}, "properties": {"osm_id": 3761416361, "osm_type": "nodes", "opening_hours": null, "shop": null, "tourism": "guest_house", "rooms": null, "building": null, "amenity": null, "name": "Esty House", "beds": null}},{"type": "Feature", "geometry": {"type":"Point","coordinates":[115.2629833,-8.5093397]}, "properties": {"osm_id": 3761416471, "osm_type": "nodes", "opening_hours": null, "shop": null, "tourism": "guest_house", "rooms": null, "building": null, "amenity": null, "name": "Anugrah House", "beds": null}},{"type": "Feature", "geometry": {"type":"Point","coordinates":[115.2643459,-8.5084619]}, "properties": {"osm_id": 3761412233, "osm_type": "nodes", "opening_hours": null, "shop": "massage", "tourism": null, "rooms": null, "building": null, "amenity": null, "name": "Leni", "beds": null}},{"type": "Feature", "geometry": {"type":"Point","coordinates":[115.2621019,-8.5050048]}, "properties": {"osm_id": 3761416915, "osm_type": "nodes", "opening_hours": null, "shop": null, "tourism": "guest_house", "rooms": null, "building": null, "amenity": null, "name": "Arjana", "beds": null}},{"type": "Feature", "geometry": {"type":"Point","coordinates":[115.258047,-8.5014675]}, "properties": {"osm_id": 3410993910, "osm_type": "nodes", "opening_hours": null, "shop": null, "tourism": "guest_house", "rooms": null, "building": null, "amenity": null, "name": "Pondok Padi", "beds": null}},{"type": "Feature", "geometry": {"type":"Point","coordinates":[115.2650183,-8.510284]}, "properties": {"osm_id": 1726066314, "osm_type": "nodes", "opening_hours": null, "shop": null, "tourism": null, "rooms": null, "building": null, "amenity": "restaurant", "name": null, "beds": null}},{"type": "Feature", "geometry": {"type":"Point","coordinates":[115.2630088,-8.5096417]}, "properties": {"osm_id": 2817352194, "osm_type": "nodes", "opening_hours": null, "shop": null, "tourism": null, "rooms": null, "building": null, "amenity": "restaurant", "name": "Sen-San's warung", "beds": null}},{"type": "Feature", "geometry": {"type":"Point","coordinates":[115.2453052,-8.4960535]}, "properties": {"osm_id": 2537633675, "osm_type": "nodes", "opening_hours": null, "shop": null, "tourism": "guest_house", "rooms": null, "building": null, "amenity": null, "name": "Sayan Ayu", "beds": null}},{"type": "Feature", "geometry": {"type":"Point","coordinates":[115.2646279,-8.5079412]}, "properties": {"osm_id": 2431031733, "osm_type": "nodes", "opening_hours": null, "shop": null, "tourism": null, "rooms": null, "building": null, "amenity": "restaurant", "name": "Nomad", "beds": null}},{"type": "Feature", "geometry": {"type":"Point","coordinates":[115.2645878,-8.5101022]}, "properties": {"osm_id": 2385574284, "osm_type": "nodes", "opening_hours": null, "shop": "clothes", "tourism": null, "rooms": null, "building": null, "amenity": null, "name": null, "beds": null}},{"type": "Feature", "geometry": {"type":"Point","coordinates":[115.2666895,-8.5083833]}, "properties": {"osm_id": 2385574293, "osm_type": "nodes", "opening_hours": null, "shop": "gift", "tourism": null, "rooms": null, "building": null, "amenity": null, "name": null, "beds": null}},{"type": "Feature", "geometry": {"type":"Point","coordinates":[115.2502279,-8.5058885]}, "properties": {"osm_id": 2150330237, "osm_type": "nodes", "opening_hours": null, "shop": null, "tourism": null, "rooms": null, "building": null, "amenity": "restaurant", "name": "Bubu Warung", "beds": null}},{"type": "Feature", "geometry": {"type":"Point","coordinates":[115.2642148,-8.5092939]}, "properties": {"osm_id": 3761416914, "osm_type": "nodes", "opening_hours": null, "shop": null, "tourism": "guest_house", "rooms": null, "building": null, "amenity": null, "name": "Sudana Home Stay", "beds": null}},{"type": "Feature", "geometry": {"type":"Point","coordinates":[115.2455579,-8.507308]}, "properties": {"osm_id": 4703803306, "osm_type": "nodes", "opening_hours": "Mo-Su,PH 10:00-21:00", "shop": null, "tourism": null, "rooms": null, "building": null, "amenity": "restaurant", "name": "Moksa", "beds": null}},{"type": "Feature", "geometry": {"type":"Point","coordinates":[115.263938,-8.5103322]}, "properties": {"osm_id": 6036701487, "osm_type": "nodes", "opening_hours": "Mo-Su 09:00-22:00", "shop": null, "tourism": null, "rooms": null, "building": null, "amenity": "restaurant", "name": "Golden Monkey", "beds": null}},{"type": "Feature", "geometry": {"type":"Point","coordinates":[115.2609683,-8.511604]}, "properties": {"osm_id": 6309774785, "osm_type": "nodes", "opening_hours": "Mo-Su,PH 09:00-22:00", "shop": "variety_store", "tourism": null, "rooms": null, "building": null, "amenity": null, "name": "by the sea", "beds": null}},{"type": "Feature", "geometry": {"type":"Point","coordinates":[115.2609076,-8.5119231]}, "properties": {"osm_id": 6720667642, "osm_type": "nodes", "opening_hours": null, "shop": null, "tourism": "hotel", "rooms": null, "building": null, "amenity": null, "name": "Agung Trisna Bungalows", "beds": null}},{"type": "Feature", "geometry": {"type":"Point","coordinates":[115.2670038,-8.5043209]}, "properties": {"osm_id": 12960812401, "osm_type": "nodes", "opening_hours": null, "shop": null, "tourism": "hotel", "rooms": null, "building": null, "amenity": null, "name": "Nengah house Ubud", "beds": null}},{"type": "Feature", "geometry": {"type":"Point","coordinates":[115.2611268,-8.5078107]}, "properties": {"osm_id": 13031413258, "osm_type": "nodes", "opening_hours": null, "shop": null, "tourism": "guest_house", "rooms": null, "building": null, "amenity": null, "name": "Arjuna Homestay Ubud", "beds": null}},{"type": "Feature", "geometry": {"type":"Point","coordinates":[115.2477396,-8.5018977]}, "properties": {"osm_id": 13124311601, "osm_type": "nodes", "opening_hours": "Mo-Su 07:00-17:00", "shop": null, "tourism": null, "rooms": null, "building": null, "amenity": "cafe", "name": "Bodega", "beds": null}},{"type": "Feature", "geometry": {"type":"Point","coordinates":[115.2666412,-8.5086622]}, "properties": {"osm_id": 13420715501, "osm_type": "nodes", "opening_hours": "Mo-Su 11:00-23:00", "shop": null, "tourism": null, "rooms": null, "building": null, "amenity": "restaurant", "name": "MADHUBANN Pure veg Indian Restaurant", "beds": null}},{"type": "Feature", "geometry": {"type":"Point","coordinates":[115.2668936,-8.5091193]}, "properties": {"osm_id": 1726066315, "osm_type": "nodes", "opening_hours": "Mo-Su 07:00-22:00", "shop": null, "tourism": null, "rooms": null, "building": null, "amenity": "restaurant", "name": "Bali Buda Ubud", "beds": null}},{"type": "Feature", "geometry": {"type":"Point","coordinates":[115.26819,-8.5285898]}, "properties": {"osm_id": 11992125869, "osm_type": "nodes", "opening_hours": "Mo-Su 09:00-22:00", "shop": null, "tourism": "chalet", "rooms": null, "building": null, "amenity": null, "name": "Pondok Kayu Batu", "beds": null}},{"type": "Feature", "geometry": {"type":"Point","coordinates":[115.2606491,-8.5076944]}, "properties": {"osm_id": 4223930389, "osm_type": "nodes", "opening_hours": null, "shop": null, "tourism": "guest_house", "rooms": null, "building": null, "amenity": null, "name": "Koming house", "beds": null}},{"type": "Feature", "geometry": {"type":"Point","coordinates":[115.264004,-8.5100257]}, "properties": {"osm_id": 6220974685, "osm_type": "nodes", "opening_hours": "Mo-Su 10:00-20:00", "shop": "massage", "tourism": null, "rooms": null, "building": null, "amenity": null, "name": "SKIN Organic Spa & Waxing Salon - Goutama", "beds": null}},{"type": "Feature", "geometry": {"type":"Point","coordinates":[115.2713684,-8.4753357]}, "properties": {"osm_id": 6664122185, "osm_type": "nodes", "opening_hours": null, "shop": null, "tourism": "guest_house", "rooms": null, "building": null, "amenity": null, "name": "Teba", "beds": null}},{"type": "Feature", "geometry": {"type":"Point","coordinates":[115.265756,-8.5101387]}, "properties": {"osm_id": 5682093336, "osm_type": "nodes", "opening_hours": "Mo-Su 08:00-21:00", "shop": null, "tourism": null, "rooms": null, "building": null, "amenity": "restaurant", "name": "Avococo smoothie bar", "beds": null}},{"type": "Feature", "geometry": {"type":"Point","coordinates":[115.264714,-8.510968]}, "properties": {"osm_id": 4361381990, "osm_type": "nodes", "opening_hours": null, "shop": "jewelry", "tourism": null, "rooms": null, "building": null, "amenity": null, "name": null, "beds": null}},{"type": "Feature", "geometry": {"type":"Point","coordinates":[115.2606837,-8.5133448]}, "properties": {"osm_id": 5418297527, "osm_type": "nodes", "opening_hours": null, "shop": null, "tourism": null, "rooms": null, "building": null, "amenity": "restaurant", "name": "Bali Pesto", "beds": null}},{"type": "Feature", "geometry": {"type":"Point","coordinates":[115.2603447,-8.5133369]}, "properties": {"osm_id": 5930302185, "osm_type": "nodes", "opening_hours": null, "shop": null, "tourism": "hotel", "rooms": null, "building": null, "amenity": null, "name": "Komaneka", "beds": null}},{"type": "Feature", "geometry": {"type":"Point","coordinates":[115.2602647,-8.5151545]}, "properties": {"osm_id": 6720615177, "osm_type": "nodes", "opening_hours": null, "shop": null, "tourism": "hotel", "rooms": null, "building": null, "amenity": null, "name": "Pondok Pundi", "beds": null}},{"type": "Feature", "geometry": {"type":"Point","coordinates":[115.2608136,-8.513595]}, "properties": {"osm_id": 6720656505, "osm_type": "nodes", "opening_hours": null, "shop": null, "tourism": "hotel", "rooms": null, "building": null, "amenity": null, "name": "Yulia Inn", "beds": null}},{"type": "Feature", "geometry": {"type":"Point","coordinates":[115.2629153,-8.5226604]}, "properties": {"osm_id": 6804603431, "osm_type": "nodes", "opening_hours": "Mo-Su 11:00-23:50", "shop": null, "tourism": null, "rooms": null, "building": null, "amenity": "restaurant", "name": "Spaccanapoli", "beds": null}},{"type": "Feature", "geometry": {"type":"Point","coordinates":[115.2636674,-8.5256825]}, "properties": {"osm_id": 3800580532, "osm_type": "nodes", "opening_hours": null, "shop": null, "tourism": null, "rooms": null, "building": null, "amenity": "restaurant", "name": "Ciao Nonna", "beds": null}},{"type": "Feature", "geometry": {"type":"Point","coordinates":[115.2618783,-8.5264306]}, "properties": {"osm_id": 6001930988, "osm_type": "nodes", "opening_hours": null, "shop": "laundry", "tourism": null, "rooms": null, "building": null, "amenity": null, "name": null, "beds": null}},{"type": "Feature", "geometry": {"type":"Point","coordinates":[115.2629371,-8.5222224]}, "properties": {"osm_id": 10224958717, "osm_type": "nodes", "opening_hours": null, "shop": null, "tourism": null, "rooms": null, "building": null, "amenity": "restaurant", "name": "Merlin's Magic", "beds": null}},{"type": "Feature", "geometry": {"type":"Point","coordinates":[115.263848,-8.515767]}, "properties": {"osm_id": 3925162029, "osm_type": "nodes", "opening_hours": null, "shop": "lighting", "tourism": null, "rooms": null, "building": null, "amenity": null, "name": "Vio", "beds": null}},{"type": "Feature", "geometry": {"type":"Point","coordinates":[115.2635228,-8.5129093]}, "properties": {"osm_id": 4217400501, "osm_type": "nodes", "opening_hours": null, "shop": null, "tourism": "hostel", "rooms": null, "building": null, "amenity": null, "name": null, "beds": null}},{"type": "Feature", "geometry": {"type":"Point","coordinates":[115.2647165,-8.51161]}, "properties": {"osm_id": 2385574291, "osm_type": "nodes", "opening_hours": null, "shop": "gift", "tourism": null, "rooms": null, "building": null, "amenity": null, "name": null, "beds": null}},{"type": "Feature", "geometry": {"type":"Point","coordinates":[115.2642659,-8.5141555]}, "properties": {"osm_id": 2385574276, "osm_type": "nodes", "opening_hours": null, "shop": "clothes", "tourism": null, "rooms": null, "building": null, "amenity": null, "name": null, "beds": null}},{"type": "Feature", "geometry": {"type":"Point","coordinates":[115.2638445,-8.5142796]}, "properties": {"osm_id": 3925161844, "osm_type": "nodes", "opening_hours": null, "shop": null, "tourism": null, "rooms": null, "building": null, "amenity": "cafe", "name": "Angsa", "beds": null}},{"type": "Feature", "geometry": {"type":"Point","coordinates":[115.2621669,-8.5183894]}, "properties": {"osm_id": 5417895734, "osm_type": "nodes", "opening_hours": null, "shop": null, "tourism": null, "rooms": "38", "building": null, "amenity": "restaurant", "name": "Uma Resto", "beds": null}},{"type": "Feature", "geometry": {"type":"Point","coordinates":[115.2619925,-8.5178752]}, "properties": {"osm_id": 4496338091, "osm_type": "nodes", "opening_hours": null, "shop": "massage", "tourism": null, "rooms": null, "building": null, "amenity": null, "name": "Venezia day spa & salon", "beds": null}},{"type": "Feature", "geometry": {"type":"Point","coordinates":[115.2616834,-8.5182767]}, "properties": {"osm_id": 4846658922, "osm_type": "nodes", "opening_hours": null, "shop": null, "tourism": null, "rooms": null, "building": null, "amenity": "restaurant", "name": "Tropical View Cafe", "beds": null}},{"type": "Feature", "geometry": {"type":"Point","coordinates":[115.262977,-8.5212184]}, "properties": {"osm_id": 4348281692, "osm_type": "nodes", "opening_hours": "Mo-Su 11:00-21:00", "shop": null, "tourism": null, "rooms": null, "building": null, "amenity": "restaurant", "name": "Taco Casa", "beds": null}},{"type": "Feature", "geometry": {"type":"Point","coordinates":[115.2627253,-8.5205046]}, "properties": {"osm_id": 4794561622, "osm_type": "nodes", "opening_hours": null, "shop": null, "tourism": null, "rooms": null, "building": null, "amenity": "restaurant", "name": "Warung Enak", "beds": null}},{"type": "Feature", "geometry": {"type":"Point","coordinates":[115.2627294,-8.5205991]}, "properties": {"osm_id": 5422061771, "osm_type": "nodes", "opening_hours": null, "shop": "alcohol", "tourism": null, "rooms": null, "building": null, "amenity": null, "name": "Vineyard", "beds": null}},{"type": "Feature", "geometry": {"type":"Point","coordinates":[115.2630679,-8.5206331]}, "properties": {"osm_id": 4489975989, "osm_type": "nodes", "opening_hours": "Mo-Su 09:00-22:00", "shop": "massage", "tourism": null, "rooms": null, "building": null, "amenity": null, "name": "Ubud Wellness Spa", "beds": null}},{"type": "Feature", "geometry": {"type":"Point","coordinates":[115.2632319,-8.5197555]}, "properties": {"osm_id": 5596663821, "osm_type": "nodes", "opening_hours": null, "shop": null, "tourism": null, "rooms": null, "building": null, "amenity": "restaurant", "name": "Biah Biah plus", "beds": null}},{"type": "Feature", "geometry": {"type":"Point","coordinates":[115.2631215,-8.5195578]}, "properties": {"osm_id": 5549889422, "osm_type": "nodes", "opening_hours": null, "shop": null, "tourism": null, "rooms": null, "building": null, "amenity": "restaurant", "name": "Cafe Marzano", "beds": null}},{"type": "Feature", "geometry": {"type":"Point","coordinates":[115.2635227,-8.5184937]}, "properties": {"osm_id": 4467737448, "osm_type": "nodes", "opening_hours": null, "shop": null, "tourism": null, "rooms": null, "building": null, "amenity": "restaurant", "name": "Petani", "beds": null}},{"type": "Feature", "geometry": {"type":"Point","coordinates":[115.26532,-8.5242863]}, "properties": {"osm_id": 5815106410, "osm_type": "nodes", "opening_hours": "Mo-Su 09:00-22:00", "shop": null, "tourism": null, "rooms": null, "building": null, "amenity": "restaurant", "name": "Tjap Djempol", "beds": null}},{"type": "Feature", "geometry": {"type":"Point","coordinates":[115.2644124,-8.516532]}, "properties": {"osm_id": 1859633457, "osm_type": "nodes", "opening_hours": null, "shop": null, "tourism": "guest_house", "rooms": null, "building": null, "amenity": null, "name": "Nuriani Guesthouse", "beds": null}},{"type": "Feature", "geometry": {"type":"Point","coordinates":[115.2644365,-8.5129247]}, "properties": {"osm_id": 2385574288, "osm_type": "nodes", "opening_hours": null, "shop": "clothes", "tourism": null, "rooms": null, "building": null, "amenity": null, "name": null, "beds": null}},{"type": "Feature", "geometry": {"type":"Point","coordinates":[115.2647534,-8.5111375]}, "properties": {"osm_id": 3924761490, "osm_type": "nodes", "opening_hours": null, "shop": null, "tourism": "hostel", "rooms": null, "building": null, "amenity": null, "name": "W. Purna Homestay", "beds": null}},{"type": "Feature", "geometry": {"type":"Point","coordinates":[115.2641681,-8.5135937]}, "properties": {"osm_id": 4261860989, "osm_type": "nodes", "opening_hours": null, "shop": "clothes", "tourism": null, "rooms": null, "building": null, "amenity": null, "name": "Bali Yoga Shop", "beds": null}},{"type": "Feature", "geometry": {"type":"Point","coordinates":[115.263722,-8.5117282]}, "properties": {"osm_id": 4300097890, "osm_type": "nodes", "opening_hours": null, "shop": "cosmetics", "tourism": null, "rooms": null, "building": null, "amenity": null, "name": "Taksu Spa & Restaurant", "beds": null}},{"type": "Feature", "geometry": {"type":"Point","coordinates":[115.2662517,-8.5165016]}, "properties": {"osm_id": 4375711540, "osm_type": "nodes", "opening_hours": null, "shop": null, "tourism": null, "rooms": null, "building": null, "amenity": "restaurant", "name": "Warung Pondok Madu", "beds": null}},{"type": "Feature", "geometry": {"type":"Point","coordinates":[115.2625092,-8.518236]}, "properties": {"osm_id": 5422061766, "osm_type": "nodes", "opening_hours": "Mo-Su 08:00-00:00", "shop": null, "tourism": null, "rooms": null, "building": null, "amenity": "restaurant", "name": "Ibu Susu", "beds": null}},{"type": "Feature", "geometry": {"type":"Point","coordinates":[115.2631286,-8.5158913]}, "properties": {"osm_id": 12915029201, "osm_type": "nodes", "opening_hours": null, "shop": null, "tourism": "guest_house", "rooms": null, "building": null, "amenity": null, "name": "Jepun Bali Ubud Homestay", "beds": null}},{"type": "Feature", "geometry": {"type":"Point","coordinates":[115.2637305,-8.5170567]}, "properties": {"osm_id": 13089054001, "osm_type": "nodes", "opening_hours": null, "shop": null, "tourism": null, "rooms": null, "building": null, "amenity": "restaurant", "name": "Punjabi Grill", "beds": null}},{"type": "Feature", "geometry": {"type":"Point","coordinates":[115.263987,-8.5308361]}, "properties": {"osm_id": 13159851395, "osm_type": "nodes", "opening_hours": null, "shop": null, "tourism": "hotel", "rooms": null, "building": null, "amenity": null, "name": "Gembala Homestay", "beds": null}},{"type": "Feature", "geometry": {"type":"Point","coordinates":[115.2639858,-8.5308926]}, "properties": {"osm_id": 13159891528, "osm_type": "nodes", "opening_hours": "Mo-Su 08:00-22:00", "shop": null, "tourism": null, "rooms": null, "building": null, "amenity": "cafe", "name": "Birama Coffee Ubud", "beds": null}},{"type": "Feature", "geometry": {"type":"Point","coordinates":[115.2635851,-8.5174415]}, "properties": {"osm_id": 13410705001, "osm_type": "nodes", "opening_hours": null, "shop": null, "tourism": null, "rooms": null, "building": null, "amenity": "restaurant", "name": "Ryoshi", "beds": null}},{"type": "Feature", "geometry": {"type":"Point","coordinates":[115.2642143,-8.5118619]}, "properties": {"osm_id": 4427432809, "osm_type": "nodes", "opening_hours": null, "shop": "clothes", "tourism": null, "rooms": null, "building": null, "amenity": null, "name": "Soulpath", "beds": null}},{"type": "Feature", "geometry": {"type":"Point","coordinates":[115.2663639,-8.5135633]}, "properties": {"osm_id": 4438771291, "osm_type": "nodes", "opening_hours": null, "shop": null, "tourism": "guest_house", "rooms": null, "building": null, "amenity": null, "name": "Belos house", "beds": null}},{"type": "Feature", "geometry": {"type":"Point","coordinates":[115.2640054,-8.5204785]}, "properties": {"osm_id": 4449837491, "osm_type": "nodes", "opening_hours": null, "shop": null, "tourism": "hotel", "rooms": null, "building": null, "amenity": null, "name": "Tunjug Mas Bungalow", "beds": null}},{"type": "Feature", "geometry": {"type":"Point","coordinates":[115.2649877,-8.5153446]}, "properties": {"osm_id": 4586850689, "osm_type": "nodes", "opening_hours": null, "shop": null, "tourism": null, "rooms": null, "building": null, "amenity": "restaurant", "name": "Kebun Bistro", "beds": null}},{"type": "Feature", "geometry": {"type":"Point","coordinates":[115.2651586,-8.5151103]}, "properties": {"osm_id": 4662237889, "osm_type": "nodes", "opening_hours": null, "shop": null, "tourism": "hotel", "rooms": null, "building": null, "amenity": null, "name": "Tutick House", "beds": null}},{"type": "Feature", "geometry": {"type":"Point","coordinates":[115.26574,-8.5109082]}, "properties": {"osm_id": 4696594615, "osm_type": "nodes", "opening_hours": null, "shop": null, "tourism": "guest_house", "rooms": null, "building": null, "amenity": null, "name": "Mama House", "beds": null}},{"type": "Feature", "geometry": {"type":"Point","coordinates":[115.2646084,-8.5149213]}, "properties": {"osm_id": 4696809700, "osm_type": "nodes", "opening_hours": null, "shop": null, "tourism": "hostel", "rooms": null, "building": null, "amenity": null, "name": "Tutde's House", "beds": null}},{"type": "Feature", "geometry": {"type":"Point","coordinates":[115.2667516,-8.510878]}, "properties": {"osm_id": 4709746392, "osm_type": "nodes", "opening_hours": null, "shop": null, "tourism": "artwork", "rooms": null, "building": null, "amenity": null, "name": "Cap Bagong Tattoo", "beds": null}},{"type": "Feature", "geometry": {"type":"Point","coordinates":[115.2643551,-8.5117948]}, "properties": {"osm_id": 4846659121, "osm_type": "nodes", "opening_hours": null, "shop": null, "tourism": null, "rooms": null, "building": null, "amenity": "restaurant", "name": "earth cafe & market", "beds": null}},{"type": "Feature", "geometry": {"type":"Point","coordinates":[115.2626879,-8.5165892]}, "properties": {"osm_id": 4874629321, "osm_type": "nodes", "opening_hours": "Mo-Su 12:00-22:00", "shop": null, "tourism": null, "rooms": null, "building": null, "amenity": "restaurant", "name": "D'Gamma Warung", "beds": null}},{"type": "Feature", "geometry": {"type":"Point","coordinates":[115.263932,-8.5109893]}, "properties": {"osm_id": 4878548621, "osm_type": "nodes", "opening_hours": null, "shop": null, "tourism": null, "rooms": null, "building": null, "amenity": "restaurant", "name": "Puspa's Warung", "beds": null}},{"type": "Feature", "geometry": {"type":"Point","coordinates":[115.2637928,-8.514956]}, "properties": {"osm_id": 4897613724, "osm_type": "nodes", "opening_hours": null, "shop": null, "tourism": null, "rooms": null, "building": null, "amenity": "cafe", "name": "Warung Laba Laba", "beds": null}},{"type": "Feature", "geometry": {"type":"Point","coordinates":[115.2644258,-8.5124417]}, "properties": {"osm_id": 4931857322, "osm_type": "nodes", "opening_hours": null, "shop": null, "tourism": null, "rooms": null, "building": null, "amenity": "restaurant", "name": "Cafe Bali", "beds": null}},{"type": "Feature", "geometry": {"type":"Point","coordinates":[115.2638439,-8.5151219]}, "properties": {"osm_id": 4947045324, "osm_type": "nodes", "opening_hours": null, "shop": null, "tourism": null, "rooms": null, "building": null, "amenity": "restaurant", "name": "laba-laba Warung", "beds": null}},{"type": "Feature", "geometry": {"type":"Point","coordinates":[115.2628084,-8.5176756]}, "properties": {"osm_id": 4947201823, "osm_type": "nodes", "opening_hours": null, "shop": null, "tourism": "hostel", "rooms": null, "building": null, "amenity": null, "name": "Sahana Muwa Hostel", "beds": null}},{"type": "Feature", "geometry": {"type":"Point","coordinates":[115.2638372,-8.5111021]}, "properties": {"osm_id": 4953657121, "osm_type": "nodes", "opening_hours": null, "shop": null, "tourism": null, "rooms": null, "building": null, "amenity": "cafe", "name": "Ninja Ice", "beds": null}},{"type": "Feature", "geometry": {"type":"Point","coordinates":[115.2632478,-8.5215251]}, "properties": {"osm_id": 5028330521, "osm_type": "nodes", "opening_hours": "Mo-Su 09:00-17:30", "shop": null, "tourism": null, "rooms": null, "building": null, "amenity": "cafe", "name": "7Cups", "beds": null}},{"type": "Feature", "geometry": {"type":"Point","coordinates":[115.2660728,-8.5165333]}, "properties": {"osm_id": 5181438841, "osm_type": "nodes", "opening_hours": null, "shop": null, "tourism": null, "rooms": null, "building": null, "amenity": "restaurant", "name": "Hongalia", "beds": null}},{"type": "Feature", "geometry": {"type":"Point","coordinates":[115.2641024,-8.5133139]}, "properties": {"osm_id": 5417560722, "osm_type": "nodes", "opening_hours": null, "shop": null, "tourism": "artwork", "rooms": null, "building": null, "amenity": null, "name": "Tegun Gallery", "beds": null}},{"type": "Feature", "geometry": {"type":"Point","coordinates":[115.2634509,-8.5219756]}, "properties": {"osm_id": 5604568021, "osm_type": "nodes", "opening_hours": null, "shop": null, "tourism": "hostel", "rooms": null, "building": null, "amenity": null, "name": "Gogo Backpackers House", "beds": null}},{"type": "Feature", "geometry": {"type":"Point","coordinates":[115.2638895,-8.5146465]}, "properties": {"osm_id": 5619687422, "osm_type": "nodes", "opening_hours": null, "shop": null, "tourism": null, "rooms": null, "building": null, "amenity": "cafe", "name": "Happy Falafel", "beds": null}},{"type": "Feature", "geometry": {"type":"Point","coordinates":[115.2638154,-8.5150842]}, "properties": {"osm_id": 5624849222, "osm_type": "nodes", "opening_hours": null, "shop": "jewelry", "tourism": null, "rooms": null, "building": null, "amenity": null, "name": "Studio Perak", "beds": null}},{"type": "Feature", "geometry": {"type":"Point","coordinates":[115.2629392,-8.5347028]}, "properties": {"osm_id": 5634953430, "osm_type": "nodes", "opening_hours": null, "shop": null, "tourism": null, "rooms": null, "building": null, "amenity": null, "name": "Village RD2", "beds": null}},{"type": "Feature", "geometry": {"type":"Point","coordinates":[115.2646878,-8.5133973]}, "properties": {"osm_id": 5740990623, "osm_type": "nodes", "opening_hours": "Mo-Su 09:00-18:00", "shop": "cosmetics", "tourism": null, "rooms": null, "building": null, "amenity": null, "name": "Sala", "beds": null}},{"type": "Feature", "geometry": {"type":"Point","coordinates":[115.2653678,-8.5162898]}, "properties": {"osm_id": 5923245486, "osm_type": "nodes", "opening_hours": null, "shop": null, "tourism": null, "rooms": null, "building": null, "amenity": "cafe", "name": "Full Circle Cafe & Coffee Roster", "beds": null}},{"type": "Feature", "geometry": {"type":"Point","coordinates":[115.2626917,-8.5157585]}, "properties": {"osm_id": 5959798685, "osm_type": "nodes", "opening_hours": null, "shop": null, "tourism": "guest_house", "rooms": null, "building": null, "amenity": null, "name": "Ubud Ku", "beds": null}},{"type": "Feature", "geometry": {"type":"Point","coordinates":[115.2619933,-8.5163073]}, "properties": {"osm_id": 5973662286, "osm_type": "nodes", "opening_hours": null, "shop": null, "tourism": "hotel", "rooms": null, "building": null, "amenity": null, "name": "Savira Bungalow", "beds": null}},{"type": "Feature", "geometry": {"type":"Point","coordinates":[115.2628265,-8.5205086]}, "properties": {"osm_id": 6080890385, "osm_type": "nodes", "opening_hours": null, "shop": null, "tourism": null, "rooms": null, "building": null, "amenity": "restaurant", "name": "Navy Seals", "beds": null}},{"type": "Feature", "geometry": {"type":"Point","coordinates":[115.2628076,-8.5206832]}, "properties": {"osm_id": 6265138185, "osm_type": "nodes", "opening_hours": null, "shop": null, "tourism": null, "rooms": null, "building": null, "amenity": "restaurant", "name": "Kedaton", "beds": null}},{"type": "Feature", "geometry": {"type":"Point","coordinates":[115.2632503,-8.51786]}, "properties": {"osm_id": 6277706485, "osm_type": "nodes", "opening_hours": null, "shop": null, "tourism": null, "rooms": null, "building": null, "amenity": "restaurant", "name": "Veggie Karma", "beds": null}},{"type": "Feature", "geometry": {"type":"Point","coordinates":[115.2645567,-8.5117885]}, "properties": {"osm_id": 6297253986, "osm_type": "nodes", "opening_hours": null, "shop": null, "tourism": null, "rooms": null, "building": null, "amenity": "cafe", "name": "PuSpa warung", "beds": null}},{"type": "Feature", "geometry": {"type":"Point","coordinates":[115.263361,-8.5179525]}, "properties": {"osm_id": 6307575189, "osm_type": "nodes", "opening_hours": null, "shop": null, "tourism": null, "rooms": null, "building": null, "amenity": "cafe", "name": "Veggie Karma", "beds": null}},{"type": "Feature", "geometry": {"type":"Point","coordinates":[115.2654998,-8.5115332]}, "properties": {"osm_id": 6340745085, "osm_type": "nodes", "opening_hours": null, "shop": "clothes", "tourism": null, "rooms": null, "building": null, "amenity": null, "name": "Shamanika", "beds": null}},{"type": "Feature", "geometry": {"type":"Point","coordinates":[115.263149,-8.5219683]}, "properties": {"osm_id": 6342478985, "osm_type": "nodes", "opening_hours": null, "shop": null, "tourism": null, "rooms": null, "building": null, "amenity": "restaurant", "name": "Warung Satay", "beds": null}},{"type": "Feature", "geometry": {"type":"Point","coordinates":[115.2634742,-8.5231301]}, "properties": {"osm_id": 6342479185, "osm_type": "nodes", "opening_hours": null, "shop": "massage", "tourism": null, "rooms": null, "building": null, "amenity": null, "name": "Ingrith spa", "beds": null}},{"type": "Feature", "geometry": {"type":"Point","coordinates":[115.2638947,-8.5241091]}, "properties": {"osm_id": 6342479485, "osm_type": "nodes", "opening_hours": "24/7", "shop": "convenience", "tourism": null, "rooms": null, "building": null, "amenity": null, "name": "Minimart", "beds": null}},{"type": "Feature", "geometry": {"type":"Point","coordinates":[115.2661458,-8.513783]}, "properties": {"osm_id": 6344060685, "osm_type": "nodes", "opening_hours": null, "shop": "massage", "tourism": null, "rooms": null, "building": null, "amenity": null, "name": "Jambawan Spa", "beds": null}},{"type": "Feature", "geometry": {"type":"Point","coordinates":[115.2627771,-8.5182579]}, "properties": {"osm_id": 6374902886, "osm_type": "nodes", "opening_hours": null, "shop": "cosmetics", "tourism": null, "rooms": null, "building": null, "amenity": null, "name": "wax beauty spa", "beds": null}},{"type": "Feature", "geometry": {"type":"Point","coordinates":[115.2602715,-8.527302]}, "properties": {"osm_id": 6397684785, "osm_type": "nodes", "opening_hours": "24/7", "shop": null, "tourism": null, "rooms": null, "building": null, "amenity": "restaurant", "name": "Komang's Warung", "beds": null}},{"type": "Feature", "geometry": {"type":"Point","coordinates":[115.2602375,-8.5138785]}, "properties": {"osm_id": 6507758986, "osm_type": "nodes", "opening_hours": null, "shop": null, "tourism": null, "rooms": null, "building": null, "amenity": "restaurant", "name": "Folk Pool & Gardens", "beds": null}},{"type": "Feature", "geometry": {"type":"Point","coordinates":[115.2646702,-8.5214469]}, "properties": {"osm_id": 6518126285, "osm_type": "nodes", "opening_hours": null, "shop": null, "tourism": "hotel", "rooms": null, "building": null, "amenity": null, "name": "Lili house Ubud", "beds": null}},{"type": "Feature", "geometry": {"type":"Point","coordinates":[115.2633906,-8.5179125]}, "properties": {"osm_id": 6578310588, "osm_type": "nodes", "opening_hours": null, "shop": null, "tourism": null, "rooms": null, "building": null, "amenity": "restaurant", "name": "veggie karma", "beds": null}},{"type": "Feature", "geometry": {"type":"Point","coordinates":[115.2599408,-8.5138065]}, "properties": {"osm_id": 6649226265, "osm_type": "nodes", "opening_hours": null, "shop": null, "tourism": null, "rooms": null, "building": null, "amenity": "restaurant", "name": "Folk Pool & Garden", "beds": null}},{"type": "Feature", "geometry": {"type":"Point","coordinates":[115.2634269,-8.5189576]}, "properties": {"osm_id": 6724715085, "osm_type": "nodes", "opening_hours": null, "shop": null, "tourism": null, "rooms": null, "building": null, "amenity": "restaurant", "name": "Teras Ubud Bar & Lounge", "beds": null}},{"type": "Feature", "geometry": {"type":"Point","coordinates":[115.2631835,-8.5182389]}, "properties": {"osm_id": 6927044785, "osm_type": "nodes", "opening_hours": null, "shop": null, "tourism": null, "rooms": null, "building": null, "amenity": "restaurant", "name": "L'Osteria", "beds": null}},{"type": "Feature", "geometry": {"type":"Point","coordinates":[115.2646284,-8.5244583]}, "properties": {"osm_id": 6942522085, "osm_type": "nodes", "opening_hours": "Mo-Su 07:00-23:00", "shop": "supermarket", "tourism": null, "rooms": null, "building": null, "amenity": null, "name": "Popular Market", "beds": null}},{"type": "Feature", "geometry": {"type":"Point","coordinates":[115.2668569,-8.5237838]}, "properties": {"osm_id": 6942538185, "osm_type": "nodes", "opening_hours": null, "shop": "florist", "tourism": null, "rooms": null, "building": null, "amenity": null, "name": "Istana", "beds": null}},{"type": "Feature", "geometry": {"type":"Point","coordinates":[115.2633115,-8.5166455]}, "properties": {"osm_id": 7095485686, "osm_type": "nodes", "opening_hours": null, "shop": null, "tourism": "information", "rooms": null, "building": null, "amenity": null, "name": "Anila Lane Tourist Information Service", "beds": null}},{"type": "Feature", "geometry": {"type":"Point","coordinates":[115.2639073,-8.528612]}, "properties": {"osm_id": 7213473585, "osm_type": "nodes", "opening_hours": null, "shop": null, "tourism": null, "rooms": null, "building": null, "amenity": "cafe", "name": "Mai Je Warung", "beds": null}},{"type": "Feature", "geometry": {"type":"Point","coordinates":[115.2607882,-8.5136108]}, "properties": {"osm_id": 7230330586, "osm_type": "nodes", "opening_hours": null, "shop": "variety_store", "tourism": null, "rooms": null, "building": null, "amenity": null, "name": "Ceramics and woodcraft", "beds": null}},{"type": "Feature", "geometry": {"type":"Point","coordinates":[115.2603479,-8.5153065]}, "properties": {"osm_id": 7232159685, "osm_type": "nodes", "opening_hours": null, "shop": "gift", "tourism": null, "rooms": null, "building": null, "amenity": null, "name": "Ester Indonesian Art", "beds": null}},{"type": "Feature", "geometry": {"type":"Point","coordinates":[115.2594208,-8.5175928]}, "properties": {"osm_id": 7232160585, "osm_type": "nodes", "opening_hours": "Mo-Su 09:00-21:00", "shop": "gift", "tourism": null, "rooms": null, "building": null, "amenity": null, "name": "Tamara Danielle Bali", "beds": null}},{"type": "Feature", "geometry": {"type":"Point","coordinates":[115.2631527,-8.521445]}, "properties": {"osm_id": 7245503285, "osm_type": "nodes", "opening_hours": null, "shop": null, "tourism": "hotel", "rooms": null, "building": null, "amenity": null, "name": "Kebun Indah", "beds": null}},{"type": "Feature", "geometry": {"type":"Point","coordinates":[115.2641594,-8.5130568]}, "properties": {"osm_id": 7281874987, "osm_type": "nodes", "opening_hours": null, "shop": "clothes", "tourism": null, "rooms": null, "building": null, "amenity": null, "name": "Ken Ken", "beds": null}},{"type": "Feature", "geometry": {"type":"Point","coordinates":[115.2635273,-8.5240982]}, "properties": {"osm_id": 8148286919, "osm_type": "nodes", "opening_hours": null, "shop": "pet", "tourism": null, "rooms": null, "building": null, "amenity": null, "name": "Happy Pets", "beds": null}},{"type": "Feature", "geometry": {"type":"Point","coordinates":[115.2642301,-8.5127013]}, "properties": {"osm_id": 8709730117, "osm_type": "nodes", "opening_hours": null, "shop": null, "tourism": null, "rooms": null, "building": null, "amenity": "cafe", "name": "Sunny coffee", "beds": null}},{"type": "Feature", "geometry": {"type":"Point","coordinates":[115.2629364,-8.5182604]}, "properties": {"osm_id": 9965329917, "osm_type": "nodes", "opening_hours": null, "shop": "massage", "tourism": null, "rooms": null, "building": null, "amenity": null, "name": "Jelatik Esthetic", "beds": null}},{"type": "Feature", "geometry": {"type":"Point","coordinates":[115.2599539,-8.5373623]}, "properties": {"osm_id": 10266548609, "osm_type": "nodes", "opening_hours": null, "shop": null, "tourism": "hotel", "rooms": null, "building": null, "amenity": null, "name": "Odesa Villa Ubud", "beds": null}},{"type": "Feature", "geometry": {"type":"Point","coordinates":[115.2645595,-8.5184492]}, "properties": {"osm_id": 10874992605, "osm_type": "nodes", "opening_hours": null, "shop": null, "tourism": null, "rooms": null, "building": null, "amenity": "restaurant", "name": "cerita manisan", "beds": null}},{"type": "Feature", "geometry": {"type":"Point","coordinates":[115.2653384,-8.5243467]}, "properties": {"osm_id": 11478087569, "osm_type": "nodes", "opening_hours": null, "shop": null, "tourism": null, "rooms": null, "building": null, "amenity": "restaurant", "name": "Mamu", "beds": null}},{"type": "Feature", "geometry": {"type":"Point","coordinates":[115.2599291,-8.5166109]}, "properties": {"osm_id": 11847191069, "osm_type": "nodes", "opening_hours": null, "shop": null, "tourism": null, "rooms": null, "building": null, "amenity": "restaurant", "name": "Tulasi Vegetarian", "beds": null}},{"type": "Feature", "geometry": {"type":"Point","coordinates":[115.2629981,-8.519817]}, "properties": {"osm_id": 6715453525, "osm_type": "nodes", "opening_hours": null, "shop": "convenience", "tourism": null, "rooms": null, "building": null, "amenity": null, "name": "Circle K", "beds": null}},{"type": "Feature", "geometry": {"type":"Point","coordinates":[115.2495891,-8.5009703]}, "properties": {"osm_id": 11943575961, "osm_type": "nodes", "opening_hours": null, "shop": null, "tourism": "artwork", "rooms": null, "building": null, "amenity": null, "name": "Sculpted wall", "beds": null}},{"type": "Feature", "geometry": {"type":"Point","coordinates":[115.2502092,-8.5059997]}, "properties": {"osm_id": 4395606290, "osm_type": "nodes", "opening_hours": null, "shop": null, "tourism": "hotel", "rooms": null, "building": null, "amenity": null, "name": "Gekkos Ubud", "beds": null}},{"type": "Feature", "geometry": {"type":"Point","coordinates":[115.2573775,-8.5052198]}, "properties": {"osm_id": 4529705189, "osm_type": "nodes", "opening_hours": "24/7", "shop": "travel_agency", "tourism": null, "rooms": null, "building": null, "amenity": null, "name": "Putra Ubud Tourist Information Centre.", "beds": null}},{"type": "Feature", "geometry": {"type":"Point","coordinates":[115.2626015,-8.5096728]}, "properties": {"osm_id": 4553864390, "osm_type": "nodes", "opening_hours": null, "shop": "beauty", "tourism": null, "rooms": null, "building": null, "amenity": null, "name": "Blue Stone Botanicals", "beds": null}},{"type": "Feature", "geometry": {"type":"Point","coordinates":[115.2504702,-8.5080239]}, "properties": {"osm_id": 4586489992, "osm_type": "nodes", "opening_hours": null, "shop": null, "tourism": "guest_house", "rooms": null, "building": null, "amenity": null, "name": "Kartika guesthouse", "beds": null}},{"type": "Feature", "geometry": {"type":"Point","coordinates":[115.2630217,-8.5050683]}, "properties": {"osm_id": 4621852589, "osm_type": "nodes", "opening_hours": null, "shop": null, "tourism": null, "rooms": null, "building": null, "amenity": "restaurant", "name": "Warung Makan Bu Rus", "beds": null}},{"type": "Feature", "geometry": {"type":"Point","coordinates":[115.265946,-8.5092477]}, "properties": {"osm_id": 4727738198, "osm_type": "nodes", "opening_hours": null, "shop": null, "tourism": "hostel", "rooms": null, "building": null, "amenity": null, "name": "Griya Sugriwa Backpackers House", "beds": null}},{"type": "Feature", "geometry": {"type":"Point","coordinates":[115.2640792,-8.5075448]}, "properties": {"osm_id": 4744884221, "osm_type": "nodes", "opening_hours": null, "shop": null, "tourism": null, "rooms": null, "building": null, "amenity": "cafe", "name": "Tukies (Coconut Shop)", "beds": null}},{"type": "Feature", "geometry": {"type":"Point","coordinates":[115.2529363,-8.5062322]}, "properties": {"osm_id": 4752905847, "osm_type": "nodes", "opening_hours": null, "shop": null, "tourism": null, "rooms": null, "building": null, "amenity": "restaurant", "name": "Element Restaurant", "beds": null}},{"type": "Feature", "geometry": {"type":"Point","coordinates":[115.2667475,-8.5098894]}, "properties": {"osm_id": 4757530336, "osm_type": "nodes", "opening_hours": null, "shop": null, "tourism": null, "rooms": null, "building": null, "amenity": "restaurant", "name": "Binar Warung", "beds": null}},{"type": "Feature", "geometry": {"type":"Point","coordinates":[115.253377,-8.4968999]}, "properties": {"osm_id": 4791566825, "osm_type": "nodes", "opening_hours": "Mo-Su 08:00-23:00", "shop": null, "tourism": null, "rooms": null, "building": null, "amenity": "bar", "name": "Indus restaurant Sunset cocktails", "beds": null}},{"type": "Feature", "geometry": {"type":"Point","coordinates":[115.2608512,-8.507317]}, "properties": {"osm_id": 4800413129, "osm_type": "nodes", "opening_hours": null, "shop": null, "tourism": "guest_house", "rooms": null, "building": null, "amenity": null, "name": "Aurora House", "beds": null}},{"type": "Feature", "geometry": {"type":"Point","coordinates":[115.2611918,-8.5077209]}, "properties": {"osm_id": 4810904944, "osm_type": "nodes", "opening_hours": null, "shop": null, "tourism": "guest_house", "rooms": null, "building": null, "amenity": null, "name": "Kabera Bungalow 3", "beds": null}},{"type": "Feature", "geometry": {"type":"Point","coordinates":[115.2633418,-8.5072977]}, "properties": {"osm_id": 4846658823, "osm_type": "nodes", "opening_hours": null, "shop": "bakery", "tourism": null, "rooms": null, "building": null, "amenity": null, "name": "Tukkie's Coconut Shop", "beds": null}},{"type": "Feature", "geometry": {"type":"Point","coordinates":[115.261995,-8.5081822]}, "properties": {"osm_id": 4959907228, "osm_type": "nodes", "opening_hours": null, "shop": "gift", "tourism": null, "rooms": null, "building": null, "amenity": null, "name": "Pandawa", "beds": null}},{"type": "Feature", "geometry": {"type":"Point","coordinates":[115.2641789,-8.5103785]}, "properties": {"osm_id": 5021185021, "osm_type": "nodes", "opening_hours": null, "shop": null, "tourism": null, "rooms": null, "building": null, "amenity": "restaurant", "name": "LocaVore to go", "beds": null}},{"type": "Feature", "geometry": {"type":"Point","coordinates":[115.2659865,-8.5034067]}, "properties": {"osm_id": 5023117321, "osm_type": "nodes", "opening_hours": null, "shop": null, "tourism": "hotel", "rooms": null, "building": null, "amenity": null, "name": "The Village Guesthouse", "beds": null}},{"type": "Feature", "geometry": {"type":"Point","coordinates":[115.2642052,-8.5092379]}, "properties": {"osm_id": 5047239124, "osm_type": "nodes", "opening_hours": null, "shop": null, "tourism": null, "rooms": null, "building": null, "amenity": "restaurant", "name": "Ne Warung", "beds": null}},{"type": "Feature", "geometry": {"type":"Point","coordinates":[115.2613019,-8.5077877]}, "properties": {"osm_id": 5063525523, "osm_type": "nodes", "opening_hours": null, "shop": null, "tourism": "guest_house", "rooms": null, "building": null, "amenity": null, "name": "suarsena bungalow", "beds": null}},{"type": "Feature", "geometry": {"type":"Point","coordinates":[115.2725525,-8.5016536]}, "properties": {"osm_id": 5106669321, "osm_type": "nodes", "opening_hours": null, "shop": null, "tourism": null, "rooms": null, "building": null, "amenity": "restaurant", "name": "Warung Surabaya", "beds": null}},{"type": "Feature", "geometry": {"type":"Point","coordinates":[115.2624804,-8.5092097]}, "properties": {"osm_id": 5251727228, "osm_type": "nodes", "opening_hours": "Mo-Su 10:00-21:00", "shop": null, "tourism": null, "rooms": null, "building": null, "amenity": "restaurant", "name": "Falafel Warung", "beds": null}},{"type": "Feature", "geometry": {"type":"Point","coordinates":[115.2641344,-8.5075688]}, "properties": {"osm_id": 5251844221, "osm_type": "nodes", "opening_hours": null, "shop": "travel_agency", "tourism": null, "rooms": null, "building": null, "amenity": null, "name": "Sinta Tour Ubud", "beds": null}},{"type": "Feature", "geometry": {"type":"Point","coordinates":[115.2516383,-8.5098588]}, "properties": {"osm_id": 5404731338, "osm_type": "nodes", "opening_hours": null, "shop": null, "tourism": null, "rooms": null, "building": null, "amenity": "restaurant", "name": "Mesari Warung", "beds": null}},{"type": "Feature", "geometry": {"type":"Point","coordinates":[115.269589,-8.5007601]}, "properties": {"osm_id": 5467245923, "osm_type": "nodes", "opening_hours": null, "shop": null, "tourism": "hostel", "rooms": null, "building": null, "amenity": null, "name": "Uma Kutuh Bungalow", "beds": null}},{"type": "Feature", "geometry": {"type":"Point","coordinates":[115.2664794,-8.5043458]}, "properties": {"osm_id": 5517488322, "osm_type": "nodes", "opening_hours": null, "shop": null, "tourism": "hotel", "rooms": null, "building": null, "amenity": null, "name": "Muka house", "beds": null}},{"type": "Feature", "geometry": {"type":"Point","coordinates":[115.261379,-8.5064988]}, "properties": {"osm_id": 5556426121, "osm_type": "nodes", "opening_hours": null, "shop": null, "tourism": null, "rooms": null, "building": null, "amenity": "restaurant", "name": "Uno", "beds": null}},{"type": "Feature", "geometry": {"type":"Point","coordinates":[115.2629718,-8.5097902]}, "properties": {"osm_id": 5572329522, "osm_type": "nodes", "opening_hours": null, "shop": "jewelry", "tourism": null, "rooms": null, "building": null, "amenity": null, "name": "Studio Perak", "beds": null}},{"type": "Feature", "geometry": {"type":"Point","coordinates":[115.2666147,-8.5086238]}, "properties": {"osm_id": 5580140321, "osm_type": "nodes", "opening_hours": null, "shop": "beauty", "tourism": null, "rooms": null, "building": null, "amenity": null, "name": "Bamboo Bali Spa", "beds": null}},{"type": "Feature", "geometry": {"type":"Point","coordinates":[115.2667347,-8.5101397]}, "properties": {"osm_id": 5665921021, "osm_type": "nodes", "opening_hours": null, "shop": "books", "tourism": null, "rooms": null, "building": null, "amenity": null, "name": "Rendez-vous doux", "beds": null}},{"type": "Feature", "geometry": {"type":"Point","coordinates":[115.2652202,-8.5066263]}, "properties": {"osm_id": 5712523021, "osm_type": "nodes", "opening_hours": "Mo-Su 11:00-23:00", "shop": null, "tourism": null, "rooms": null, "building": null, "amenity": "restaurant", "name": "Pizza Burger Liquor", "beds": null}},{"type": "Feature", "geometry": {"type":"Point","coordinates":[115.2511783,-8.5075959]}, "properties": {"osm_id": 5713819826, "osm_type": "nodes", "opening_hours": null, "shop": null, "tourism": "hostel", "rooms": null, "building": null, "amenity": null, "name": "Dormy Inn (actual location, no sign on the door - Good Luck!)", "beds": null}},{"type": "Feature", "geometry": {"type":"Point","coordinates":[115.2642627,-8.5017207]}, "properties": {"osm_id": 5731872022, "osm_type": "nodes", "opening_hours": null, "shop": null, "tourism": "hotel", "rooms": null, "building": null, "amenity": null, "name": "Wina Ubud B&B", "beds": null}},{"type": "Feature", "geometry": {"type":"Point","coordinates":[115.2503765,-8.5031259]}, "properties": {"osm_id": 5925538485, "osm_type": "nodes", "opening_hours": null, "shop": null, "tourism": "guest_house", "rooms": null, "building": null, "amenity": null, "name": "Flora", "beds": null}},{"type": "Feature", "geometry": {"type":"Point","coordinates":[115.2669231,-8.5087811]}, "properties": {"osm_id": 5936786485, "osm_type": "nodes", "opening_hours": null, "shop": null, "tourism": null, "rooms": null, "building": null, "amenity": "cafe", "name": "Puteri Minang Padang Food", "beds": null}},{"type": "Feature", "geometry": {"type":"Point","coordinates":[115.2643518,-8.5084967]}, "properties": {"osm_id": 5977677185, "osm_type": "nodes", "opening_hours": null, "shop": null, "tourism": "hostel", "rooms": null, "building": null, "amenity": null, "name": "shana homestay", "beds": null}},{"type": "Feature", "geometry": {"type":"Point","coordinates":[115.2661539,-8.5014424]}, "properties": {"osm_id": 6344874485, "osm_type": "nodes", "opening_hours": null, "shop": "jewelry", "tourism": null, "rooms": null, "building": null, "amenity": null, "name": "Chez Monique Jewelry Making", "beds": null}},{"type": "Feature", "geometry": {"type":"Point","coordinates":[115.2731927,-8.497372]}, "properties": {"osm_id": 6354304093, "osm_type": "nodes", "opening_hours": null, "shop": "clothes", "tourism": null, "rooms": null, "building": null, "amenity": null, "name": "Cloth by Medina", "beds": null}},{"type": "Feature", "geometry": {"type":"Point","coordinates":[115.264362,-8.5086584]}, "properties": {"osm_id": 6354304094, "osm_type": "nodes", "opening_hours": "Mo-Su 10:00-22:00", "shop": "clothes", "tourism": null, "rooms": null, "building": null, "amenity": null, "name": "La Boheme Bali", "beds": null}},{"type": "Feature", "geometry": {"type":"Point","coordinates":[115.261683,-8.5090572]}, "properties": {"osm_id": 6400787985, "osm_type": "nodes", "opening_hours": null, "shop": "confectionery", "tourism": null, "rooms": null, "building": null, "amenity": null, "name": "Kou Cuisine", "beds": null}},{"type": "Feature", "geometry": {"type":"Point","coordinates":[115.2630386,-8.504864]}, "properties": {"osm_id": 6403439485, "osm_type": "nodes", "opening_hours": null, "shop": null, "tourism": null, "rooms": null, "building": null, "amenity": "cafe", "name": "Kaya Coffee", "beds": null}},{"type": "Feature", "geometry": {"type":"Point","coordinates":[115.2665908,-8.5086977]}, "properties": {"osm_id": 6476867685, "osm_type": "nodes", "opening_hours": "Mo-Su 06:00-21:00", "shop": null, "tourism": "information", "rooms": null, "building": null, "amenity": null, "name": "Arya Tourist Service", "beds": null}},{"type": "Feature", "geometry": {"type":"Point","coordinates":[115.2621112,-8.5100201]}, "properties": {"osm_id": 6544751485, "osm_type": "nodes", "opening_hours": null, "shop": null, "tourism": null, "rooms": null, "building": null, "amenity": "restaurant", "name": "Wayhu Restaurant", "beds": null}},{"type": "Feature", "geometry": {"type":"Point","coordinates":[115.2641111,-8.509258]}, "properties": {"osm_id": 6557915985, "osm_type": "nodes", "opening_hours": null, "shop": null, "tourism": null, "rooms": null, "building": null, "amenity": "restaurant", "name": "Ayam Yummy", "beds": null}},{"type": "Feature", "geometry": {"type":"Point","coordinates":[115.2819523,-8.509991]}, "properties": {"osm_id": 6564740886, "osm_type": "nodes", "opening_hours": null, "shop": null, "tourism": "hotel", "rooms": null, "building": null, "amenity": null, "name": "Green Sala Villa", "beds": null}},{"type": "Feature", "geometry": {"type":"Point","coordinates":[115.2586783,-8.5093461]}, "properties": {"osm_id": 6565990885, "osm_type": "nodes", "opening_hours": "Mo-Su 08:30-23:00", "shop": null, "tourism": null, "rooms": null, "building": null, "amenity": "restaurant", "name": "Alam Pizza", "beds": null}},{"type": "Feature", "geometry": {"type":"Point","coordinates":[115.2619649,-8.5075976]}, "properties": {"osm_id": 6581308886, "osm_type": "nodes", "opening_hours": null, "shop": "massage", "tourism": null, "rooms": null, "building": null, "amenity": null, "name": "Moksha Home Spa", "beds": null}},{"type": "Feature", "geometry": {"type":"Point","coordinates":[115.2682486,-8.508767]}, "properties": {"osm_id": 6601820085, "osm_type": "nodes", "opening_hours": "Mo-Su 07:30-21:00", "shop": null, "tourism": null, "rooms": null, "building": null, "amenity": "cafe", "name": "Namaskara", "beds": null}},{"type": "Feature", "geometry": {"type":"Point","coordinates":[115.2603439,-8.5060699]}, "properties": {"osm_id": 6704287486, "osm_type": "nodes", "opening_hours": null, "shop": null, "tourism": null, "rooms": null, "building": null, "amenity": "restaurant", "name": "MyWarung", "beds": null}},{"type": "Feature", "geometry": {"type":"Point","coordinates":[115.2531902,-8.4979319]}, "properties": {"osm_id": 6735636585, "osm_type": "nodes", "opening_hours": null, "shop": null, "tourism": null, "rooms": null, "building": null, "amenity": "restaurant", "name": "Indus", "beds": null}},{"type": "Feature", "geometry": {"type":"Point","coordinates":[115.2625496,-8.5081607]}, "properties": {"osm_id": 6774684287, "osm_type": "nodes", "opening_hours": null, "shop": null, "tourism": null, "rooms": null, "building": null, "amenity": "restaurant", "name": "Blue Café", "beds": null}},{"type": "Feature", "geometry": {"type":"Point","coordinates":[115.2762966,-8.5077582]}, "properties": {"osm_id": 6839225486, "osm_type": "nodes", "opening_hours": null, "shop": null, "tourism": null, "rooms": null, "building": null, "amenity": "restaurant", "name": "Pemulan Coffeehouse & Resto", "beds": null}},{"type": "Feature", "geometry": {"type":"Point","coordinates":[115.2694583,-8.5098663]}, "properties": {"osm_id": 6937151286, "osm_type": "nodes", "opening_hours": null, "shop": null, "tourism": null, "rooms": null, "building": null, "amenity": "cafe", "name": "CandiWarung", "beds": null}},{"type": "Feature", "geometry": {"type":"Point","coordinates":[115.2529131,-8.5036031]}, "properties": {"osm_id": 6967838085, "osm_type": "nodes", "opening_hours": null, "shop": "copyshop", "tourism": null, "rooms": null, "building": null, "amenity": null, "name": "Dikha printing", "beds": null}},{"type": "Feature", "geometry": {"type":"Point","coordinates":[115.268793,-8.5103661]}, "properties": {"osm_id": 6968894586, "osm_type": "nodes", "opening_hours": null, "shop": null, "tourism": null, "rooms": null, "building": null, "amenity": "restaurant", "name": "Black Warung", "beds": null}},{"type": "Feature", "geometry": {"type":"Point","coordinates":[115.256973,-8.5025084]}, "properties": {"osm_id": 6991510464, "osm_type": "nodes", "opening_hours": null, "shop": null, "tourism": null, "rooms": null, "building": null, "amenity": "fast_food", "name": "Belli's pizza", "beds": null}},{"type": "Feature", "geometry": {"type":"Point","coordinates":[115.2652027,-8.4985099]}, "properties": {"osm_id": 7018656193, "osm_type": "nodes", "opening_hours": null, "shop": "laundry", "tourism": null, "rooms": null, "building": null, "amenity": null, "name": "Ata", "beds": null}},{"type": "Feature", "geometry": {"type":"Point","coordinates":[115.2653406,-8.4968098]}, "properties": {"osm_id": 7018661885, "osm_type": "nodes", "opening_hours": null, "shop": null, "tourism": null, "rooms": null, "building": null, "amenity": "restaurant", "name": "Warung Bakso Jember", "beds": null}},{"type": "Feature", "geometry": {"type":"Point","coordinates":[115.2517788,-8.505743]}, "properties": {"osm_id": 7085016286, "osm_type": "nodes", "opening_hours": null, "shop": null, "tourism": "guest_house", "rooms": null, "building": null, "amenity": null, "name": "villa dewisri", "beds": null}},{"type": "Feature", "geometry": {"type":"Point","coordinates":[115.2522649,-8.5067364]}, "properties": {"osm_id": 7085052885, "osm_type": "nodes", "opening_hours": null, "shop": null, "tourism": "hotel", "rooms": null, "building": null, "amenity": null, "name": "Villa Dewi Sri", "beds": null}},{"type": "Feature", "geometry": {"type":"Point","coordinates":[115.2680113,-8.5090276]}, "properties": {"osm_id": 7087285385, "osm_type": "nodes", "opening_hours": null, "shop": "copyshop", "tourism": null, "rooms": null, "building": null, "amenity": null, "name": "Photo copy, laminating", "beds": null}},{"type": "Feature", "geometry": {"type":"Point","coordinates":[115.2660994,-8.5089665]}, "properties": {"osm_id": 7111482089, "osm_type": "nodes", "opening_hours": "Mo-Su 08:30-22:00", "shop": null, "tourism": null, "rooms": null, "building": null, "amenity": "restaurant", "name": "Wulang Vegetarian Warung", "beds": null}},{"type": "Feature", "geometry": {"type":"Point","coordinates":[115.265484,-8.5060081]}, "properties": {"osm_id": 7155481985, "osm_type": "nodes", "opening_hours": null, "shop": null, "tourism": null, "rooms": null, "building": null, "amenity": "restaurant", "name": "Warung Taman", "beds": null}},{"type": "Feature", "geometry": {"type":"Point","coordinates":[115.2653102,-8.5080492]}, "properties": {"osm_id": 7217990385, "osm_type": "nodes", "opening_hours": null, "shop": "clothes", "tourism": null, "rooms": null, "building": null, "amenity": null, "name": "Lost in Paradise", "beds": null}},{"type": "Feature", "geometry": {"type":"Point","coordinates":[115.2655993,-8.5081927]}, "properties": {"osm_id": 7234689285, "osm_type": "nodes", "opening_hours": null, "shop": "variety_store", "tourism": null, "rooms": null, "building": null, "amenity": null, "name": "Bali Teaky", "beds": null}},{"type": "Feature", "geometry": {"type":"Point","coordinates":[115.2535564,-8.4963093]}, "properties": {"osm_id": 7256994886, "osm_type": "nodes", "opening_hours": null, "shop": null, "tourism": "hotel", "rooms": null, "building": null, "amenity": null, "name": "Pita Maha", "beds": null}},{"type": "Feature", "geometry": {"type":"Point","coordinates":[115.2641025,-8.5103539]}, "properties": {"osm_id": 7281874988, "osm_type": "nodes", "opening_hours": null, "shop": "stationery", "tourism": null, "rooms": null, "building": null, "amenity": null, "name": "Kado", "beds": null}},{"type": "Feature", "geometry": {"type":"Point","coordinates":[115.2665725,-8.5086954]}, "properties": {"osm_id": 7673780585, "osm_type": "nodes", "opening_hours": null, "shop": null, "tourism": null, "rooms": null, "building": null, "amenity": "restaurant", "name": "Warung Bornéo", "beds": null}},{"type": "Feature", "geometry": {"type":"Point","coordinates":[115.2515326,-8.5062391]}, "properties": {"osm_id": 8465278417, "osm_type": "nodes", "opening_hours": null, "shop": null, "tourism": null, "rooms": null, "building": null, "amenity": "cafe", "name": "Green Rabit", "beds": null}},{"type": "Feature", "geometry": {"type":"Point","coordinates":[115.2661543,-8.5027765]}, "properties": {"osm_id": 8804291417, "osm_type": "nodes", "opening_hours": null, "shop": "gift", "tourism": null, "rooms": null, "building": null, "amenity": null, "name": "N Gallery", "beds": null}},{"type": "Feature", "geometry": {"type":"Point","coordinates":[115.2631515,-8.5087158]}, "properties": {"osm_id": 9889390917, "osm_type": "nodes", "opening_hours": null, "shop": null, "tourism": "hotel", "rooms": null, "building": null, "amenity": null, "name": "Sarong guest house", "beds": null}},{"type": "Feature", "geometry": {"type":"Point","coordinates":[115.2650811,-8.5078087]}, "properties": {"osm_id": 10227738217, "osm_type": "nodes", "opening_hours": null, "shop": null, "tourism": null, "rooms": null, "building": null, "amenity": "restaurant", "name": "Gusti Cafe (Indonesian breakfast, lunch, dinner, inexpensive)", "beds": null}},{"type": "Feature", "geometry": {"type":"Point","coordinates":[115.2591062,-8.5019024]}, "properties": {"osm_id": 10852972205, "osm_type": "nodes", "opening_hours": null, "shop": null, "tourism": "guest_house", "rooms": null, "building": null, "amenity": null, "name": "Firefly Villa", "beds": null}},{"type": "Feature", "geometry": {"type":"Point","coordinates":[115.265034,-8.5091317]}, "properties": {"osm_id": 10867097106, "osm_type": "nodes", "opening_hours": null, "shop": null, "tourism": null, "rooms": null, "building": null, "amenity": "restaurant", "name": "Kayunan Warung", "beds": null}},{"type": "Feature", "geometry": {"type":"Point","coordinates":[115.2676423,-8.5087045]}, "properties": {"osm_id": 11707991269, "osm_type": "nodes", "opening_hours": null, "shop": "electronics", "tourism": null, "rooms": null, "building": null, "amenity": null, "name": "Zoom Digital", "beds": null}},{"type": "Feature", "geometry": {"type":"Point","coordinates":[115.2512778,-8.5003911]}, "properties": {"osm_id": 13676920502, "osm_type": "nodes", "opening_hours": null, "shop": "art", "tourism": null, "rooms": null, "building": null, "amenity": null, "name": "OyarD", "beds": null}},{"type": "Feature", "geometry": {"type":"Point","coordinates":[115.2516778,-8.5018657]}, "properties": {"osm_id": 13676920604, "osm_type": "nodes", "opening_hours": null, "shop": null, "tourism": "guest_house", "rooms": null, "building": null, "amenity": null, "name": "Villa Indo - French", "beds": null}},{"type": "Feature", "geometry": {"type":"Point","coordinates":[115.2519158,-8.5014654]}, "properties": {"osm_id": 13676921101, "osm_type": "nodes", "opening_hours": null, "shop": null, "tourism": "guest_house", "rooms": null, "building": null, "amenity": null, "name": "Palms house", "beds": null}},{"type": "Feature", "geometry": {"type":"Point","coordinates":[115.2770213,-8.5098256]}, "properties": {"osm_id": 13697665180, "osm_type": "nodes", "opening_hours": null, "shop": null, "tourism": null, "rooms": null, "building": null, "amenity": "cafe", "name": "Kancil Art Home", "beds": null}},{"type": "Feature", "geometry": {"type":"Point","coordinates":[115.2716075,-8.5061023]}, "properties": {"osm_id": 6160377886, "osm_type": "nodes", "opening_hours": null, "shop": "convenience", "tourism": null, "rooms": null, "building": null, "amenity": null, "name": "Indomaret", "beds": null}},{"type": "Feature", "geometry": {"type":"Point","coordinates":[115.2927711,-8.5038408]}, "properties": {"osm_id": 6712210058, "osm_type": "nodes", "opening_hours": null, "shop": "convenience", "tourism": null, "rooms": null, "building": null, "amenity": null, "name": "Indomaret", "beds": null}},{"type": "Feature", "geometry": {"type":"Point","coordinates":[115.2586621,-8.5054106]}, "properties": {"osm_id": 10794105012, "osm_type": "nodes", "opening_hours": null, "shop": "convenience", "tourism": null, "rooms": null, "building": null, "amenity": null, "name": "Circle K", "beds": null}},{"type": "Feature", "geometry": {"type":"Point","coordinates":[115.2585149,-8.5097512]}, "properties": {"osm_id": 11934819332, "osm_type": "nodes", "opening_hours": null, "shop": "convenience", "tourism": null, "rooms": null, "building": null, "amenity": null, "name": "Circle K", "beds": null}},{"type": "Feature", "geometry": {"type":"Polygon","coordinates":[[[115.2785934,-8.4738986],[115.2785982,-8.4739178],[115.2786092,-8.4739344],[115.2786251,-8.4739465],[115.2786442,-8.4739526],[115.2786642,-8.473952],[115.278683,-8.4739449],[115.2786976,-8.4739328],[115.2787076,-8.4739167],[115.2787119,-8.4738983],[115.2787101,-8.4738796],[115.2787023,-8.4738623],[115.2786895,-8.4738484],[115.2786728,-8.4738392],[115.278654,-8.4738358],[115.2786351,-8.4738384],[115.278618,-8.4738467],[115.278604,-8.4738609],[115.2785954,-8.4738788],[115.2785934,-8.4738986]]]}, "properties": {"osm_id": 479204769, "osm_type": "ways_poly", "opening_hours": "Mo-Su 07:00-22:00", "shop": null, "tourism": null, "rooms": null, "building": "yes", "amenity": "restaurant", "name": "Aruna Restaurant", "beds": null}},{"type": "Feature", "geometry": {"type":"Polygon","coordinates":[[[115.2708587,-8.4700589],[115.2711014,-8.4701398],[115.2711403,-8.4699714],[115.2709097,-8.4699117],[115.2708587,-8.4700589]]]}, "properties": {"osm_id": 1095862556, "osm_type": "ways_poly", "opening_hours": null, "shop": null, "tourism": "guest_house", "rooms": null, "building": null, "amenity": null, "name": null, "beds": null}},{"type": "Feature", "geometry": {"type":"Polygon","coordinates":[[[115.2704881,-8.4734859],[115.2706082,-8.4735269],[115.2705848,-8.4735938],[115.2706655,-8.4736213],[115.270718,-8.4734708],[115.2705173,-8.4734023],[115.2704881,-8.4734859]]]}, "properties": {"osm_id": 545153349, "osm_type": "ways_poly", "opening_hours": null, "shop": "hardware", "tourism": null, "rooms": null, "building": "yes", "amenity": null, "name": null, "beds": null}},{"type": "Feature", "geometry": {"type":"Polygon","coordinates":[[[115.2698206,-8.4758412],[115.2699537,-8.4758791],[115.2700358,-8.4755969],[115.2699498,-8.4755724],[115.2699175,-8.4756835],[115.2698704,-8.4756701],[115.2698206,-8.4758412]]]}, "properties": {"osm_id": 873827801, "osm_type": "ways_poly", "opening_hours": null, "shop": null, "tourism": "guest_house", "rooms": null, "building": "yes", "amenity": null, "name": null, "beds": null}},{"type": "Feature", "geometry": {"type":"Polygon","coordinates":[[[115.2721417,-8.4705369],[115.272145,-8.4706462],[115.2722217,-8.470644],[115.2722184,-8.4705347],[115.2721417,-8.4705369]]]}, "properties": {"osm_id": 872951320, "osm_type": "ways_poly", "opening_hours": null, "shop": "general", "tourism": null, "rooms": null, "building": "yes", "amenity": null, "name": null, "beds": null}},{"type": "Feature", "geometry": {"type":"Polygon","coordinates":[[[115.2633173,-8.5244597],[115.2633226,-8.5245823],[115.263432,-8.5245777],[115.2634267,-8.5244551],[115.2633173,-8.5244597]]]}, "properties": {"osm_id": 873418137, "osm_type": "ways_poly", "opening_hours": null, "shop": "variety_store", "tourism": null, "rooms": null, "building": "yes", "amenity": null, "name": null, "beds": null}},{"type": "Feature", "geometry": {"type":"Polygon","coordinates":[[[115.2589223,-8.5089648],[115.2590767,-8.508994],[115.2591021,-8.508863],[115.2589478,-8.5088337],[115.2589223,-8.5089648]]]}, "properties": {"osm_id": 704107343, "osm_type": "ways_poly", "opening_hours": null, "shop": null, "tourism": "guest_house", "rooms": null, "building": "yes", "amenity": null, "name": "Nick's Pension", "beds": null}},{"type": "Feature", "geometry": {"type":"Polygon","coordinates":[[[115.2584531,-8.5129974],[115.2585057,-8.5130005],[115.2585103,-8.5129258],[115.2584577,-8.5129226],[115.2584531,-8.5129974]]]}, "properties": {"osm_id": 502481645, "osm_type": "ways_poly", "opening_hours": null, "shop": null, "tourism": "hotel", "rooms": null, "building": "yes", "amenity": null, "name": "Kama Bisma", "beds": null}},{"type": "Feature", "geometry": {"type":"Polygon","coordinates":[[[115.2599511,-8.5159948],[115.2600381,-8.5160254],[115.2600567,-8.5159738],[115.2599696,-8.5159433],[115.2599511,-8.5159948]]]}, "properties": {"osm_id": 512374818, "osm_type": "ways_poly", "opening_hours": null, "shop": "clothes", "tourism": null, "rooms": null, "building": "yes", "amenity": null, "name": "Kellen", "beds": null}},{"type": "Feature", "geometry": {"type":"Polygon","coordinates":[[[115.2482135,-8.5070495],[115.2482838,-8.5070515],[115.2482852,-8.507002],[115.2482149,-8.507],[115.2482135,-8.5070495]]]}, "properties": {"osm_id": 476960470, "osm_type": "ways_poly", "opening_hours": null, "shop": null, "tourism": "gallery", "rooms": null, "building": "yes", "amenity": null, "name": "JMd. Rajing, painter & collection", "beds": null}},{"type": "Feature", "geometry": {"type":"Polygon","coordinates":[[[115.2600817,-8.517461],[115.2602418,-8.5175288],[115.2602518,-8.5175056],[115.260319,-8.517534],[115.260354,-8.5174531],[115.2603652,-8.5174291],[115.2603518,-8.5174152],[115.2603485,-8.5173954],[115.2601934,-8.5173341],[115.2602145,-8.5172855],[115.2601665,-8.5172651],[115.2600817,-8.517461]]]}, "properties": {"osm_id": 512374876, "osm_type": "ways_poly", "opening_hours": null, "shop": null, "tourism": "hotel", "rooms": null, "building": "yes", "amenity": null, "name": "Champlung Sari Hotel", "beds": null}},{"type": "Feature", "geometry": {"type":"Polygon","coordinates":[[[115.2596356,-8.5173679],[115.2596892,-8.5173873],[115.2597095,-8.5173325],[115.2596559,-8.5173131],[115.2596356,-8.5173679]]]}, "properties": {"osm_id": 512374854, "osm_type": "ways_poly", "opening_hours": "Mo-Su 09:00-21:00", "shop": "beauty", "tourism": null, "rooms": null, "building": "yes", "amenity": null, "name": "Clara spa", "beds": null}},{"type": "Feature", "geometry": {"type":"Polygon","coordinates":[[[115.266119,-8.5137422],[115.2663714,-8.5138144],[115.2663918,-8.5137486],[115.2661405,-8.5136742],[115.2661297,-8.5137071],[115.266119,-8.5137422]]]}, "properties": {"osm_id": 377720972, "osm_type": "ways_poly", "opening_hours": null, "shop": null, "tourism": "hostel", "rooms": null, "building": "yes", "amenity": null, "name": "Widia's Green View", "beds": null}},{"type": "Feature", "geometry": {"type":"Polygon","coordinates":[[[115.2736529,-8.514241],[115.2737044,-8.5144087],[115.2738545,-8.5143637],[115.2738679,-8.5143173],[115.2738283,-8.5141883],[115.2736529,-8.514241]]]}, "properties": {"osm_id": 665903598, "osm_type": "ways_poly", "opening_hours": null, "shop": null, "tourism": "guest_house", "rooms": null, "building": "yes", "amenity": null, "name": "bamboo birds nests", "beds": null}},{"type": "Feature", "geometry": {"type":"Polygon","coordinates":[[[115.282082,-8.4999182],[115.2824651,-8.5000152],[115.2826581,-8.4992696],[115.282275,-8.4991726],[115.282082,-8.4999182]]]}, "properties": {"osm_id": 566250719, "osm_type": "ways_poly", "opening_hours": null, "shop": null, "tourism": "hotel", "rooms": null, "building": "yes", "amenity": null, "name": "Sandat Glamping Tents", "beds": null}},{"type": "Feature", "geometry": {"type":"Polygon","coordinates":[[[115.2585166,-8.5155348],[115.2587816,-8.5155532],[115.2587875,-8.5154702],[115.2585225,-8.5154518],[115.2585166,-8.5155348]]]}, "properties": {"osm_id": 647400561, "osm_type": "ways_poly", "opening_hours": null, "shop": null, "tourism": "hotel", "rooms": null, "building": "yes", "amenity": null, "name": "Rico Amerta", "beds": null}},{"type": "Feature", "geometry": {"type":"Polygon","coordinates":[[[115.2574803,-8.5015479],[115.2575982,-8.5015821],[115.2576256,-8.5014898],[115.2575077,-8.5014556],[115.2574803,-8.5015479]]]}, "properties": {"osm_id": 663326127, "osm_type": "ways_poly", "opening_hours": "24/7", "shop": null, "tourism": "hostel", "rooms": null, "building": "yes", "amenity": null, "name": "Ubud Rice Field house", "beds": null}},{"type": "Feature", "geometry": {"type":"Polygon","coordinates":[[[115.2576641,-8.5015178],[115.257782,-8.501552],[115.2578094,-8.5014597],[115.2576915,-8.5014255],[115.2576641,-8.5015178]]]}, "properties": {"osm_id": 663326126, "osm_type": "ways_poly", "opening_hours": null, "shop": null, "tourism": null, "rooms": null, "building": "yes", "amenity": "restaurant", "name": "Griya Superfood", "beds": null}},{"type": "Feature", "geometry": {"type":"Polygon","coordinates":[[[115.2582209,-8.5006821],[115.2583282,-8.5007073],[115.2583422,-8.5006489],[115.2582349,-8.5006237],[115.2582209,-8.5006821]]]}, "properties": {"osm_id": 659267990, "osm_type": "ways_poly", "opening_hours": null, "shop": null, "tourism": "hostel", "rooms": null, "building": "yes", "amenity": null, "name": "Griya Sugriwa 2", "beds": null}},{"type": "Feature", "geometry": {"type":"Polygon","coordinates":[[[115.2583795,-8.5002213],[115.2583807,-8.5002788],[115.2584346,-8.5002777],[115.2584334,-8.5002202],[115.2583795,-8.5002213]]]}, "properties": {"osm_id": 663326128, "osm_type": "ways_poly", "opening_hours": null, "shop": null, "tourism": null, "rooms": null, "building": "yes", "amenity": "restaurant", "name": "Pondok Buag Warung", "beds": null}},{"type": "Feature", "geometry": {"type":"Polygon","coordinates":[[[115.2571128,-8.5024661],[115.2571738,-8.5024757],[115.2571847,-8.5024081],[115.2571237,-8.5023984],[115.2571128,-8.5024661]]]}, "properties": {"osm_id": 663326122, "osm_type": "ways_poly", "opening_hours": "Mo-Su 10:00-20:00", "shop": "massage", "tourism": null, "rooms": null, "building": "yes", "amenity": null, "name": "Sri Bali Spa", "beds": null}},{"type": "Feature", "geometry": {"type":"Polygon","coordinates":[[[115.2505869,-8.5032151],[115.2506917,-8.5032223],[115.2507036,-8.5030541],[115.2505989,-8.5030468],[115.2505869,-8.5032151]]]}, "properties": {"osm_id": 476960472, "osm_type": "ways_poly", "opening_hours": null, "shop": null, "tourism": "gallery", "rooms": null, "building": "yes", "amenity": null, "name": "Galerie Karja", "beds": null}},{"type": "Feature", "geometry": {"type":"Polygon","coordinates":[[[115.2508141,-8.5030956],[115.2508956,-8.5030999],[115.2509003,-8.5030145],[115.2508188,-8.5030101],[115.2508141,-8.5030956]]]}, "properties": {"osm_id": 476960473, "osm_type": "ways_poly", "opening_hours": null, "shop": null, "tourism": "gallery", "rooms": null, "building": "yes", "amenity": null, "name": "Santra Putra, Fine Art Galerie", "beds": null}},{"type": "Feature", "geometry": {"type":"Polygon","coordinates":[[[115.2562319,-8.5036787],[115.2564961,-8.5037098],[115.2565045,-8.5036398],[115.2562403,-8.5036088],[115.2562319,-8.5036787]]]}, "properties": {"osm_id": 663326108, "osm_type": "ways_poly", "opening_hours": null, "shop": null, "tourism": "guest_house", "rooms": null, "building": null, "amenity": null, "name": "Gusti's Garden 2", "beds": null}},{"type": "Feature", "geometry": {"type":"Polygon","coordinates":[[[115.2476759,-8.5050976],[115.247676,-8.5051849],[115.2477745,-8.5051847],[115.2477744,-8.5050975],[115.2476759,-8.5050976]]]}, "properties": {"osm_id": 476960471, "osm_type": "ways_poly", "opening_hours": null, "shop": null, "tourism": null, "rooms": null, "building": "yes", "amenity": "restaurant", "name": "D'Bale Restaurant", "beds": null}},{"type": "Feature", "geometry": {"type":"Polygon","coordinates":[[[115.2647705,-8.5486072],[115.2651352,-8.5486461],[115.2651223,-8.5487644],[115.2652539,-8.5487785],[115.2652848,-8.5484959],[115.2647884,-8.548443],[115.2647705,-8.5486072]]]}, "properties": {"osm_id": 449183384, "osm_type": "ways_poly", "opening_hours": "07:00 - 23:00", "shop": null, "tourism": null, "rooms": null, "building": "yes", "amenity": "restaurant", "name": "Bamboe Koening Restaurant", "beds": null}},{"type": "Feature", "geometry": {"type":"Polygon","coordinates":[[[115.2642216,-8.5081301],[115.2643103,-8.5081689],[115.2643594,-8.508059],[115.2642708,-8.5080202],[115.2642216,-8.5081301]]]}, "properties": {"osm_id": 705065787, "osm_type": "ways_poly", "opening_hours": null, "shop": null, "tourism": null, "rooms": null, "building": "yes", "amenity": "restaurant", "name": "Crossroad Burger", "beds": null}},{"type": "Feature", "geometry": {"type":"Polygon","coordinates":[[[115.2718324,-8.5045021],[115.2719507,-8.5045108],[115.2719751,-8.504291],[115.271859,-8.504279],[115.2718324,-8.5045021]]]}, "properties": {"osm_id": 545154881, "osm_type": "ways_poly", "opening_hours": "08:00-17:00", "shop": "hardware", "tourism": null, "rooms": null, "building": "yes", "amenity": null, "name": "UD. Cahaya Surya", "beds": null}},{"type": "Feature", "geometry": {"type":"Polygon","coordinates":[[[115.2713532,-8.5042442],[115.2716972,-8.5042478],[115.271699,-8.5040786],[115.271355,-8.5040751],[115.2713532,-8.5042442]]]}, "properties": {"osm_id": 545154883, "osm_type": "ways_poly", "opening_hours": null, "shop": "supermarket", "tourism": null, "rooms": null, "building": "yes", "amenity": null, "name": "Pepito Market - Andong", "beds": null}},{"type": "Feature", "geometry": {"type":"Polygon","coordinates":[[[115.2618876,-8.4999843],[115.2618881,-8.5000539],[115.262023,-8.500053],[115.2620226,-8.4999835],[115.2618876,-8.4999843]]]}, "properties": {"osm_id": 661665165, "osm_type": "ways_poly", "opening_hours": null, "shop": null, "tourism": "guest_house", "rooms": null, "building": "yes", "amenity": null, "name": "Bella Villas Bungalows", "beds": null}},{"type": "Feature", "geometry": {"type":"Polygon","coordinates":[[[115.261856,-8.5001564],[115.2619841,-8.5001743],[115.2619956,-8.5000941],[115.2618675,-8.5000761],[115.261856,-8.5001564]]]}, "properties": {"osm_id": 661665166, "osm_type": "ways_poly", "opening_hours": null, "shop": null, "tourism": "gallery", "rooms": null, "building": "yes", "amenity": null, "name": "Balinese Paintings", "beds": null}},{"type": "Feature", "geometry": {"type":"Polygon","coordinates":[[[115.2674751,-8.5020449],[115.2674818,-8.5022121],[115.2678566,-8.5021974],[115.2678499,-8.5020303],[115.2674751,-8.5020449]]]}, "properties": {"osm_id": 931673294, "osm_type": "ways_poly", "opening_hours": null, "shop": null, "tourism": "guest_house", "rooms": null, "building": null, "amenity": null, "name": "Pondok Prapen", "beds": null}},{"type": "Feature", "geometry": {"type":"Polygon","coordinates":[[[115.260403,-8.509321],[115.2604326,-8.5093798],[115.2604901,-8.5093514],[115.2604825,-8.5093362],[115.2605624,-8.5092968],[115.2605404,-8.5092533],[115.260403,-8.509321]]]}, "properties": {"osm_id": 704107339, "osm_type": "ways_poly", "opening_hours": null, "shop": "massage", "tourism": null, "rooms": null, "building": "yes", "amenity": null, "name": "Beji Ayu", "beds": null}},{"type": "Feature", "geometry": {"type":"Polygon","coordinates":[[[115.2927076,-8.5140261],[115.2929784,-8.5140392],[115.293019,-8.5134003],[115.2927336,-8.5135723],[115.2927076,-8.5140261]]]}, "properties": {"osm_id": 423694260, "osm_type": "ways_poly", "opening_hours": null, "shop": null, "tourism": null, "rooms": null, "building": null, "amenity": "marketplace", "name": null, "beds": null}},{"type": "Feature", "geometry": {"type":"Polygon","coordinates":[[[115.2691054,-8.5098823],[115.2693641,-8.5099416],[115.2694026,-8.5097771],[115.2691439,-8.5097179],[115.2691054,-8.5098823]]]}, "properties": {"osm_id": 594498530, "osm_type": "ways_poly", "opening_hours": null, "shop": null, "tourism": null, "rooms": null, "building": "yes", "amenity": "restaurant", "name": "Ubud Food Court", "beds": null}},{"type": "Feature", "geometry": {"type":"Polygon","coordinates":[[[115.2398073,-8.519848],[115.2399156,-8.5198564],[115.2399356,-8.5200087],[115.240329,-8.5200369],[115.2398814,-8.5193348],[115.2398329,-8.5195914],[115.2399698,-8.5196083],[115.2399527,-8.5197746],[115.239813,-8.5197549],[115.2398073,-8.519848]]]}, "properties": {"osm_id": 554783107, "osm_type": "ways_poly", "opening_hours": null, "shop": null, "tourism": null, "rooms": null, "building": null, "amenity": "marketplace", "name": null, "beds": null}},{"type": "Feature", "geometry": {"type":"Polygon","coordinates":[[[115.2459126,-8.515177],[115.2459816,-8.5151824],[115.2459915,-8.5150939],[115.2459209,-8.5150882],[115.2459126,-8.515177]]]}, "properties": {"osm_id": 557188771, "osm_type": "ways_poly", "opening_hours": null, "shop": null, "tourism": "chalet", "rooms": null, "building": "yes", "amenity": null, "name": "Uma Mas", "beds": null}},{"type": "Feature", "geometry": {"type":"Polygon","coordinates":[[[115.2398691,-8.5155841],[115.2399968,-8.5156072],[115.2400232,-8.5154645],[115.2399263,-8.515447],[115.2399187,-8.5154883],[115.2398878,-8.5154827],[115.2398691,-8.5155841]]]}, "properties": {"osm_id": 348495830, "osm_type": "ways_poly", "opening_hours": null, "shop": "convenience", "tourism": null, "rooms": null, "building": null, "amenity": null, "name": "Cipta Karya", "beds": null}},{"type": "Feature", "geometry": {"type":"Polygon","coordinates":[[[115.2640821,-8.5057832],[115.2641313,-8.5058042],[115.2641588,-8.5057412],[115.2641096,-8.5057202],[115.2640821,-8.5057832]]]}, "properties": {"osm_id": 705065781, "osm_type": "ways_poly", "opening_hours": null, "shop": null, "tourism": null, "rooms": null, "building": "yes", "amenity": "cafe", "name": "The Joker", "beds": null}},{"type": "Feature", "geometry": {"type":"Polygon","coordinates":[[[115.2630025,-8.5076978],[115.2631997,-8.507781],[115.2632129,-8.5077505],[115.2634505,-8.5078507],[115.2633746,-8.5080268],[115.263584,-8.5081151],[115.2637413,-8.5077504],[115.2638527,-8.5077974],[115.2639038,-8.5076789],[115.2637585,-8.5076176],[115.2637265,-8.5076878],[115.263458,-8.5075746],[115.2633903,-8.5075461],[115.2633408,-8.5076609],[115.2636149,-8.5077764],[115.2635917,-8.5078303],[115.2632446,-8.5076839],[115.2632334,-8.5077098],[115.2631068,-8.5076564],[115.263164,-8.5075236],[115.2630909,-8.5074928],[115.2630025,-8.5076978]]]}, "properties": {"osm_id": 238194819, "osm_type": "ways_poly", "opening_hours": null, "shop": null, "tourism": null, "rooms": null, "building": "yes", "amenity": "marketplace", "name": "Pasar Ubud", "beds": null}},{"type": "Feature", "geometry": {"type":"Polygon","coordinates":[[[115.2669574,-8.4929678],[115.2670178,-8.4929877],[115.26705,-8.4928922],[115.2669896,-8.4928723],[115.2669574,-8.4929678]]]}, "properties": {"osm_id": 721490687, "osm_type": "ways_poly", "opening_hours": null, "shop": null, "tourism": "hotel", "rooms": null, "building": "yes", "amenity": null, "name": "Dwaraka The Royal Villas", "beds": null}},{"type": "Feature", "geometry": {"type":"Polygon","coordinates":[[[115.2585044,-8.4973545],[115.25859,-8.4973754],[115.2586211,-8.4972507],[115.2585355,-8.4972298],[115.258522,-8.4972839],[115.2585044,-8.4973545]]]}, "properties": {"osm_id": 654615784, "osm_type": "ways_poly", "opening_hours": null, "shop": null, "tourism": null, "rooms": null, "building": "yes", "amenity": "restaurant", "name": "Sari Organic", "beds": null}},{"type": "Feature", "geometry": {"type":"Polygon","coordinates":[[[115.2581799,-8.4981593],[115.2582644,-8.4981699],[115.2582702,-8.4981249],[115.2581857,-8.4981143],[115.2581799,-8.4981593]]]}, "properties": {"osm_id": 654615777, "osm_type": "ways_poly", "opening_hours": null, "shop": null, "tourism": null, "rooms": null, "building": "yes", "amenity": "restaurant", "name": "Warung Juice", "beds": null}},{"type": "Feature", "geometry": {"type":"Polygon","coordinates":[[[115.2521272,-8.499685],[115.2521799,-8.4996926],[115.2521607,-8.4998405],[115.2522044,-8.5000214],[115.2524777,-8.5000501],[115.2525273,-8.4995831],[115.2521479,-8.4995384],[115.2521272,-8.499685]]]}, "properties": {"osm_id": 204788158, "osm_type": "ways_poly", "opening_hours": "Mo-Su 08:00-22:00", "shop": "supermarket", "tourism": null, "rooms": null, "building": "yes", "amenity": null, "name": "Bintang", "beds": null}},{"type": "Feature", "geometry": {"type":"Polygon","coordinates":[[[115.2515672,-8.4988727],[115.2517128,-8.4989146],[115.2516923,-8.4989842],[115.2520381,-8.4990839],[115.2520613,-8.4990052],[115.2521292,-8.4990248],[115.2521447,-8.4989721],[115.2515854,-8.4988108],[115.2515672,-8.4988727]]]}, "properties": {"osm_id": 348499894, "osm_type": "ways_poly", "opening_hours": null, "shop": "massage", "tourism": null, "rooms": null, "building": null, "amenity": null, "name": "Sedona Spa", "beds": null}},{"type": "Feature", "geometry": {"type":"Polygon","coordinates":[[[115.2916584,-8.5279055],[115.2917005,-8.5279159],[115.2917154,-8.5278567],[115.2916733,-8.5278463],[115.2916584,-8.5279055]]]}, "properties": {"osm_id": 664352766, "osm_type": "ways_poly", "opening_hours": null, "shop": null, "tourism": null, "rooms": null, "building": "yes", "amenity": "restaurant", "name": "Warung Ayu-badulu", "beds": null}},{"type": "Feature", "geometry": {"type":"Polygon","coordinates":[[[115.2796917,-8.522356],[115.2797666,-8.5223564],[115.2797669,-8.5223125],[115.2796919,-8.5223121],[115.2796917,-8.522356]]]}, "properties": {"osm_id": 545150664, "osm_type": "ways_poly", "opening_hours": null, "shop": null, "tourism": null, "rooms": null, "building": "yes", "amenity": "cafe", "name": null, "beds": null}},{"type": "Feature", "geometry": {"type":"Polygon","coordinates":[[[115.2614313,-8.5248094],[115.2615286,-8.524808],[115.2615273,-8.5246799],[115.2614342,-8.5246787],[115.2614313,-8.5248094]]]}, "properties": {"osm_id": 536846141, "osm_type": "ways_poly", "opening_hours": null, "shop": null, "tourism": null, "rooms": null, "building": "yes", "amenity": "cafe", "name": null, "beds": null}},{"type": "Feature", "geometry": {"type":"Polygon","coordinates":[[[115.2708364,-8.507882],[115.2710398,-8.507928],[115.2712961,-8.507986],[115.2713339,-8.5078226],[115.2708742,-8.5077186],[115.2708639,-8.507763],[115.2708364,-8.507882]]]}, "properties": {"osm_id": 204788415, "osm_type": "ways_poly", "opening_hours": "Mo-Su 08:00-22:00", "shop": "supermarket", "tourism": null, "rooms": null, "building": "yes", "amenity": null, "name": "Delta Dewata", "beds": null}},{"type": "Feature", "geometry": {"type":"Polygon","coordinates":[[[115.2675456,-8.4824704],[115.268079,-8.4826208],[115.2680771,-8.4824408],[115.2676094,-8.4822625],[115.2675456,-8.4824704]]]}, "properties": {"osm_id": 1482413543, "osm_type": "ways_poly", "opening_hours": null, "shop": null, "tourism": null, "rooms": null, "building": "yes", "amenity": "restaurant", "name": "Syrco BASÈ", "beds": null}},{"type": "Feature", "geometry": {"type":"Polygon","coordinates":[[[115.2634765,-8.5237708],[115.263482,-8.5239233],[115.2636282,-8.5239181],[115.2636227,-8.5237656],[115.2634765,-8.5237708]]]}, "properties": {"osm_id": 512355162, "osm_type": "ways_poly", "opening_hours": null, "shop": "clothes", "tourism": null, "rooms": null, "building": "yes", "amenity": null, "name": "French Toast", "beds": null}},{"type": "Feature", "geometry": {"type":"Polygon","coordinates":[[[115.2618445,-8.5068321],[115.261953,-8.5068798],[115.2620186,-8.5067339],[115.2619102,-8.5066862],[115.2618445,-8.5068321]]]}, "properties": {"osm_id": 445459704, "osm_type": "ways_poly", "opening_hours": null, "shop": "convenience", "tourism": null, "rooms": null, "building": "yes", "amenity": null, "name": "Circle K", "beds": null}},{"type": "Feature", "geometry": {"type":"Polygon","coordinates":[[[115.2443114,-8.4741923],[115.2443533,-8.474261],[115.2444244,-8.4742186],[115.2443824,-8.4741499],[115.2443114,-8.4741923]]]}, "properties": {"osm_id": 594956746, "osm_type": "ways_poly", "opening_hours": null, "shop": null, "tourism": "apartment", "rooms": null, "building": null, "amenity": null, "name": "Deluxe Pool Villa", "beds": null}},{"type": "Feature", "geometry": {"type":"Polygon","coordinates":[[[115.243877,-8.4745994],[115.243919,-8.4746681],[115.24399,-8.4746257],[115.2439481,-8.474557],[115.243877,-8.4745994]]]}, "properties": {"osm_id": 594956754, "osm_type": "ways_poly", "opening_hours": null, "shop": null, "tourism": "apartment", "rooms": null, "building": null, "amenity": null, "name": "Deluxe Pool Villa", "beds": null}},{"type": "Feature", "geometry": {"type":"Polygon","coordinates":[[[115.243718,-8.4744058],[115.2437818,-8.4744522],[115.2438341,-8.4743819],[115.2437703,-8.4743355],[115.243718,-8.4744058]]]}, "properties": {"osm_id": 594956760, "osm_type": "ways_poly", "opening_hours": null, "shop": null, "tourism": "apartment", "rooms": null, "building": null, "amenity": null, "name": "Deluxe Pool Villa", "beds": null}},{"type": "Feature", "geometry": {"type":"Polygon","coordinates":[[[115.2429115,-8.474528],[115.2429261,-8.4746271],[115.2430267,-8.4746125],[115.243012,-8.4745134],[115.2429115,-8.474528]]]}, "properties": {"osm_id": 594956828, "osm_type": "ways_poly", "opening_hours": null, "shop": null, "tourism": "apartment", "rooms": null, "building": null, "amenity": null, "name": "Deluxe Pool Villa", "beds": null}},{"type": "Feature", "geometry": {"type":"Polygon","coordinates":[[[115.2432253,-8.4744738],[115.24324,-8.4745729],[115.2433406,-8.4745583],[115.2433259,-8.4744592],[115.2432253,-8.4744738]]]}, "properties": {"osm_id": 594956834, "osm_type": "ways_poly", "opening_hours": null, "shop": null, "tourism": "apartment", "rooms": null, "building": null, "amenity": null, "name": "Deluxe Pool Villa", "beds": null}},{"type": "Feature", "geometry": {"type":"Polygon","coordinates":[[[115.2437554,-8.4755072],[115.2438574,-8.4755417],[115.2438779,-8.4754823],[115.243776,-8.4754478],[115.2437554,-8.4755072]]]}, "properties": {"osm_id": 594956858, "osm_type": "ways_poly", "opening_hours": null, "shop": null, "tourism": "apartment", "rooms": null, "building": null, "amenity": null, "name": "Deluxe Pool Villa", "beds": null}},{"type": "Feature", "geometry": {"type":"Polygon","coordinates":[[[115.2437565,-8.4757303],[115.243841,-8.475786],[115.2438742,-8.4757368],[115.2437897,-8.475681],[115.2437565,-8.4757303]]]}, "properties": {"osm_id": 594956880, "osm_type": "ways_poly", "opening_hours": null, "shop": null, "tourism": "apartment", "rooms": null, "building": null, "amenity": null, "name": "Deluxe Pool Villa", "beds": null}},{"type": "Feature", "geometry": {"type":"Polygon","coordinates":[[[115.2443089,-8.475975],[115.2443235,-8.4759867],[115.2443799,-8.476032],[115.2444216,-8.4759811],[115.2443506,-8.4759241],[115.2443089,-8.475975]]]}, "properties": {"osm_id": 594956893, "osm_type": "ways_poly", "opening_hours": null, "shop": null, "tourism": "apartment", "rooms": null, "building": null, "amenity": null, "name": "Deluxe Pool Villa", "beds": null}},{"type": "Feature", "geometry": {"type":"Polygon","coordinates":[[[115.2445449,-8.4759007],[115.2445851,-8.4759776],[115.2446496,-8.4759446],[115.2446094,-8.4758677],[115.2445449,-8.4759007]]]}, "properties": {"osm_id": 594956906, "osm_type": "ways_poly", "opening_hours": null, "shop": null, "tourism": "apartment", "rooms": null, "building": null, "amenity": null, "name": "Deluxe Pool Villa", "beds": null}},{"type": "Feature", "geometry": {"type":"Polygon","coordinates":[[[115.2445194,-8.4757349],[115.244561,-8.4758105],[115.2446222,-8.4757776],[115.2445806,-8.475702],[115.2445194,-8.4757349]]]}, "properties": {"osm_id": 594956910, "osm_type": "ways_poly", "opening_hours": null, "shop": null, "tourism": "apartment", "rooms": null, "building": null, "amenity": null, "name": "Deluxe Pool Villa", "beds": null}},{"type": "Feature", "geometry": {"type":"Polygon","coordinates":[[[115.244758,-8.4756268],[115.2447888,-8.4757011],[115.2448575,-8.4756732],[115.2448267,-8.4755989],[115.244758,-8.4756268]]]}, "properties": {"osm_id": 594956927, "osm_type": "ways_poly", "opening_hours": null, "shop": null, "tourism": "apartment", "rooms": null, "building": null, "amenity": null, "name": "Deluxe Pool Villa", "beds": null}},{"type": "Feature", "geometry": {"type":"Polygon","coordinates":[[[115.2447766,-8.4759233],[115.2448074,-8.4759976],[115.2448761,-8.4759696],[115.2448453,-8.4758954],[115.2447766,-8.4759233]]]}, "properties": {"osm_id": 594956932, "osm_type": "ways_poly", "opening_hours": null, "shop": null, "tourism": "apartment", "rooms": null, "building": null, "amenity": null, "name": "Deluxe Pool Villa", "beds": null}},{"type": "Feature", "geometry": {"type":"Polygon","coordinates":[[[115.2431662,-8.4754391],[115.2432615,-8.4755293],[115.2433067,-8.4754826],[115.2432115,-8.4753924],[115.2431662,-8.4754391]]]}, "properties": {"osm_id": 594956842, "osm_type": "ways_poly", "opening_hours": null, "shop": null, "tourism": "apartment", "rooms": null, "building": "yes", "amenity": null, "name": "Villa", "beds": null}},{"type": "Feature", "geometry": {"type":"Polygon","coordinates":[[[115.2433801,-8.4757966],[115.2434646,-8.4758523],[115.2435049,-8.4757925],[115.2434204,-8.4757368],[115.2433801,-8.4757966]]]}, "properties": {"osm_id": 594956867, "osm_type": "ways_poly", "opening_hours": null, "shop": null, "tourism": "apartment", "rooms": null, "building": "yes", "amenity": null, "name": "Villa", "beds": null}},{"type": "Feature", "geometry": {"type":"Polygon","coordinates":[[[115.273895,-8.4725434],[115.2740666,-8.4725659],[115.2740952,-8.4725721],[115.2741404,-8.4725819],[115.2741431,-8.4725036],[115.2741216,-8.4724068],[115.2739057,-8.4723935],[115.2738963,-8.4724704],[115.273895,-8.4725434]]]}, "properties": {"osm_id": 1095862507, "osm_type": "ways_poly", "opening_hours": null, "shop": null, "tourism": "hotel", "rooms": null, "building": null, "amenity": null, "name": null, "beds": null}},{"type": "Feature", "geometry": {"type":"Polygon","coordinates":[[[115.2748203,-8.4724864],[115.2749383,-8.4726402],[115.2750269,-8.4726164],[115.2749464,-8.4724545],[115.2748203,-8.4724864]]]}, "properties": {"osm_id": 1095862537, "osm_type": "ways_poly", "opening_hours": null, "shop": null, "tourism": null, "rooms": null, "building": null, "amenity": "cafe", "name": null, "beds": null}},{"type": "Feature", "geometry": {"type":"Polygon","coordinates":[[[115.2598746,-8.5059102],[115.2599602,-8.5059479],[115.2599977,-8.5058644],[115.2599121,-8.5058267],[115.2598746,-8.5059102]]]}, "properties": {"osm_id": 564510305, "osm_type": "ways_poly", "opening_hours": "Mo-Su 06:00-21:30", "shop": "bakery", "tourism": null, "rooms": null, "building": "retail", "amenity": null, "name": "Daily Baguette", "beds": null}},{"type": "Feature", "geometry": {"type":"Polygon","coordinates":[[[115.2723253,-8.5090829],[115.2727302,-8.5090913],[115.2727323,-8.5089955],[115.2723273,-8.508987],[115.2723253,-8.5090829]]]}, "properties": {"osm_id": 664354899, "osm_type": "ways_poly", "opening_hours": null, "shop": "variety_store", "tourism": null, "rooms": null, "building": "yes", "amenity": null, "name": "Serayu terracotta", "beds": null}},{"type": "Feature", "geometry": {"type":"Polygon","coordinates":[[[115.2638015,-8.5109427],[115.2638422,-8.5109572],[115.2638607,-8.5109061],[115.2638199,-8.5108917],[115.2638015,-8.5109427]]]}, "properties": {"osm_id": 1067595516, "osm_type": "ways_poly", "opening_hours": "Mo-Su 12:00-20:00", "shop": null, "tourism": null, "rooms": null, "building": "yes", "amenity": "cafe", "name": "BunBaliCafe", "beds": null}},{"type": "Feature", "geometry": {"type":"Polygon","coordinates":[[[115.2504572,-8.5157728],[115.2504667,-8.5158773],[115.250532,-8.5158715],[115.2505224,-8.515767],[115.2504572,-8.5157728]]]}, "properties": {"osm_id": 1290407665, "osm_type": "ways_poly", "opening_hours": "Mo-Su 08:00-22:00", "shop": null, "tourism": null, "rooms": null, "building": "yes", "amenity": "restaurant", "name": "Casa Curandera", "beds": null}},{"type": "Feature", "geometry": {"type":"Polygon","coordinates":[[[115.2434889,-8.5257547],[115.2435494,-8.525761],[115.2436769,-8.5257742],[115.2436919,-8.5256324],[115.243508,-8.5256137],[115.2434889,-8.5257547]]]}, "properties": {"osm_id": 1394478710, "osm_type": "ways_poly", "opening_hours": null, "shop": null, "tourism": "apartment", "rooms": null, "building": "yes", "amenity": null, "name": "Red Ginger Villa", "beds": null}},{"type": "Feature", "geometry": {"type":"Polygon","coordinates":[[[115.2530857,-8.4943498],[115.2530864,-8.494425],[115.2531119,-8.4944248],[115.2531126,-8.4944928],[115.2532164,-8.4944918],[115.253215,-8.4943485],[115.2530857,-8.4943498]]]}, "properties": {"osm_id": 1423827552, "osm_type": "ways_poly", "opening_hours": null, "shop": null, "tourism": "hotel", "rooms": null, "building": "yes", "amenity": null, "name": "Kori Ubud", "beds": null}},{"type": "Feature", "geometry": {"type":"Polygon","coordinates":[[[115.2528511,-8.4946201],[115.2528538,-8.4947115],[115.2530176,-8.4947067],[115.2530156,-8.4946416],[115.2529856,-8.4946425],[115.2529839,-8.494586],[115.2530501,-8.494584],[115.2530471,-8.494485],[115.2528889,-8.4944897],[115.2528928,-8.4946189],[115.2528511,-8.4946201]]]}, "properties": {"osm_id": 1423827553, "osm_type": "ways_poly", "opening_hours": null, "shop": null, "tourism": "hotel", "rooms": null, "building": "yes", "amenity": null, "name": "Restaurant Kori Ubud", "beds": null}},{"type": "Feature", "geometry": {"type":"Polygon","coordinates":[[[115.2531279,-8.4945092],[115.2531324,-8.4946159],[115.2532074,-8.4946128],[115.2532029,-8.4945062],[115.2531279,-8.4945092]]]}, "properties": {"osm_id": 1423829079, "osm_type": "ways_poly", "opening_hours": null, "shop": null, "tourism": "hotel", "rooms": null, "building": "yes", "amenity": null, "name": "Kori Ubud", "beds": null}},{"type": "Feature", "geometry": {"type":"Polygon","coordinates":[[[115.2623635,-8.5182476],[115.2624511,-8.5182518],[115.262454,-8.5181953],[115.2623676,-8.5181875],[115.2623635,-8.5182476]]]}, "properties": {"osm_id": 1431914189, "osm_type": "ways_poly", "opening_hours": "Mo-Su 07:30-22:00", "shop": null, "tourism": null, "rooms": null, "building": "yes", "amenity": "restaurant", "name": "Raya Kitchen & Bar Ubud", "beds": null}},{"type": "Feature", "geometry": {"type":"Polygon","coordinates":[[[115.2582162,-8.4994698],[115.2582575,-8.4995323],[115.2583111,-8.4994976],[115.2582698,-8.4994352],[115.2582162,-8.4994698]]]}, "properties": {"osm_id": 1449702050, "osm_type": "ways_poly", "opening_hours": null, "shop": null, "tourism": "chalet", "rooms": null, "building": "bungalow", "amenity": null, "name": null, "beds": null}},{"type": "Feature", "geometry": {"type":"Polygon","coordinates":[[[115.2580983,-8.4996063],[115.2581338,-8.4996546],[115.25819,-8.4996142],[115.2581545,-8.4995659],[115.2580983,-8.4996063]]]}, "properties": {"osm_id": 1449702052, "osm_type": "ways_poly", "opening_hours": null, "shop": null, "tourism": "chalet", "rooms": null, "building": "bungalow", "amenity": null, "name": null, "beds": null}},{"type": "Feature", "geometry": {"type":"Polygon","coordinates":[[[115.2579596,-8.4994593],[115.2580604,-8.4994635],[115.258064,-8.4993792],[115.2579632,-8.499375],[115.2579596,-8.4994593]]]}, "properties": {"osm_id": 1449702054, "osm_type": "ways_poly", "opening_hours": null, "shop": null, "tourism": "chalet", "rooms": null, "building": "bungalow", "amenity": null, "name": null, "beds": null}},{"type": "Feature", "geometry": {"type":"Polygon","coordinates":[[[115.2739436,-8.4919211],[115.2740388,-8.4919334],[115.2740491,-8.4918545],[115.2740033,-8.4918437],[115.2739476,-8.491833],[115.2739436,-8.4919211]]]}, "properties": {"osm_id": 1467183701, "osm_type": "ways_poly", "opening_hours": "Mo-Su 08:00-21:00", "shop": "laundry", "tourism": null, "rooms": null, "building": "yes", "amenity": null, "name": "Union Laundry", "beds": null}},{"type": "Feature", "geometry": {"type":"Polygon","coordinates":[[[115.2446062,-8.4744725],[115.24467,-8.4745061],[115.2447143,-8.4744239],[115.2446505,-8.4743903],[115.2446062,-8.4744725]]]}, "properties": {"osm_id": 594956739, "osm_type": "ways_poly", "opening_hours": null, "shop": null, "tourism": "apartment", "rooms": null, "building": null, "amenity": null, "name": "Deluxe Pool Villa", "beds": null}},{"type": "Feature", "geometry": {"type":"Polygon","coordinates":[[[115.2431301,-8.4746925],[115.2431367,-8.4747772],[115.2432239,-8.4747705],[115.2432173,-8.4746858],[115.2431301,-8.4746925]]]}, "properties": {"osm_id": 594956782, "osm_type": "ways_poly", "opening_hours": null, "shop": null, "tourism": "apartment", "rooms": null, "building": null, "amenity": null, "name": "Deluxe Pool Villa", "beds": null}},{"type": "Feature", "geometry": {"type":"Polygon","coordinates":[[[115.2428009,-8.4747714],[115.2428028,-8.4748395],[115.242898,-8.4748369],[115.2428961,-8.4747687],[115.2428009,-8.4747714]]]}, "properties": {"osm_id": 594956788, "osm_type": "ways_poly", "opening_hours": null, "shop": null, "tourism": "apartment", "rooms": null, "building": null, "amenity": null, "name": "Deluxe Pool Villa", "beds": null}},{"type": "Feature", "geometry": {"type":"Polygon","coordinates":[[[115.2426425,-8.4746863],[115.2426586,-8.4747659],[115.2427324,-8.4747513],[115.2427163,-8.4746717],[115.2426425,-8.4746863]]]}, "properties": {"osm_id": 594956791, "osm_type": "ways_poly", "opening_hours": null, "shop": null, "tourism": "apartment", "rooms": null, "building": null, "amenity": null, "name": "Deluxe Pool Villa", "beds": null}},{"type": "Feature", "geometry": {"type":"Polygon","coordinates":[[[115.2426425,-8.4748415],[115.2426586,-8.4749211],[115.2427324,-8.4749065],[115.2427163,-8.4748269],[115.2426425,-8.4748415]]]}, "properties": {"osm_id": 594956795, "osm_type": "ways_poly", "opening_hours": null, "shop": null, "tourism": "apartment", "rooms": null, "building": null, "amenity": null, "name": "Deluxe Pool Villa", "beds": null}},{"type": "Feature", "geometry": {"type":"Polygon","coordinates":[[[115.242212,-8.4748455],[115.2422281,-8.4749251],[115.2423019,-8.4749105],[115.2422858,-8.4748309],[115.242212,-8.4748455]]]}, "properties": {"osm_id": 594956807, "osm_type": "ways_poly", "opening_hours": null, "shop": null, "tourism": "apartment", "rooms": null, "building": null, "amenity": null, "name": "Deluxe Pool Villa", "beds": null}},{"type": "Feature", "geometry": {"type":"Polygon","coordinates":[[[115.2422228,-8.4747049],[115.2422389,-8.4747845],[115.2423126,-8.4747699],[115.2422965,-8.4746903],[115.2422228,-8.4747049]]]}, "properties": {"osm_id": 594956811, "osm_type": "ways_poly", "opening_hours": null, "shop": null, "tourism": "apartment", "rooms": null, "building": null, "amenity": null, "name": "Deluxe Pool Villa", "beds": null}},{"type": "Feature", "geometry": {"type":"Polygon","coordinates":[[[115.2424474,-8.4746989],[115.2424635,-8.4747785],[115.2425373,-8.4747639],[115.2425212,-8.4746843],[115.2424474,-8.4746989]]]}, "properties": {"osm_id": 594956814, "osm_type": "ways_poly", "opening_hours": null, "shop": null, "tourism": "apartment", "rooms": null, "building": null, "amenity": null, "name": "Deluxe Pool Villa", "beds": null}},{"type": "Feature", "geometry": {"type":"Polygon","coordinates":[[[115.2426003,-8.474536],[115.242615,-8.474635],[115.2427156,-8.4746204],[115.2427009,-8.4745214],[115.2426003,-8.474536]]]}, "properties": {"osm_id": 594956823, "osm_type": "ways_poly", "opening_hours": null, "shop": null, "tourism": "apartment", "rooms": null, "building": null, "amenity": null, "name": "Deluxe Pool Villa", "beds": null}},{"type": "Feature", "geometry": {"type":"Polygon","coordinates":[[[115.2435967,-8.4754855],[115.2436987,-8.47552],[115.2437057,-8.4754998],[115.2437192,-8.4754606],[115.2436173,-8.4754261],[115.2435967,-8.4754855]]]}, "properties": {"osm_id": 594956861, "osm_type": "ways_poly", "opening_hours": null, "shop": null, "tourism": "apartment", "rooms": null, "building": null, "amenity": null, "name": "Deluxe Pool Villa", "beds": null}},{"type": "Feature", "geometry": {"type":"Polygon","coordinates":[[[115.2443826,-8.4761328],[115.2444564,-8.4761912],[115.244502,-8.4761347],[115.2444283,-8.4760763],[115.2443826,-8.4761328]]]}, "properties": {"osm_id": 594956896, "osm_type": "ways_poly", "opening_hours": null, "shop": null, "tourism": "apartment", "rooms": null, "building": null, "amenity": null, "name": "Deluxe Pool Villa", "beds": null}},{"type": "Feature", "geometry": {"type":"Polygon","coordinates":[[[115.2446146,-8.476166],[115.2446575,-8.4762456],[115.2447242,-8.4762104],[115.2446813,-8.4761308],[115.2446146,-8.476166]]]}, "properties": {"osm_id": 594956900, "osm_type": "ways_poly", "opening_hours": null, "shop": null, "tourism": "apartment", "rooms": null, "building": null, "amenity": null, "name": "Deluxe Pool Villa", "beds": null}},{"type": "Feature", "geometry": {"type":"Polygon","coordinates":[[[115.2447248,-8.4754763],[115.2447635,-8.4755651],[115.2448384,-8.4755331],[115.2447997,-8.4754444],[115.2447248,-8.4754763]]]}, "properties": {"osm_id": 594956942, "osm_type": "ways_poly", "opening_hours": null, "shop": null, "tourism": "apartment", "rooms": null, "building": null, "amenity": null, "name": "Deluxe Pool Villa", "beds": null}},{"type": "Feature", "geometry": {"type":"Polygon","coordinates":[[[115.2681406,-8.4742962],[115.2682529,-8.4743194],[115.2682797,-8.4741927],[115.2681674,-8.4741695],[115.2681406,-8.4742962]]]}, "properties": {"osm_id": 545152767, "osm_type": "ways_poly", "opening_hours": null, "shop": null, "tourism": "chalet", "rooms": null, "building": "yes", "amenity": null, "name": "Eat.Pray.Love", "beds": null}},{"type": "Feature", "geometry": {"type":"Polygon","coordinates":[[[115.2580595,-8.5163172],[115.2584153,-8.5163684],[115.2587236,-8.5163603],[115.2588944,-8.5163873],[115.2592035,-8.5164257],[115.2592273,-8.5163204],[115.2594346,-8.5163454],[115.2594892,-8.5162013],[115.2598533,-8.5162872],[115.2599381,-8.5160555],[115.2600106,-8.5160772],[115.2600254,-8.5160331],[115.2597431,-8.5159409],[115.2593401,-8.5158438],[115.2591235,-8.5158343],[115.2589229,-8.5158394],[115.2589054,-8.5159966],[115.2588781,-8.5159931],[115.258855,-8.516178],[115.2580882,-8.5160679],[115.2580595,-8.5163172]]]}, "properties": {"osm_id": 892157871, "osm_type": "ways_poly", "opening_hours": null, "shop": null, "tourism": "hotel", "rooms": null, "building": null, "amenity": null, "name": "Royal Kamuela Villas & Suites", "beds": null}},{"type": "Feature", "geometry": {"type":"Polygon","coordinates":[[[115.2426619,-8.4751888],[115.2427262,-8.4752723],[115.2427813,-8.4752308],[115.242717,-8.4751472],[115.2426619,-8.4751888]]]}, "properties": {"osm_id": 594956703, "osm_type": "ways_poly", "opening_hours": null, "shop": null, "tourism": "apartment", "rooms": null, "building": "yes", "amenity": null, "name": "Villa", "beds": null}},{"type": "Feature", "geometry": {"type":"Polygon","coordinates":[[[115.243537,-8.4758709],[115.2436215,-8.4759266],[115.2436618,-8.4758668],[115.2435773,-8.4758111],[115.243537,-8.4758709]]]}, "properties": {"osm_id": 594956870, "osm_type": "ways_poly", "opening_hours": null, "shop": null, "tourism": "apartment", "rooms": null, "building": "yes", "amenity": null, "name": "Villa", "beds": null}},{"type": "Feature", "geometry": {"type":"Polygon","coordinates":[[[115.2437006,-8.4759412],[115.2437851,-8.4759969],[115.2438254,-8.4759371],[115.243741,-8.4758814],[115.2437006,-8.4759412]]]}, "properties": {"osm_id": 594956873, "osm_type": "ways_poly", "opening_hours": null, "shop": null, "tourism": "apartment", "rooms": null, "building": "yes", "amenity": null, "name": "Villa", "beds": null}},{"type": "Feature", "geometry": {"type":"Polygon","coordinates":[[[115.2709628,-8.4700089],[115.2710295,-8.4700292],[115.2710532,-8.469953],[115.2710011,-8.4699372],[115.2709915,-8.4699659],[115.2709776,-8.4699614],[115.2709628,-8.4700089]]]}, "properties": {"osm_id": 873386254, "osm_type": "ways_poly", "opening_hours": null, "shop": null, "tourism": "guest_house", "rooms": null, "building": "yes", "amenity": null, "name": null, "beds": null}},{"type": "Feature", "geometry": {"type":"Polygon","coordinates":[[[115.2566054,-8.5231639],[115.2567699,-8.5231671],[115.2567752,-8.5230418],[115.2566092,-8.5230372],[115.2566054,-8.5231639]]]}, "properties": {"osm_id": 376233143, "osm_type": "ways_poly", "opening_hours": null, "shop": "gift", "tourism": null, "rooms": null, "building": "yes", "amenity": null, "name": "Tradisi Fabric & Cushions", "beds": null}},{"type": "Feature", "geometry": {"type":"Polygon","coordinates":[[[115.2614801,-8.5089676],[115.2615642,-8.5089992],[115.2615869,-8.5089401],[115.2615028,-8.5089085],[115.2614801,-8.5089676]]]}, "properties": {"osm_id": 512606028, "osm_type": "ways_poly", "opening_hours": null, "shop": "clothes", "tourism": null, "rooms": null, "building": "yes", "amenity": null, "name": "Andy Risza", "beds": null}},{"type": "Feature", "geometry": {"type":"Polygon","coordinates":[[[115.2725145,-8.5061439],[115.2727424,-8.5061877],[115.2727492,-8.5061531],[115.2727573,-8.5061122],[115.2725293,-8.5060684],[115.2725145,-8.5061439]]]}, "properties": {"osm_id": 1204737203, "osm_type": "ways_poly", "opening_hours": "Mo-Su 10:00-21:00", "shop": "massage", "tourism": null, "rooms": null, "building": "yes", "amenity": null, "name": "Амати СПА Бали", "beds": null}},{"type": "Feature", "geometry": {"type":"Polygon","coordinates":[[[115.2631771,-8.5217207],[115.2632824,-8.5217281],[115.2632846,-8.521698],[115.2631793,-8.5216905],[115.2631771,-8.5217207]]]}, "properties": {"osm_id": 512380084, "osm_type": "ways_poly", "opening_hours": "Tu-Su 11:00-19:00", "shop": "gift", "tourism": null, "rooms": null, "building": "yes", "amenity": null, "name": "Sari Api Gallery", "beds": null}},{"type": "Feature", "geometry": {"type":"Polygon","coordinates":[[[115.274075,-8.5105479],[115.2742375,-8.5105569],[115.2742435,-8.5104412],[115.2740795,-8.5104367],[115.274075,-8.5105479]]]}, "properties": {"osm_id": 664354901, "osm_type": "ways_poly", "opening_hours": null, "shop": "beauty", "tourism": null, "rooms": null, "building": "yes", "amenity": null, "name": "Burat Wangi - handmade coconut soap", "beds": null}},{"type": "Feature", "geometry": {"type":"Polygon","coordinates":[[[115.2605757,-8.5060294],[115.2606104,-8.5060439],[115.2606314,-8.5059948],[115.2605967,-8.5059803],[115.2605757,-8.5060294]]]}, "properties": {"osm_id": 704262770, "osm_type": "ways_poly", "opening_hours": null, "shop": null, "tourism": null, "rooms": null, "building": "yes", "amenity": "restaurant", "name": "Warung River View", "beds": null}},{"type": "Feature", "geometry": {"type":"Polygon","coordinates":[[[115.2653997,-8.5081349],[115.265499,-8.5081806],[115.2655452,-8.5080792],[115.2654453,-8.5080361],[115.2653997,-8.5081349]]]}, "properties": {"osm_id": 514010988, "osm_type": "ways_poly", "opening_hours": null, "shop": "convenience", "tourism": null, "rooms": null, "building": "yes", "amenity": null, "name": "Alfamart", "beds": null}},{"type": "Feature", "geometry": {"type":"Polygon","coordinates":[[[115.2636874,-8.5257705],[115.2637059,-8.5259013],[115.2638437,-8.5258823],[115.2638252,-8.5257515],[115.2636874,-8.5257705]]]}, "properties": {"osm_id": 376655395, "osm_type": "ways_poly", "opening_hours": null, "shop": "convenience", "tourism": null, "rooms": null, "building": "yes", "amenity": null, "name": "Indomaret", "beds": null}},{"type": "Feature", "geometry": {"type":"Polygon","coordinates":[[[115.2631816,-8.5218349],[115.263287,-8.5218373],[115.2632895,-8.521731],[115.2631841,-8.5217285],[115.2631816,-8.5218349]]]}, "properties": {"osm_id": 512380083, "osm_type": "ways_poly", "opening_hours": null, "shop": "convenience", "tourism": null, "rooms": null, "building": "yes", "amenity": null, "name": "Indomaret", "beds": null}},{"type": "Feature", "geometry": {"type":"Polygon","coordinates":[[[115.2440818,-8.4747073],[115.2441456,-8.4747409],[115.2441899,-8.4746587],[115.2441261,-8.4746251],[115.2440818,-8.4747073]]]}, "properties": {"osm_id": 594956727, "osm_type": "ways_poly", "opening_hours": null, "shop": null, "tourism": "apartment", "rooms": null, "building": null, "amenity": null, "name": "Deluxe Pool Villa", "beds": null}},{"type": "Feature", "geometry": {"type":"Polygon","coordinates":[[[115.2442937,-8.4744725],[115.2443575,-8.4745061],[115.2444018,-8.4744239],[115.244338,-8.4743903],[115.2442937,-8.4744725]]]}, "properties": {"osm_id": 594956729, "osm_type": "ways_poly", "opening_hours": null, "shop": null, "tourism": "apartment", "rooms": null, "building": null, "amenity": null, "name": "Deluxe Pool Villa", "beds": null}},{"type": "Feature", "geometry": {"type":"Polygon","coordinates":[[[115.2441784,-8.4745839],[115.2442422,-8.4746175],[115.2442864,-8.4745353],[115.2442226,-8.4745017],[115.2441784,-8.4745839]]]}, "properties": {"osm_id": 594956731, "osm_type": "ways_poly", "opening_hours": null, "shop": null, "tourism": "apartment", "rooms": null, "building": null, "amenity": null, "name": "Deluxe Pool Villa", "beds": null}},{"type": "Feature", "geometry": {"type":"Polygon","coordinates":[[[115.2443246,-8.4747007],[115.2443884,-8.4747343],[115.2444326,-8.474652],[115.2443688,-8.4746184],[115.2443246,-8.4747007]]]}, "properties": {"osm_id": 594956733, "osm_type": "ways_poly", "opening_hours": null, "shop": null, "tourism": "apartment", "rooms": null, "building": null, "amenity": null, "name": "Deluxe Pool Villa", "beds": null}},{"type": "Feature", "geometry": {"type":"Polygon","coordinates":[[[115.2444426,-8.4745813],[115.2445064,-8.4746149],[115.2445506,-8.4745326],[115.2444868,-8.4744991],[115.2444426,-8.4745813]]]}, "properties": {"osm_id": 594956735, "osm_type": "ways_poly", "opening_hours": null, "shop": null, "tourism": "apartment", "rooms": null, "building": null, "amenity": null, "name": "Deluxe Pool Villa", "beds": null}},{"type": "Feature", "geometry": {"type":"Polygon","coordinates":[[[115.2446853,-8.4743359],[115.2447491,-8.4743695],[115.2447934,-8.4742872],[115.2447296,-8.4742537],[115.2446853,-8.4743359]]]}, "properties": {"osm_id": 594956737, "osm_type": "ways_poly", "opening_hours": null, "shop": null, "tourism": "apartment", "rooms": null, "building": null, "amenity": null, "name": "Deluxe Pool Villa", "beds": null}},{"type": "Feature", "geometry": {"type":"Polygon","coordinates":[[[115.2444516,-8.4743801],[115.2445154,-8.4744137],[115.2445596,-8.4743315],[115.2444958,-8.4742979],[115.2444516,-8.4743801]]]}, "properties": {"osm_id": 594956742, "osm_type": "ways_poly", "opening_hours": null, "shop": null, "tourism": "apartment", "rooms": null, "building": null, "amenity": null, "name": "Deluxe Pool Villa", "beds": null}},{"type": "Feature", "geometry": {"type":"Polygon","coordinates":[[[115.2445168,-8.4742338],[115.2445932,-8.4742705],[115.2446388,-8.4741776],[115.2445624,-8.4741409],[115.2445168,-8.4742338]]]}, "properties": {"osm_id": 594956744, "osm_type": "ways_poly", "opening_hours": null, "shop": null, "tourism": "apartment", "rooms": null, "building": null, "amenity": null, "name": "Deluxe Pool Villa", "beds": null}},{"type": "Feature", "geometry": {"type":"Polygon","coordinates":[[[115.2441746,-8.4742533],[115.2442165,-8.4743221],[115.2442876,-8.4742796],[115.2442456,-8.4742109],[115.2441746,-8.4742533]]]}, "properties": {"osm_id": 594956748, "osm_type": "ways_poly", "opening_hours": null, "shop": null, "tourism": "apartment", "rooms": null, "building": null, "amenity": null, "name": "Deluxe Pool Villa", "beds": null}},{"type": "Feature", "geometry": {"type":"Polygon","coordinates":[[[115.2440606,-8.4743701],[115.2441025,-8.4744388],[115.2441736,-8.4743963],[115.2441316,-8.4743276],[115.2440606,-8.4743701]]]}, "properties": {"osm_id": 594956750, "osm_type": "ways_poly", "opening_hours": null, "shop": null, "tourism": "apartment", "rooms": null, "building": null, "amenity": null, "name": "Deluxe Pool Villa", "beds": null}},{"type": "Feature", "geometry": {"type":"Polygon","coordinates":[[[115.2439533,-8.4744828],[115.2439952,-8.4745515],[115.2440663,-8.4745091],[115.2440244,-8.4744404],[115.2439533,-8.4744828]]]}, "properties": {"osm_id": 594956752, "osm_type": "ways_poly", "opening_hours": null, "shop": null, "tourism": "apartment", "rooms": null, "building": null, "amenity": null, "name": "Deluxe Pool Villa", "beds": null}},{"type": "Feature", "geometry": {"type":"Polygon","coordinates":[[[115.2439692,-8.4742094],[115.244033,-8.4742559],[115.2440853,-8.4741855],[115.2440215,-8.4741391],[115.2439692,-8.4742094]]]}, "properties": {"osm_id": 594956756, "osm_type": "ways_poly", "opening_hours": null, "shop": null, "tourism": "apartment", "rooms": null, "building": null, "amenity": null, "name": "Deluxe Pool Villa", "beds": null}},{"type": "Feature", "geometry": {"type":"Polygon","coordinates":[[[115.2438458,-8.4743089],[115.2439096,-8.4743553],[115.2439619,-8.474285],[115.2438981,-8.4742386],[115.2438458,-8.4743089]]]}, "properties": {"osm_id": 594956758, "osm_type": "ways_poly", "opening_hours": null, "shop": null, "tourism": "apartment", "rooms": null, "building": null, "amenity": null, "name": "Deluxe Pool Villa", "beds": null}},{"type": "Feature", "geometry": {"type":"Polygon","coordinates":[[[115.2432778,-8.4746678],[115.2432856,-8.4747387],[115.2433848,-8.4747281],[115.2433771,-8.4746572],[115.2432778,-8.4746678]]]}, "properties": {"osm_id": 594956779, "osm_type": "ways_poly", "opening_hours": null, "shop": null, "tourism": "apartment", "rooms": null, "building": null, "amenity": null, "name": "Deluxe Pool Villa", "beds": null}},{"type": "Feature", "geometry": {"type":"Polygon","coordinates":[[[115.242965,-8.4747346],[115.2429731,-8.4747997],[115.2430603,-8.4747891],[115.2430522,-8.474724],[115.242965,-8.4747346]]]}, "properties": {"osm_id": 594956785, "osm_type": "ways_poly", "opening_hours": null, "shop": null, "tourism": "apartment", "rooms": null, "building": null, "amenity": null, "name": "Deluxe Pool Villa", "beds": null}},{"type": "Feature", "geometry": {"type":"Polygon","coordinates":[[[115.2424387,-8.4748455],[115.2424548,-8.4749251],[115.2425285,-8.4749105],[115.2425124,-8.4748309],[115.2424387,-8.4748455]]]}, "properties": {"osm_id": 594956799, "osm_type": "ways_poly", "opening_hours": null, "shop": null, "tourism": "apartment", "rooms": null, "building": null, "amenity": null, "name": "Deluxe Pool Villa", "beds": null}},{"type": "Feature", "geometry": {"type":"Polygon","coordinates":[[[115.242212,-8.474994],[115.2422281,-8.4750736],[115.2423019,-8.475059],[115.2422858,-8.4749794],[115.242212,-8.474994]]]}, "properties": {"osm_id": 594956803, "osm_type": "ways_poly", "opening_hours": null, "shop": null, "tourism": "apartment", "rooms": null, "building": null, "amenity": null, "name": "Deluxe Pool Villa", "beds": null}},{"type": "Feature", "geometry": {"type":"Polygon","coordinates":[[[115.2422865,-8.4745678],[115.2422991,-8.4746527],[115.2423997,-8.4746381],[115.2423871,-8.4745532],[115.2422865,-8.4745678]]]}, "properties": {"osm_id": 594956817, "osm_type": "ways_poly", "opening_hours": null, "shop": null, "tourism": "apartment", "rooms": null, "building": null, "amenity": null, "name": "Deluxe Pool Villa", "beds": null}},{"type": "Feature", "geometry": {"type":"Polygon","coordinates":[[[115.2424434,-8.4745386],[115.2424581,-8.4746377],[115.2425587,-8.4746231],[115.242544,-8.474524],[115.2424434,-8.4745386]]]}, "properties": {"osm_id": 594956820, "osm_type": "ways_poly", "opening_hours": null, "shop": null, "tourism": "apartment", "rooms": null, "building": null, "amenity": null, "name": "Deluxe Pool Villa", "beds": null}},{"type": "Feature", "geometry": {"type":"Polygon","coordinates":[[[115.2427613,-8.4745307],[115.2427759,-8.4746297],[115.2428765,-8.4746151],[115.2428618,-8.4745161],[115.2427613,-8.4745307]]]}, "properties": {"osm_id": 594956825, "osm_type": "ways_poly", "opening_hours": null, "shop": null, "tourism": "apartment", "rooms": null, "building": null, "amenity": null, "name": "Deluxe Pool Villa", "beds": null}},{"type": "Feature", "geometry": {"type":"Polygon","coordinates":[[[115.2430684,-8.4744962],[115.2430831,-8.4745952],[115.2431836,-8.4745806],[115.243169,-8.4744816],[115.2430684,-8.4744962]]]}, "properties": {"osm_id": 594956831, "osm_type": "ways_poly", "opening_hours": null, "shop": null, "tourism": "apartment", "rooms": null, "building": null, "amenity": null, "name": "Deluxe Pool Villa", "beds": null}},{"type": "Feature", "geometry": {"type":"Polygon","coordinates":[[[115.243683,-8.4752618],[115.2437849,-8.4752963],[115.2438055,-8.4752369],[115.2437036,-8.4752025],[115.243683,-8.4752618]]]}, "properties": {"osm_id": 594956845, "osm_type": "ways_poly", "opening_hours": null, "shop": null, "tourism": "apartment", "rooms": null, "building": null, "amenity": null, "name": "Deluxe Pool Villa", "beds": null}},{"type": "Feature", "geometry": {"type":"Polygon","coordinates":[[[115.2438319,-8.4752751],[115.2439338,-8.4753096],[115.2439543,-8.4752502],[115.2438524,-8.4752157],[115.2438319,-8.4752751]]]}, "properties": {"osm_id": 594956848, "osm_type": "ways_poly", "opening_hours": null, "shop": null, "tourism": "apartment", "rooms": null, "building": null, "amenity": null, "name": "Deluxe Pool Villa", "beds": null}},{"type": "Feature", "geometry": {"type":"Polygon","coordinates":[[[115.243974,-8.4753149],[115.244076,-8.4753494],[115.2440965,-8.47529],[115.2439946,-8.4752555],[115.243974,-8.4753149]]]}, "properties": {"osm_id": 594956852, "osm_type": "ways_poly", "opening_hours": null, "shop": null, "tourism": "apartment", "rooms": null, "building": null, "amenity": null, "name": "Deluxe Pool Villa", "beds": null}},{"type": "Feature", "geometry": {"type":"Polygon","coordinates":[[[115.243911,-8.4755404],[115.2440129,-8.4755749],[115.2440335,-8.4755155],[115.2439315,-8.475481],[115.243911,-8.4755404]]]}, "properties": {"osm_id": 594956855, "osm_type": "ways_poly", "opening_hours": null, "shop": null, "tourism": "apartment", "rooms": null, "building": null, "amenity": null, "name": "Deluxe Pool Villa", "beds": null}},{"type": "Feature", "geometry": {"type":"Polygon","coordinates":[[[115.243478,-8.4756242],[115.2435625,-8.4756799],[115.2436028,-8.4756201],[115.2435183,-8.4755643],[115.243478,-8.4756242]]]}, "properties": {"osm_id": 594956864, "osm_type": "ways_poly", "opening_hours": null, "shop": null, "tourism": "apartment", "rooms": null, "building": null, "amenity": null, "name": "Deluxe Pool Villa", "beds": null}},{"type": "Feature", "geometry": {"type":"Polygon","coordinates":[[[115.2435951,-8.4756852],[115.2436796,-8.4757409],[115.24372,-8.475681],[115.2436355,-8.4756253],[115.2435951,-8.4756852]]]}, "properties": {"osm_id": 594956877, "osm_type": "ways_poly", "opening_hours": null, "shop": null, "tourism": "apartment", "rooms": null, "building": null, "amenity": null, "name": "Deluxe Pool Villa", "beds": null}},{"type": "Feature", "geometry": {"type":"Polygon","coordinates":[[[115.2439012,-8.475768],[115.2439857,-8.4758237],[115.2440189,-8.4757745],[115.2439344,-8.4757187],[115.2439012,-8.475768]]]}, "properties": {"osm_id": 594956883, "osm_type": "ways_poly", "opening_hours": null, "shop": null, "tourism": "apartment", "rooms": null, "building": null, "amenity": null, "name": "Deluxe Pool Villa", "beds": null}},{"type": "Feature", "geometry": {"type":"Polygon","coordinates":[[[115.244219,-8.4758317],[115.2442887,-8.4758848],[115.2443307,-8.4758308],[115.244261,-8.4757777],[115.244219,-8.4758317]]]}, "properties": {"osm_id": 594956890, "osm_type": "ways_poly", "opening_hours": null, "shop": null, "tourism": "apartment", "rooms": null, "building": null, "amenity": null, "name": "Deluxe Pool Villa", "beds": null}},{"type": "Feature", "geometry": {"type":"Polygon","coordinates":[[[115.2445596,-8.4760373],[115.2445999,-8.4761103],[115.2446686,-8.4760732],[115.2446283,-8.4760002],[115.2445596,-8.4760373]]]}, "properties": {"osm_id": 594956903, "osm_type": "ways_poly", "opening_hours": null, "shop": null, "tourism": "apartment", "rooms": null, "building": null, "amenity": null, "name": "Deluxe Pool Villa", "beds": null}},{"type": "Feature", "geometry": {"type":"Polygon","coordinates":[[[115.2444136,-8.4756222],[115.2445075,-8.475662],[115.244534,-8.4756008],[115.2444401,-8.475561],[115.2444136,-8.4756222]]]}, "properties": {"osm_id": 594956914, "osm_type": "ways_poly", "opening_hours": null, "shop": null, "tourism": "apartment", "rooms": null, "building": null, "amenity": null, "name": "Deluxe Pool Villa", "beds": null}},{"type": "Feature", "geometry": {"type":"Polygon","coordinates":[[[115.2442633,-8.4755757],[115.2443571,-8.4756155],[115.2443836,-8.4755543],[115.2442898,-8.4755145],[115.2442633,-8.4755757]]]}, "properties": {"osm_id": 594956917, "osm_type": "ways_poly", "opening_hours": null, "shop": null, "tourism": "apartment", "rooms": null, "building": null, "amenity": null, "name": "Deluxe Pool Villa", "beds": null}},{"type": "Feature", "geometry": {"type":"Polygon","coordinates":[[[115.2444202,-8.4753807],[115.2445047,-8.4754059],[115.2445284,-8.4753282],[115.2444439,-8.475303],[115.2444202,-8.4753807]]]}, "properties": {"osm_id": 594956921, "osm_type": "ways_poly", "opening_hours": null, "shop": null, "tourism": "apartment", "rooms": null, "building": null, "amenity": null, "name": "Deluxe Pool Villa", "beds": null}},{"type": "Feature", "geometry": {"type":"Polygon","coordinates":[[[115.244565,-8.4754178],[115.2446522,-8.4754537],[115.2446827,-8.475381],[115.2445955,-8.4753452],[115.244565,-8.4754178]]]}, "properties": {"osm_id": 594956924, "osm_type": "ways_poly", "opening_hours": null, "shop": null, "tourism": "apartment", "rooms": null, "building": null, "amenity": null, "name": "Deluxe Pool Villa", "beds": null}},{"type": "Feature", "geometry": {"type":"Polygon","coordinates":[[[115.244789,-8.47578],[115.2448238,-8.4758715],[115.2448846,-8.4758488],[115.2448497,-8.4757573],[115.244789,-8.47578]]]}, "properties": {"osm_id": 594956929, "osm_type": "ways_poly", "opening_hours": null, "shop": null, "tourism": "apartment", "rooms": null, "building": null, "amenity": null, "name": "Deluxe Pool Villa", "beds": null}},{"type": "Feature", "geometry": {"type":"Polygon","coordinates":[[[115.2671383,-8.4768273],[115.2672485,-8.4768925],[115.2673335,-8.4767518],[115.2672233,-8.4766866],[115.2671383,-8.4768273]]]}, "properties": {"osm_id": 545152778, "osm_type": "ways_poly", "opening_hours": "Mo-Su 10:00-18:00", "shop": "jewelry", "tourism": null, "rooms": null, "building": "yes", "amenity": null, "name": "Sari Api Ceramic Studio", "beds": null}},{"type": "Feature", "geometry": {"type":"Polygon","coordinates":[[[115.2684495,-8.4794669],[115.2685621,-8.4794905],[115.2685841,-8.4793876],[115.2684716,-8.479364],[115.2684495,-8.4794669]]]}, "properties": {"osm_id": 1256735111, "osm_type": "ways_poly", "opening_hours": "Mo-Su 11:00-22:00", "shop": null, "tourism": null, "rooms": null, "building": "yes", "amenity": "restaurant", "name": "Warung D’Carik", "beds": null}},{"type": "Feature", "geometry": {"type":"Polygon","coordinates":[[[115.2425454,-8.4750369],[115.2425857,-8.4751456],[115.2426472,-8.4751234],[115.242607,-8.4750146],[115.2425454,-8.4750369]]]}, "properties": {"osm_id": 594956701, "osm_type": "ways_poly", "opening_hours": null, "shop": null, "tourism": "apartment", "rooms": null, "building": "yes", "amenity": null, "name": "Villa", "beds": null}},{"type": "Feature", "geometry": {"type":"Polygon","coordinates":[[[115.2428057,-8.475303],[115.2428862,-8.4753813],[115.2429329,-8.4753343],[115.2428524,-8.475256],[115.2428057,-8.475303]]]}, "properties": {"osm_id": 594956705, "osm_type": "ways_poly", "opening_hours": null, "shop": null, "tourism": "apartment", "rooms": null, "building": "yes", "amenity": null, "name": "Villa", "beds": null}},{"type": "Feature", "geometry": {"type":"Polygon","coordinates":[[[115.244038,-8.4759546],[115.2441493,-8.4760169],[115.2441855,-8.4759537],[115.2440742,-8.4758914],[115.244038,-8.4759546]]]}, "properties": {"osm_id": 594956886, "osm_type": "ways_poly", "opening_hours": null, "shop": null, "tourism": "apartment", "rooms": null, "building": "yes", "amenity": null, "name": "Villa", "beds": null}},{"type": "Feature", "geometry": {"type":"Polygon","coordinates":[[[115.2575525,-8.4712094],[115.2578348,-8.4713236],[115.2581106,-8.4714346],[115.2583159,-8.4709681],[115.2580954,-8.470823],[115.2580032,-8.4708175],[115.2579278,-8.4708699],[115.2577353,-8.4711174],[115.257575,-8.4711111],[115.2575525,-8.4712094]]]}, "properties": {"osm_id": 519464575, "osm_type": "ways_poly", "opening_hours": null, "shop": null, "tourism": "hotel", "rooms": null, "building": null, "amenity": null, "name": "Puri Sebali Resort", "beds": null}},{"type": "Feature", "geometry": {"type":"Polygon","coordinates":[[[115.2536673,-8.4909866],[115.2538299,-8.4910254],[115.2538445,-8.4909386],[115.2536804,-8.4909028],[115.2536673,-8.4909866]]]}, "properties": {"osm_id": 1127529753, "osm_type": "ways_poly", "opening_hours": "Mo-So 10:00-18:00", "shop": "massage", "tourism": null, "rooms": null, "building": "retail", "amenity": null, "name": "Skin Organic Spa & Waxing Salon (Sanggingan)", "beds": null}},{"type": "Feature", "geometry": {"type":"Polygon","coordinates":[[[115.2397732,-8.5210362],[115.2406403,-8.5211107],[115.240612,-8.5205422],[115.2403669,-8.5201227],[115.2399381,-8.5200668],[115.2399287,-8.5204536],[115.2398109,-8.5204536],[115.2397732,-8.5210362]]]}, "properties": {"osm_id": 554783106, "osm_type": "ways_poly", "opening_hours": null, "shop": null, "tourism": null, "rooms": null, "building": null, "amenity": "marketplace", "name": "sayan market", "beds": null}},{"type": "Feature", "geometry": {"type":"Polygon","coordinates":[[[115.266225,-8.5397627],[115.2664237,-8.5397669],[115.2664265,-8.5396358],[115.2662279,-8.5396316],[115.266225,-8.5397627]]]}, "properties": {"osm_id": 595905886, "osm_type": "ways_poly", "opening_hours": null, "shop": null, "tourism": "hotel", "rooms": null, "building": "yes", "amenity": null, "name": "NYC Loft Ubud", "beds": null}},{"type": "Feature", "geometry": {"type":"Polygon","coordinates":[[[115.2703234,-8.4734401],[115.2703565,-8.4735938],[115.2704567,-8.4735726],[115.2704236,-8.4734189],[115.2703234,-8.4734401]]]}, "properties": {"osm_id": 545153350, "osm_type": "ways_poly", "opening_hours": null, "shop": "hardware", "tourism": null, "rooms": null, "building": "yes", "amenity": null, "name": null, "beds": null}},{"type": "Feature", "geometry": {"type":"Polygon","coordinates":[[[115.2920291,-8.5129858],[115.2925017,-8.5129902],[115.2925017,-8.5127918],[115.2920335,-8.5128006],[115.2920291,-8.5129858]]]}, "properties": {"osm_id": 423694259, "osm_type": "ways_poly", "opening_hours": null, "shop": null, "tourism": null, "rooms": null, "building": "yes", "amenity": "marketplace", "name": null, "beds": null}},{"type": "Feature", "geometry": {"type":"Polygon","coordinates":[[[115.2459095,-8.5153706],[115.2459732,-8.5153716],[115.2459732,-8.5153251],[115.2459105,-8.5153241],[115.2459095,-8.5153706]]]}, "properties": {"osm_id": 557203712, "osm_type": "ways_poly", "opening_hours": null, "shop": null, "tourism": "chalet", "rooms": null, "building": "yes", "amenity": null, "name": "Carik Mas", "beds": null}},{"type": "Feature", "geometry": {"type":"Polygon","coordinates":[[[115.2642217,-8.5057341],[115.264259,-8.5057633],[115.264225,-8.5058058],[115.2643018,-8.5058659],[115.2643453,-8.5058116],[115.2644204,-8.5057712],[115.2642799,-8.5056613],[115.2642217,-8.5057341]]]}, "properties": {"osm_id": 705065779, "osm_type": "ways_poly", "opening_hours": "Mo-Su 11:00-18:00", "shop": null, "tourism": null, "rooms": null, "building": "yes", "amenity": "restaurant", "name": "Warung Babi Guling Ibu Oka", "beds": null}},{"type": "Feature", "geometry": {"type":"Polygon","coordinates":[[[115.2617552,-8.49102],[115.2618145,-8.4910356],[115.2618275,-8.4909873],[115.2617682,-8.4909717],[115.2617552,-8.49102]]]}, "properties": {"osm_id": 663328212, "osm_type": "ways_poly", "opening_hours": null, "shop": null, "tourism": null, "rooms": null, "building": "yes", "amenity": "cafe", "name": "Mami", "beds": null}},{"type": "Feature", "geometry": {"type":"Polygon","coordinates":[[[115.2624577,-8.506783],[115.2628497,-8.506934],[115.2629564,-8.5066634],[115.2625644,-8.5065123],[115.2624577,-8.506783]]]}, "properties": {"osm_id": 284575978, "osm_type": "ways_poly", "opening_hours": "09:00-18:00,09:00-19:00", "shop": null, "tourism": "attraction", "rooms": null, "building": null, "amenity": null, "name": "Puri Saren Agung", "beds": null}},{"type": "Feature", "geometry": {"type":"Polygon","coordinates":[[[115.2568762,-8.5237584],[115.2570256,-8.5237608],[115.2570274,-8.5236523],[115.256878,-8.5236499],[115.2568762,-8.5237584]]]}, "properties": {"osm_id": 376235891, "osm_type": "ways_poly", "opening_hours": null, "shop": null, "tourism": null, "rooms": null, "building": "yes", "amenity": "restaurant", "name": "Tulsi", "beds": null}},{"type": "Feature", "geometry": {"type":"Polygon","coordinates":[[[115.2557565,-8.5274948],[115.2558509,-8.5275257],[115.2558866,-8.5274191],[115.2557922,-8.5273881],[115.2557565,-8.5274948]]]}, "properties": {"osm_id": 376235901, "osm_type": "ways_poly", "opening_hours": null, "shop": null, "tourism": null, "rooms": null, "building": "yes", "amenity": "restaurant", "name": "Sage", "beds": null}},{"type": "Feature", "geometry": {"type":"Polygon","coordinates":[[[115.2518018,-8.5021016],[115.2518128,-8.50222],[115.2518303,-8.502233],[115.2518957,-8.5022271],[115.2518791,-8.502098],[115.2518018,-8.5021016]]]}, "properties": {"osm_id": 703243960, "osm_type": "ways_poly", "opening_hours": null, "shop": null, "tourism": null, "rooms": null, "building": "yes", "amenity": "restaurant", "name": "Yellow Flower Cafe", "beds": null}},{"type": "Feature", "geometry": {"type":"Polygon","coordinates":[[[115.2699928,-8.4901218],[115.2700142,-8.4902746],[115.2700171,-8.4902782],[115.2701015,-8.4902619],[115.2700744,-8.4901094],[115.2699928,-8.4901218]]]}, "properties": {"osm_id": 346295423, "osm_type": "ways_poly", "opening_hours": "08:00-22:00", "shop": null, "tourism": null, "rooms": null, "building": "yes", "amenity": "restaurant", "name": "AA Juicery & Cafe", "beds": null}},{"type": "Feature", "geometry": {"type":"Polygon","coordinates":[[[115.2559936,-8.4944546],[115.2560798,-8.4944833],[115.2561182,-8.4943701],[115.256032,-8.4943415],[115.2559936,-8.4944546]]]}, "properties": {"osm_id": 1268120093, "osm_type": "ways_poly", "opening_hours": null, "shop": null, "tourism": null, "rooms": null, "building": "yes", "amenity": "restaurant", "name": "Mamoo", "beds": null}},{"type": "Feature", "geometry": {"type":"Polygon","coordinates":[[[115.2616467,-8.4920001],[115.2616818,-8.492009],[115.261696,-8.4919536],[115.2616609,-8.4919447],[115.2616467,-8.4920001]]]}, "properties": {"osm_id": 704275007, "osm_type": "ways_poly", "opening_hours": null, "shop": "art", "tourism": null, "rooms": null, "building": "yes", "amenity": null, "name": "Gusti’s Balinese Painting", "beds": null}},{"type": "Feature", "geometry": {"type":"Polygon","coordinates":[[[115.2584907,-8.4995346],[115.2585672,-8.4995593],[115.2585826,-8.4995126],[115.2585061,-8.4994879],[115.2584907,-8.4995346]]]}, "properties": {"osm_id": 663326132, "osm_type": "ways_poly", "opening_hours": "07:30-21:00", "shop": null, "tourism": null, "rooms": null, "building": "yes", "amenity": "restaurant", "name": "Dragonfly Cafe", "beds": null}},{"type": "Feature", "geometry": {"type":"Polygon","coordinates":[[[115.2612252,-8.5062688],[115.2613132,-8.5063018],[115.2613482,-8.5062107],[115.2613562,-8.5061898],[115.2612681,-8.5061568],[115.2612572,-8.5061854],[115.2612252,-8.5062688]]]}, "properties": {"osm_id": 445459695, "osm_type": "ways_poly", "opening_hours": "Mo-Su 08:00-23:00", "shop": null, "tourism": null, "rooms": null, "building": "yes", "amenity": "restaurant", "name": "Cafe Lotus", "beds": null}},{"type": "Feature", "geometry": {"type":"Polygon","coordinates":[[[115.2568546,-8.5107134],[115.2568979,-8.5108572],[115.2573032,-8.5107443],[115.2575628,-8.5107575],[115.2575734,-8.5105895],[115.2572888,-8.5105813],[115.2568546,-8.5107134]]]}, "properties": {"osm_id": 1287583408, "osm_type": "ways_poly", "opening_hours": null, "shop": null, "tourism": "hotel", "rooms": null, "building": null, "amenity": null, "name": "Arimba at Bisma", "beds": null}},{"type": "Feature", "geometry": {"type":"Polygon","coordinates":[[[115.2617348,-8.4999406],[115.2617409,-8.5000116],[115.2617784,-8.5000084],[115.2617723,-8.4999374],[115.2617348,-8.4999406]]]}, "properties": {"osm_id": 1293015386, "osm_type": "ways_poly", "opening_hours": null, "shop": null, "tourism": null, "rooms": null, "building": "yes", "amenity": "restaurant", "name": "Brick Warung", "beds": null}},{"type": "Feature", "geometry": {"type":"Polygon","coordinates":[[[115.2636693,-8.5181012],[115.2639691,-8.5181572],[115.2640085,-8.517951],[115.2637087,-8.5178949],[115.2636693,-8.5181012]]]}, "properties": {"osm_id": 371348349, "osm_type": "ways_poly", "opening_hours": null, "shop": "supermarket", "tourism": null, "rooms": null, "building": "yes", "amenity": null, "name": "Coco Supermarket", "beds": null}},{"type": "Feature", "geometry": {"type":"Polygon","coordinates":[[[115.2624859,-8.5070962],[115.2631097,-8.5073702],[115.2631599,-8.5072585],[115.2630575,-8.5072135],[115.2630816,-8.5071599],[115.2628906,-8.507076],[115.2628654,-8.507132],[115.262535,-8.5069869],[115.2624859,-8.5070962]]]}, "properties": {"osm_id": 1257036779, "osm_type": "ways_poly", "opening_hours": null, "shop": "gift", "tourism": null, "rooms": null, "building": "yes", "amenity": null, "name": null, "beds": null}},{"type": "Feature", "geometry": {"type":"Polygon","coordinates":[[[115.2573028,-8.5283412],[115.2573088,-8.5283951],[115.2573825,-8.5283871],[115.2573766,-8.5283333],[115.2573028,-8.5283412]]]}, "properties": {"osm_id": 777471024, "osm_type": "ways_poly", "opening_hours": null, "shop": null, "tourism": "guest_house", "rooms": null, "building": "bungalow", "amenity": null, "name": "Villa Viktoria", "beds": null}},{"type": "Feature", "geometry": {"type":"Polygon","coordinates":[[[115.2612777,-8.5074134],[115.2613139,-8.5074227],[115.2613261,-8.5073762],[115.2612899,-8.5073669],[115.2612777,-8.5074134]]]}, "properties": {"osm_id": 1067595749, "osm_type": "ways_poly", "opening_hours": null, "shop": null, "tourism": null, "rooms": null, "building": "yes", "amenity": "cafe", "name": "Double Dragon", "beds": null}},{"type": "Feature", "geometry": {"type":"Polygon","coordinates":[[[115.2475924,-8.5153132],[115.2477537,-8.515317],[115.2477571,-8.5151798],[115.2475957,-8.515176],[115.2475924,-8.5153132]]]}, "properties": {"osm_id": 1149615934, "osm_type": "ways_poly", "opening_hours": null, "shop": null, "tourism": "chalet", "rooms": null, "building": "yes", "amenity": null, "name": null, "beds": null}},{"type": "Feature", "geometry": {"type":"Polygon","coordinates":[[[115.2744193,-8.4715976],[115.2745186,-8.4717873],[115.2746715,-8.4717767],[115.2749303,-8.4717515],[115.2749518,-8.4717475],[115.2749585,-8.4715618],[115.2749062,-8.4715353],[115.274713,-8.4715618],[115.2745293,-8.4715844],[115.2744193,-8.4715976]]]}, "properties": {"osm_id": 1095862547, "osm_type": "ways_poly", "opening_hours": null, "shop": null, "tourism": "hotel", "rooms": null, "building": null, "amenity": null, "name": null, "beds": null}},{"type": "Feature", "geometry": {"type":"Polygon","coordinates":[[[115.2749383,-8.4726402],[115.275047,-8.4727623],[115.2750917,-8.4728428],[115.2751516,-8.4729506],[115.2759039,-8.4728578],[115.276317,-8.4728153],[115.2762419,-8.4727437],[115.2761883,-8.4727198],[115.2761856,-8.4726508],[115.2761936,-8.4725978],[115.276207,-8.4725447],[115.2761936,-8.4724784],[115.2761641,-8.4724572],[115.2761292,-8.4724227],[115.2760085,-8.4724678],[115.2758275,-8.4725089],[115.2756679,-8.4725341],[115.2753219,-8.4725792],[115.2750269,-8.4726164],[115.2749383,-8.4726402]]]}, "properties": {"osm_id": 1095862555, "osm_type": "ways_poly", "opening_hours": null, "shop": null, "tourism": "hotel", "rooms": null, "building": null, "amenity": null, "name": null, "beds": null}},{"type": "Feature", "geometry": {"type":"Polygon","coordinates":[[[115.2703625,-8.4705378],[115.2709204,-8.4707885],[115.2710183,-8.4704449],[115.2704296,-8.4702844],[115.2703625,-8.4705378]]]}, "properties": {"osm_id": 1095862557, "osm_type": "ways_poly", "opening_hours": null, "shop": null, "tourism": "guest_house", "rooms": null, "building": null, "amenity": null, "name": null, "beds": null}},{"type": "Feature", "geometry": {"type":"Polygon","coordinates":[[[115.2740546,-8.4726588],[115.2740975,-8.4727676],[115.2741632,-8.472932],[115.2744341,-8.4728869],[115.2744904,-8.4728591],[115.2744482,-8.4727158],[115.2744059,-8.4725752],[115.2741404,-8.4725819],[115.2740952,-8.4725721],[115.2740546,-8.4726588]]]}, "properties": {"osm_id": 1095862563, "osm_type": "ways_poly", "opening_hours": null, "shop": null, "tourism": "hotel", "rooms": null, "building": null, "amenity": null, "name": null, "beds": null}},{"type": "Feature", "geometry": {"type":"Polygon","coordinates":[[[115.2702847,-8.4713854],[115.2705288,-8.4714676],[115.2705865,-8.4713575],[115.2703209,-8.4712488],[115.2702847,-8.4713854]]]}, "properties": {"osm_id": 1095862564, "osm_type": "ways_poly", "opening_hours": null, "shop": null, "tourism": "hotel", "rooms": null, "building": null, "amenity": null, "name": null, "beds": null}},{"type": "Feature", "geometry": {"type":"Polygon","coordinates":[[[115.2744126,-8.4700151],[115.2744234,-8.470177],[115.2744824,-8.4701703],[115.2746057,-8.4701783],[115.2746071,-8.4702897],[115.2746131,-8.4703143],[115.2749571,-8.4703216],[115.2751771,-8.4702897],[115.2752052,-8.4702897],[115.2753206,-8.4702552],[115.2752957,-8.4701425],[115.2752334,-8.4700098],[115.2752066,-8.4699833],[115.2751591,-8.4699858],[115.2751046,-8.4699886],[115.2750953,-8.4700709],[115.2750014,-8.4700669],[115.2749987,-8.4701226],[115.2748016,-8.4701279],[115.274768,-8.4701305],[115.2747627,-8.4700655],[115.2747224,-8.4700576],[115.2747117,-8.4699992],[115.2745575,-8.4700005],[115.2744126,-8.4700151]]]}, "properties": {"osm_id": 1095862575, "osm_type": "ways_poly", "opening_hours": null, "shop": null, "tourism": "hotel", "rooms": null, "building": null, "amenity": null, "name": null, "beds": null}},{"type": "Feature", "geometry": {"type":"Polygon","coordinates":[[[115.2738094,-8.471154],[115.2738819,-8.4712992],[115.2739456,-8.471378],[115.2741066,-8.47142],[115.2742978,-8.4713885],[115.2742712,-8.4712257],[115.2742358,-8.4710699],[115.2738094,-8.471154]]]}, "properties": {"osm_id": 873501587, "osm_type": "ways_poly", "opening_hours": null, "shop": null, "tourism": "guest_house", "rooms": null, "building": "yes", "amenity": null, "name": null, "beds": null}},{"type": "Feature", "geometry": {"type":"Polygon","coordinates":[[[115.2611615,-8.4973888],[115.2612208,-8.4976408],[115.2619851,-8.4975925],[115.2621434,-8.4976089],[115.2621534,-8.4974885],[115.2611615,-8.4973888]]]}, "properties": {"osm_id": 484553419, "osm_type": "ways_poly", "opening_hours": null, "shop": null, "tourism": "hotel", "rooms": "8", "building": null, "amenity": null, "name": "Masia villa Ubud", "beds": null}},{"type": "Feature", "geometry": {"type":"Polygon","coordinates":[[[115.2581092,-8.4986644],[115.25811,-8.4986887],[115.2581187,-8.4987114],[115.2581344,-8.4987302],[115.2581555,-8.4987428],[115.2581795,-8.498748],[115.258204,-8.4987452],[115.2582262,-8.4987348],[115.2582437,-8.4987177],[115.2582547,-8.4986959],[115.258258,-8.4986718],[115.2582532,-8.4986479],[115.2582407,-8.4986269],[115.2582221,-8.498611],[115.2581993,-8.498602],[115.2581747,-8.4986008],[115.2581511,-8.4986075],[115.2581309,-8.4986214],[115.2581164,-8.4986411],[115.2581092,-8.4986644]]]}, "properties": {"osm_id": 663326134, "osm_type": "ways_poly", "opening_hours": null, "shop": null, "tourism": null, "rooms": null, "building": "yes", "amenity": "restaurant", "name": "Cafe Pomegranate", "beds": null}},{"type": "Feature", "geometry": {"type":"Polygon","coordinates":[[[115.2585502,-8.497502],[115.2586305,-8.4975226],[115.2586411,-8.4974822],[115.2585608,-8.4974616],[115.2585502,-8.497502]]]}, "properties": {"osm_id": 654615781, "osm_type": "ways_poly", "opening_hours": null, "shop": null, "tourism": null, "rooms": null, "building": "yes", "amenity": "restaurant", "name": "Warung Bodag Maliah", "beds": null}},{"type": "Feature", "geometry": {"type":"Polygon","coordinates":[[[115.2780316,-8.5132152],[115.2780652,-8.5133183],[115.2782764,-8.5132509],[115.2782427,-8.5131478],[115.2780316,-8.5132152]]]}, "properties": {"osm_id": 242988052, "osm_type": "ways_poly", "opening_hours": null, "shop": null, "tourism": null, "rooms": null, "building": "yes", "amenity": "restaurant", "name": "Mayasari Restaurant", "beds": null}},{"type": "Feature", "geometry": {"type":"Polygon","coordinates":[[[115.2444411,-8.4886263],[115.2446865,-8.4886378],[115.2446827,-8.4887168],[115.2446763,-8.4888507],[115.2447997,-8.4888564],[115.2450146,-8.4888665],[115.245021,-8.4887326],[115.2448061,-8.4887226],[115.2448099,-8.4886436],[115.2448171,-8.4884925],[115.2444483,-8.4884753],[115.2444411,-8.4886263]]]}, "properties": {"osm_id": 598491172, "osm_type": "ways_poly", "opening_hours": null, "shop": null, "tourism": "hotel", "rooms": null, "building": "yes", "amenity": null, "name": "Amandari", "beds": null}},{"type": "Feature", "geometry": {"type":"Polygon","coordinates":[[[115.24539,-8.4834842],[115.2455073,-8.483534],[115.2455333,-8.483474],[115.2454159,-8.4834243],[115.24539,-8.4834842]]]}, "properties": {"osm_id": 598599407, "osm_type": "ways_poly", "opening_hours": null, "shop": null, "tourism": "hotel", "rooms": null, "building": "yes", "amenity": null, "name": "Black Penny Villas Ubud", "beds": null}},{"type": "Feature", "geometry": {"type":"Polygon","coordinates":[[[115.2496345,-8.5138526],[115.2497387,-8.5140898],[115.2497887,-8.5143695],[115.2502283,-8.5143025],[115.2503121,-8.5142897],[115.2502969,-8.5139836],[115.2502812,-8.5138869],[115.2500196,-8.5139246],[115.2499756,-8.5137471],[115.2499385,-8.5137513],[115.249828,-8.5137537],[115.2497809,-8.5137694],[115.2496345,-8.5138526]]]}, "properties": {"osm_id": 97059276, "osm_type": "ways_poly", "opening_hours": null, "shop": null, "tourism": "hotel", "rooms": null, "building": null, "amenity": null, "name": "Nefatari Exclusive Villas", "beds": null}},{"type": "Feature", "geometry": {"type":"Polygon","coordinates":[[[115.2647385,-8.5021568],[115.2649575,-8.5022112],[115.2649999,-8.5020443],[115.2647809,-8.5019899],[115.2647385,-8.5021568]]]}, "properties": {"osm_id": 563855092, "osm_type": "ways_poly", "opening_hours": null, "shop": null, "tourism": null, "rooms": null, "building": "roof", "amenity": "restaurant", "name": "9 Angels Vegeterian Buffet", "beds": null}},{"type": "Feature", "geometry": {"type":"Polygon","coordinates":[[[115.2475888,-8.515476],[115.247754,-8.5154793],[115.2477569,-8.5153425],[115.2475916,-8.5153391],[115.2475888,-8.515476]]]}, "properties": {"osm_id": 1149615933, "osm_type": "ways_poly", "opening_hours": null, "shop": null, "tourism": "chalet", "rooms": null, "building": "yes", "amenity": null, "name": null, "beds": null}},{"type": "Feature", "geometry": {"type":"Polygon","coordinates":[[[115.2620159,-8.5188565],[115.2622025,-8.5189065],[115.2623165,-8.5184569],[115.2622073,-8.5184405],[115.262139,-8.5187829],[115.2620343,-8.5187654],[115.2620159,-8.5188565]]]}, "properties": {"osm_id": 724677216, "osm_type": "ways_poly", "opening_hours": null, "shop": null, "tourism": "hotel", "rooms": null, "building": "yes", "amenity": null, "name": "Anumana Hotel", "beds": null}},{"type": "Feature", "geometry": {"type":"Polygon","coordinates":[[[115.2515657,-8.5065128],[115.2515818,-8.5066919],[115.2516998,-8.5066819],[115.251703,-8.5067326],[115.2516445,-8.5067381],[115.2516509,-8.5068169],[115.2518044,-8.5068059],[115.2517763,-8.5064916],[115.2515657,-8.5065128]]]}, "properties": {"osm_id": 1171098809, "osm_type": "ways_poly", "opening_hours": "24/7", "shop": null, "tourism": null, "rooms": null, "building": "yes", "amenity": null, "name": "Outpost Cowork Penestanan", "beds": null}},{"type": "Feature", "geometry": {"type":"Polygon","coordinates":[[[115.2616567,-8.4995774],[115.2616722,-8.4996267],[115.2616928,-8.4996204],[115.2616773,-8.499571],[115.2616567,-8.4995774]]]}, "properties": {"osm_id": 661667178, "osm_type": "ways_poly", "opening_hours": null, "shop": "general", "tourism": null, "rooms": null, "building": "hut", "amenity": null, "name": "Nyoman coconut and oil", "beds": null}},{"type": "Feature", "geometry": {"type":"Polygon","coordinates":[[[115.2582535,-8.5062208],[115.2591268,-8.5063086],[115.2591432,-8.5060938],[115.2582839,-8.5059991],[115.2582535,-8.5062208]]]}, "properties": {"osm_id": 705743549, "osm_type": "ways_poly", "opening_hours": null, "shop": null, "tourism": "hotel", "rooms": null, "building": null, "amenity": null, "name": "Meruhdani Boutique Hotel Ubud", "beds": null}},{"type": "Feature", "geometry": {"type":"Polygon","coordinates":[[[115.2653171,-8.5103149],[115.2654549,-8.5103448],[115.2654658,-8.5102958],[115.2654033,-8.5102823],[115.2654374,-8.5101287],[115.2653621,-8.5101124],[115.2653171,-8.5103149]]]}, "properties": {"osm_id": 1067595196, "osm_type": "ways_poly", "opening_hours": null, "shop": null, "tourism": "guest_house", "rooms": null, "building": "apartments", "amenity": null, "name": "Buana Ubud Inn", "beds": null}},{"type": "Feature", "geometry": {"type":"Polygon","coordinates":[[[115.2669699,-8.5088658],[115.267021,-8.5088774],[115.2670396,-8.5087976],[115.2669885,-8.5087859],[115.2669699,-8.5088658]]]}, "properties": {"osm_id": 874107678, "osm_type": "ways_poly", "opening_hours": "Mo-Su 09:00-18:00", "shop": "books", "tourism": null, "rooms": null, "building": "yes", "amenity": null, "name": "Ganesha Bookstore", "beds": null}},{"type": "Feature", "geometry": {"type":"Polygon","coordinates":[[[115.26288,-8.5193905],[115.262975,-8.5194282],[115.2630927,-8.5191383],[115.2630711,-8.5187972],[115.2631237,-8.51881],[115.2631465,-8.518718],[115.2629925,-8.5186807],[115.2629643,-8.5187947],[115.2629733,-8.5190909],[115.2628818,-8.5193164],[115.2629061,-8.5193261],[115.26288,-8.5193905]]]}, "properties": {"osm_id": 647605629, "osm_type": "ways_poly", "opening_hours": null, "shop": null, "tourism": "hotel", "rooms": null, "building": "yes", "amenity": null, "name": "The Evitel Resort Ubud", "beds": null}},{"type": "Feature", "geometry": {"type":"Polygon","coordinates":[[[115.2625781,-8.5244799],[115.2628037,-8.5244814],[115.2628038,-8.5244655],[115.2628044,-8.5243775],[115.2628057,-8.5241783],[115.2627273,-8.5241778],[115.2626979,-8.5241776],[115.2626647,-8.5241774],[115.2626547,-8.5241773],[115.2625801,-8.5241768],[115.2625784,-8.5244369],[115.2625781,-8.5244799]]]}, "properties": {"osm_id": 1200624046, "osm_type": "ways_poly", "opening_hours": "24/7", "shop": null, "tourism": "hotel", "rooms": null, "building": null, "amenity": null, "name": "Sabana Ubud", "beds": null}},{"type": "Feature", "geometry": {"type":"Polygon","coordinates":[[[115.2436236,-8.5274188],[115.2439959,-8.527421],[115.2439965,-8.5273157],[115.2436243,-8.5273135],[115.2436236,-8.5274188]]]}, "properties": {"osm_id": 554783114, "osm_type": "ways_poly", "opening_hours": "24/7", "shop": "supermarket", "tourism": null, "rooms": null, "building": "yes", "amenity": null, "name": "CocoMart", "beds": null}},{"type": "Feature", "geometry": {"type":"Polygon","coordinates":[[[115.2920396,-8.5237305],[115.2921254,-8.5237835],[115.2921281,-8.5236907],[115.2920396,-8.5237305]]]}, "properties": {"osm_id": 705065778, "osm_type": "ways_poly", "opening_hours": null, "shop": null, "tourism": "artwork", "rooms": null, "building": null, "amenity": null, "name": null, "beds": null}},{"type": "Feature", "geometry": {"type":"Polygon","coordinates":[[[115.2648211,-8.5412974],[115.2648801,-8.5414897],[115.2649359,-8.5414729],[115.2648769,-8.5412806],[115.2648211,-8.5412974]]]}, "properties": {"osm_id": 595905624, "osm_type": "ways_poly", "opening_hours": null, "shop": null, "tourism": "hotel", "rooms": null, "building": "yes", "amenity": null, "name": "Canang Gardens", "beds": null}},{"type": "Feature", "geometry": {"type":"Polygon","coordinates":[[[115.2652753,-8.5417673],[115.2653081,-8.5417684],[115.2653849,-8.5417709],[115.2653893,-8.5416409],[115.2653125,-8.5416383],[115.2653111,-8.5416792],[115.2652783,-8.5416781],[115.2652753,-8.5417673]]]}, "properties": {"osm_id": 595938009, "osm_type": "ways_poly", "opening_hours": null, "shop": null, "tourism": "hotel", "rooms": null, "building": "yes", "amenity": null, "name": "Soulshine Hotel & Yoga Retreat Oasis", "beds": null}},{"type": "Feature", "geometry": {"type":"Polygon","coordinates":[[[115.2620012,-8.4856551],[115.2620656,-8.4856601],[115.2620719,-8.4855803],[115.2620075,-8.4855753],[115.2620012,-8.4856551]]]}, "properties": {"osm_id": 1256350912, "osm_type": "ways_poly", "opening_hours": null, "shop": "art", "tourism": null, "rooms": null, "building": "yes", "amenity": null, "name": null, "beds": null}},{"type": "Feature", "geometry": {"type":"Polygon","coordinates":[[[115.2369731,-8.5118676],[115.237075,-8.5119631],[115.2371286,-8.51191],[115.2370374,-8.5117986],[115.2369731,-8.5118676]]]}, "properties": {"osm_id": 171975913, "osm_type": "ways_poly", "opening_hours": "Mo-Su 11:00-22:00", "shop": null, "tourism": null, "rooms": null, "building": "yes", "amenity": "restaurant", "name": "Swept Away Restaurant Ubud", "beds": null}},{"type": "Feature", "geometry": {"type":"Polygon","coordinates":[[[115.2589801,-8.5067706],[115.2590491,-8.5067746],[115.2590509,-8.5067435],[115.2589819,-8.5067396],[115.2589801,-8.5067706]]]}, "properties": {"osm_id": 1072393448, "osm_type": "ways_poly", "opening_hours": null, "shop": "chemist", "tourism": null, "rooms": null, "building": "yes", "amenity": null, "name": "Kiradi Spa", "beds": null}},{"type": "Feature", "geometry": {"type":"Polygon","coordinates":[[[115.2665743,-8.519695],[115.2666432,-8.519747],[115.2666819,-8.5197762],[115.2667859,-8.5196415],[115.2666783,-8.5195603],[115.2665743,-8.519695]]]}, "properties": {"osm_id": 685803299, "osm_type": "ways_poly", "opening_hours": "Mo-Su 10:00-20:00", "shop": null, "tourism": null, "rooms": null, "building": "detached", "amenity": "restaurant", "name": "Ayo Vegan", "beds": null}},{"type": "Feature", "geometry": {"type":"Polygon","coordinates":[[[115.2693097,-8.5178359],[115.269452,-8.5178628],[115.2694721,-8.5177586],[115.2694963,-8.5176332],[115.2693541,-8.5176063],[115.2693097,-8.5178359]]]}, "properties": {"osm_id": 321773332, "osm_type": "ways_poly", "opening_hours": "Mo-Su 09:00-17:00", "shop": null, "tourism": "museum", "rooms": null, "building": "yes", "amenity": null, "name": "Puri Agung Peliatan", "beds": null}},{"type": "Feature", "geometry": {"type":"Polygon","coordinates":[[[115.2635485,-8.517787],[115.2635862,-8.5177981],[115.2635952,-8.5177684],[115.2636206,-8.5177756],[115.263599,-8.5178539],[115.2637904,-8.5179066],[115.2638122,-8.5178294],[115.2637363,-8.5178085],[115.2637635,-8.5177262],[115.2635829,-8.5176729],[115.2635485,-8.517787]]]}, "properties": {"osm_id": 512366894, "osm_type": "ways_poly", "opening_hours": "Mo-Su 10:00-22:00", "shop": null, "tourism": null, "rooms": null, "building": "yes", "amenity": "restaurant", "name": "Bebek Bengil", "beds": null}},{"type": "Feature", "geometry": {"type":"Polygon","coordinates":[[[115.2631637,-8.5216716],[115.2632694,-8.5216828],[115.2632762,-8.5216196],[115.2631705,-8.5216084],[115.2631637,-8.5216716]]]}, "properties": {"osm_id": 512354997, "osm_type": "ways_poly", "opening_hours": null, "shop": "gift", "tourism": null, "rooms": null, "building": "yes", "amenity": null, "name": "Alam Asia", "beds": null}},{"type": "Feature", "geometry": {"type":"Polygon","coordinates":[[[115.2689126,-8.5260239],[115.2690264,-8.5260244],[115.2690265,-8.5260075],[115.2690458,-8.5260076],[115.2690462,-8.525924],[115.2689482,-8.5259235],[115.2689483,-8.5259104],[115.2689317,-8.5259103],[115.2689132,-8.5259102],[115.2689126,-8.5260239]]]}, "properties": {"osm_id": 423694262, "osm_type": "ways_poly", "opening_hours": null, "shop": null, "tourism": "hotel", "rooms": null, "building": "yes", "amenity": null, "name": "Villa Bhuana Alit", "beds": null}},{"type": "Feature", "geometry": {"type":"Polygon","coordinates":[[[115.258076,-8.5145793],[115.2581814,-8.5145829],[115.2581841,-8.5145044],[115.2580787,-8.5145008],[115.258076,-8.5145793]]]}, "properties": {"osm_id": 570649618, "osm_type": "ways_poly", "opening_hours": null, "shop": null, "tourism": null, "rooms": null, "building": "yes", "amenity": "restaurant", "name": null, "beds": null}},{"type": "Feature", "geometry": {"type":"Polygon","coordinates":[[[115.2564192,-8.5217476],[115.2567166,-8.5218026],[115.2567651,-8.5215455],[115.2565645,-8.5215084],[115.2565374,-8.521652],[115.2564406,-8.5216341],[115.2564192,-8.5217476]]]}, "properties": {"osm_id": 704829269, "osm_type": "ways_poly", "opening_hours": null, "shop": null, "tourism": "hotel", "rooms": null, "building": "yes", "amenity": null, "name": "Ubud Wana Resort", "beds": null}},{"type": "Feature", "geometry": {"type":"Polygon","coordinates":[[[115.2602243,-8.5158754],[115.2603258,-8.5159129],[115.2603616,-8.5158183],[115.2602601,-8.5157807],[115.2602243,-8.5158754]]]}, "properties": {"osm_id": 512374817, "osm_type": "ways_poly", "opening_hours": null, "shop": null, "tourism": null, "rooms": null, "building": "yes", "amenity": "restaurant", "name": "De'warung", "beds": null}},{"type": "Feature", "geometry": {"type":"Polygon","coordinates":[[[115.2563415,-8.5170065],[115.2563484,-8.5170393],[115.2564162,-8.5170254],[115.2564131,-8.5170106],[115.2563803,-8.5170174],[115.2563765,-8.5169993],[115.2563415,-8.5170065]]]}, "properties": {"osm_id": 665729930, "osm_type": "ways_poly", "opening_hours": null, "shop": "massage", "tourism": null, "rooms": null, "building": "yes", "amenity": null, "name": null, "beds": null}},{"type": "Feature", "geometry": {"type":"Polygon","coordinates":[[[115.2588247,-8.515949],[115.2589057,-8.5159554],[115.2589157,-8.5158333],[115.2588346,-8.5158269],[115.2588247,-8.515949]]]}, "properties": {"osm_id": 647386492, "osm_type": "ways_poly", "opening_hours": null, "shop": null, "tourism": "hotel", "rooms": null, "building": "yes", "amenity": null, "name": "Umala at Bisma", "beds": null}},{"type": "Feature", "geometry": {"type":"Polygon","coordinates":[[[115.256566,-8.5131364],[115.2566625,-8.5131819],[115.2569451,-8.5126055],[115.2570731,-8.5126603],[115.2571565,-8.5124838],[115.2569357,-8.5123888],[115.256566,-8.5131364]]]}, "properties": {"osm_id": 338317755, "osm_type": "ways_poly", "opening_hours": null, "shop": null, "tourism": "hotel", "rooms": null, "building": "yes", "amenity": null, "name": "Komaneka at Bisma", "beds": null}},{"type": "Feature", "geometry": {"type":"Polygon","coordinates":[[[115.2615941,-8.4882313],[115.2616584,-8.4882363],[115.2616647,-8.4881565],[115.2616003,-8.4881515],[115.2615941,-8.4882313]]]}, "properties": {"osm_id": 1256350914, "osm_type": "ways_poly", "opening_hours": null, "shop": "art", "tourism": null, "rooms": null, "building": "yes", "amenity": null, "name": null, "beds": null}},{"type": "Feature", "geometry": {"type":"Polygon","coordinates":[[[115.2622385,-8.4830147],[115.2622763,-8.483027],[115.2622976,-8.4829626],[115.2622598,-8.4829503],[115.2622385,-8.4830147]]]}, "properties": {"osm_id": 1256350916, "osm_type": "ways_poly", "opening_hours": null, "shop": "art", "tourism": null, "rooms": null, "building": "yes", "amenity": null, "name": null, "beds": null}},{"type": "Feature", "geometry": {"type":"Polygon","coordinates":[[[115.2619789,-8.4847309],[115.2620596,-8.4847375],[115.2620649,-8.4846739],[115.2619842,-8.4846673],[115.2619789,-8.4847309]]]}, "properties": {"osm_id": 1256350918, "osm_type": "ways_poly", "opening_hours": null, "shop": "art", "tourism": null, "rooms": null, "building": "yes", "amenity": null, "name": null, "beds": null}},{"type": "Feature", "geometry": {"type":"Polygon","coordinates":[[[115.2712637,-8.4725248],[115.2715977,-8.4726124],[115.2716419,-8.4723749],[115.2713656,-8.4723139],[115.2712637,-8.4724598],[115.2712637,-8.4725248]]]}, "properties": {"osm_id": 1095862516, "osm_type": "ways_poly", "opening_hours": null, "shop": null, "tourism": "hotel", "rooms": null, "building": null, "amenity": null, "name": null, "beds": null}},{"type": "Feature", "geometry": {"type":"Polygon","coordinates":[[[115.2716462,-8.4728474],[115.271779,-8.4728765],[115.2718297,-8.4726508],[115.2716969,-8.4726217],[115.2716462,-8.4728474]]]}, "properties": {"osm_id": 1095862517, "osm_type": "ways_poly", "opening_hours": null, "shop": null, "tourism": "hotel", "rooms": null, "building": null, "amenity": null, "name": null, "beds": null}},{"type": "Feature", "geometry": {"type":"Polygon","coordinates":[[[115.2689062,-8.4736234],[115.2691461,-8.4736901],[115.269122,-8.4737571],[115.2692556,-8.4738064],[115.2693193,-8.4736008],[115.2692603,-8.4735862],[115.2692442,-8.4736313],[115.2690792,-8.4735876],[115.269102,-8.4735531],[115.2691194,-8.473439],[115.2693434,-8.4734881],[115.2693568,-8.4734058],[115.2693635,-8.4732785],[115.2693005,-8.4732663],[115.2692375,-8.4732493],[115.2691878,-8.4734204],[115.269106,-8.4734005],[115.2689357,-8.4734045],[115.2689369,-8.4735608],[115.2689062,-8.4736234]]]}, "properties": {"osm_id": 1095862540, "osm_type": "ways_poly", "opening_hours": null, "shop": null, "tourism": "hotel", "rooms": null, "building": null, "amenity": null, "name": null, "beds": null}},{"type": "Feature", "geometry": {"type":"Polygon","coordinates":[[[115.26193,-8.5069684],[115.2619864,-8.5069925],[115.2620061,-8.5069474],[115.2621434,-8.5070061],[115.2622079,-8.5068588],[115.2620142,-8.5067759],[115.26193,-8.5069684]]]}, "properties": {"osm_id": 445459703, "osm_type": "ways_poly", "opening_hours": null, "shop": null, "tourism": null, "rooms": null, "building": "yes", "amenity": "restaurant", "name": "Bali Dolphin", "beds": null}},{"type": "Feature", "geometry": {"type":"Polygon","coordinates":[[[115.2613825,-8.5063574],[115.2615362,-8.506411],[115.2615925,-8.5062533],[115.2614389,-8.5061996],[115.261426,-8.5062358],[115.2613825,-8.5063574]]]}, "properties": {"osm_id": 445459693, "osm_type": "ways_poly", "opening_hours": null, "shop": null, "tourism": null, "rooms": null, "building": "yes", "amenity": "cafe", "name": "Starbucks", "beds": null}},{"type": "Feature", "geometry": {"type":"Polygon","coordinates":[[[115.2686535,-8.5095719],[115.268709,-8.5095932],[115.268672,-8.5098126],[115.26892,-8.5098491],[115.2690047,-8.5094454],[115.2686704,-8.5093784],[115.2686535,-8.5095719]]]}, "properties": {"osm_id": 874107686, "osm_type": "ways_poly", "opening_hours": null, "shop": null, "tourism": "hotel", "rooms": null, "building": "yes", "amenity": null, "name": "Ssense Hotel", "beds": null}},{"type": "Feature", "geometry": {"type":"Polygon","coordinates":[[[115.2519957,-8.5109208],[115.2519976,-8.5110007],[115.2521313,-8.5109903],[115.2521294,-8.5109123],[115.2519957,-8.5109208]]]}, "properties": {"osm_id": 1003753971, "osm_type": "ways_poly", "opening_hours": null, "shop": null, "tourism": "hotel", "rooms": null, "building": "yes", "amenity": null, "name": "Koko Condo", "beds": null}},{"type": "Feature", "geometry": {"type":"Polygon","coordinates":[[[115.2523936,-8.5108907],[115.2524808,-8.5108907],[115.2524808,-8.5109303],[115.2525751,-8.5109303],[115.2525751,-8.510816],[115.2523959,-8.510816],[115.2523936,-8.5108907]]]}, "properties": {"osm_id": 1005445386, "osm_type": "ways_poly", "opening_hours": null, "shop": null, "tourism": "hotel", "rooms": null, "building": "yes", "amenity": null, "name": "Kubu Janji Villas", "beds": null}},{"type": "Feature", "geometry": {"type":"Polygon","coordinates":[[[115.2519813,-8.5108885],[115.2520774,-8.5108847],[115.2520765,-8.5108115],[115.2519851,-8.5108181],[115.2519813,-8.5108885]]]}, "properties": {"osm_id": 1003753972, "osm_type": "ways_poly", "opening_hours": null, "shop": null, "tourism": "hotel", "rooms": null, "building": "yes", "amenity": null, "name": "Kubu Janji Villas", "beds": null}},{"type": "Feature", "geometry": {"type":"Polygon","coordinates":[[[115.2974092,-8.5048872],[115.2975793,-8.5052716],[115.298296,-8.5051875],[115.2982717,-8.5048631],[115.2974092,-8.5048872]]]}, "properties": {"osm_id": 890827826, "osm_type": "ways_poly", "opening_hours": "24/7", "shop": null, "tourism": "hotel", "rooms": "3", "building": "yes", "amenity": null, "name": "Shiva Dham Villa's Ubud", "beds": null}},{"type": "Feature", "geometry": {"type":"Polygon","coordinates":[[[115.2667261,-8.5100326],[115.2667637,-8.5100349],[115.2667664,-8.5099907],[115.2667288,-8.5099884],[115.2667261,-8.5100326]]]}, "properties": {"osm_id": 1067611767, "osm_type": "ways_poly", "opening_hours": null, "shop": null, "tourism": null, "rooms": null, "building": "yes", "amenity": "restaurant", "name": "Herb Library", "beds": null}},{"type": "Feature", "geometry": {"type":"Polygon","coordinates":[[[115.2580797,-8.5163022],[115.2582031,-8.5163203],[115.2582138,-8.5162299],[115.2580919,-8.5162133],[115.2580797,-8.5163022]]]}, "properties": {"osm_id": 1071376080, "osm_type": "ways_poly", "opening_hours": null, "shop": null, "tourism": null, "rooms": null, "building": "yes", "amenity": "restaurant", "name": "Shrida Ubud Restaurant", "beds": null}},{"type": "Feature", "geometry": {"type":"Polygon","coordinates":[[[115.2687708,-8.5089038],[115.268845,-8.5089107],[115.2688523,-8.5088334],[115.2687782,-8.5088265],[115.2687708,-8.5089038]]]}, "properties": {"osm_id": 722634364, "osm_type": "ways_poly", "opening_hours": null, "shop": "convenience", "tourism": null, "rooms": null, "building": "retail", "amenity": null, "name": "Indomaret", "beds": null}},{"type": "Feature", "geometry": {"type":"Polygon","coordinates":[[[115.2612081,-8.5061341],[115.2612681,-8.5061568],[115.2613562,-8.5061898],[115.2613482,-8.5062107],[115.261426,-8.5062358],[115.2614389,-8.5061996],[115.2615925,-8.5062533],[115.2618384,-8.5055777],[115.2614589,-8.505449],[115.2612081,-8.5061341]]]}, "properties": {"osm_id": 238194818, "osm_type": "ways_poly", "opening_hours": null, "shop": null, "tourism": "attraction", "rooms": null, "building": null, "amenity": "place_of_worship", "name": "Pura Taman Saraswati", "beds": null}},{"type": "Feature", "geometry": {"type":"Polygon","coordinates":[[[115.2582008,-8.4996533],[115.258238,-8.499686],[115.2582889,-8.4996293],[115.2582518,-8.4995967],[115.2582008,-8.4996533]]]}, "properties": {"osm_id": 1449702049, "osm_type": "ways_poly", "opening_hours": null, "shop": null, "tourism": "chalet", "rooms": null, "building": "bungalow", "amenity": null, "name": null, "beds": null}},{"type": "Feature", "geometry": {"type":"Polygon","coordinates":[[[115.2581097,-8.4994446],[115.25814,-8.4994962],[115.2581866,-8.4994694],[115.2581562,-8.4994178],[115.2581097,-8.4994446]]]}, "properties": {"osm_id": 1449702051, "osm_type": "ways_poly", "opening_hours": null, "shop": null, "tourism": "chalet", "rooms": null, "building": "bungalow", "amenity": null, "name": null, "beds": null}},{"type": "Feature", "geometry": {"type":"Polygon","coordinates":[[[115.2579892,-8.4995879],[115.2580399,-8.4996196],[115.2580803,-8.4995564],[115.2580295,-8.4995247],[115.2579892,-8.4995879]]]}, "properties": {"osm_id": 1449702053, "osm_type": "ways_poly", "opening_hours": null, "shop": null, "tourism": "chalet", "rooms": null, "building": "bungalow", "amenity": null, "name": null, "beds": null}},{"type": "Feature", "geometry": {"type":"Polygon","coordinates":[[[115.2578954,-8.4995575],[115.25795,-8.4995883],[115.257986,-8.499526],[115.2579315,-8.4994951],[115.2578954,-8.4995575]]]}, "properties": {"osm_id": 1449702055, "osm_type": "ways_poly", "opening_hours": null, "shop": null, "tourism": "chalet", "rooms": null, "building": "bungalow", "amenity": null, "name": null, "beds": null}},{"type": "Feature", "geometry": {"type":"Polygon","coordinates":[[[115.2667026,-8.4996386],[115.266761,-8.4996456],[115.2667751,-8.4996018],[115.2668495,-8.4996141],[115.2668601,-8.4995493],[115.2667238,-8.4995283],[115.2667026,-8.4996386]]]}, "properties": {"osm_id": 727634943, "osm_type": "ways_poly", "opening_hours": "Mo-Su 07:00-22:00", "shop": null, "tourism": null, "rooms": null, "building": "restaurant", "amenity": "restaurant", "name": "Amsterdam Restaurant Ubud", "beds": null}},{"type": "Feature", "geometry": {"type":"Polygon","coordinates":[[[115.2614687,-8.5090348],[115.2615363,-8.5090616],[115.2615573,-8.5090098],[115.2614898,-8.5089829],[115.2614687,-8.5090348]]]}, "properties": {"osm_id": 512606027, "osm_type": "ways_poly", "opening_hours": null, "shop": null, "tourism": null, "rooms": null, "building": "yes", "amenity": "restaurant", "name": "Kedai Ramen", "beds": null}},{"type": "Feature", "geometry": {"type":"Polygon","coordinates":[[[115.2626281,-8.5011177],[115.2627532,-8.5011316],[115.2627653,-8.5010247],[115.2626403,-8.5010108],[115.2626281,-8.5011177]]]}, "properties": {"osm_id": 661667201, "osm_type": "ways_poly", "opening_hours": null, "shop": null, "tourism": "hostel", "rooms": null, "building": "yes", "amenity": null, "name": "Ubud Budget Hostel aka Coconut Ubud Hostel", "beds": null}},{"type": "Feature", "geometry": {"type":"Polygon","coordinates":[[[115.2620392,-8.4917236],[115.2620907,-8.4917509],[115.2621195,-8.4916978],[115.262068,-8.4916705],[115.2620392,-8.4917236]]]}, "properties": {"osm_id": 704275021, "osm_type": "ways_poly", "opening_hours": null, "shop": null, "tourism": null, "rooms": null, "building": "yes", "amenity": "cafe", "name": "Pedukuhan", "beds": null}},{"type": "Feature", "geometry": {"type":"Polygon","coordinates":[[[115.258782,-8.5075862],[115.2587868,-8.5076478],[115.2588921,-8.5076433],[115.2589086,-8.5076426],[115.2589334,-8.507642],[115.2589559,-8.5076404],[115.2589551,-8.5076294],[115.258953,-8.5076004],[115.2589427,-8.5076014],[115.2589406,-8.5075714],[115.2589246,-8.5075718],[115.2589115,-8.507572],[115.2587837,-8.5075784],[115.258782,-8.5075862]]]}, "properties": {"osm_id": 1491849533, "osm_type": "ways_poly", "opening_hours": "Thu-Fri 11:00-23:00", "shop": null, "tourism": null, "rooms": null, "building": "yes", "amenity": "restaurant", "name": "Shinraku Teppanyaki", "beds": null}},{"type": "Feature", "geometry": {"type":"Polygon","coordinates":[[[115.2726169,-8.4987535],[115.2727497,-8.4987535],[115.2727497,-8.4986129],[115.2726169,-8.4986129],[115.2726169,-8.4987535]]]}, "properties": {"osm_id": 1069815523, "osm_type": "ways_poly", "opening_hours": null, "shop": "convenience", "tourism": null, "rooms": null, "building": "yes", "amenity": null, "name": "Alfamart", "beds": null}},{"type": "Feature", "geometry": {"type":"Polygon","coordinates":[[[115.2651176,-8.5079942],[115.2651978,-8.5080323],[115.2652256,-8.507975],[115.2651455,-8.5079369],[115.2651176,-8.5079942]]]}, "properties": {"osm_id": 514010982, "osm_type": "ways_poly", "opening_hours": null, "shop": "convenience", "tourism": null, "rooms": null, "building": "yes", "amenity": null, "name": "Circle K", "beds": null}},{"type": "Feature", "geometry": {"type":"Polygon","coordinates":[[[115.2626351,-8.5058735],[115.2626855,-8.5058944],[115.2627142,-8.505827],[115.2626638,-8.505806],[115.2626351,-8.5058735]]]}, "properties": {"osm_id": 654615785, "osm_type": "ways_poly", "opening_hours": null, "shop": "convenience", "tourism": null, "rooms": null, "building": "yes", "amenity": null, "name": "Circle K", "beds": null}},{"type": "Feature", "geometry": {"type":"Polygon","coordinates":[[[115.239911,-8.5148696],[115.240011,-8.5148864],[115.240024,-8.5148113],[115.2399239,-8.5147944],[115.239911,-8.5148696]]]}, "properties": {"osm_id": 348495831, "osm_type": "ways_poly", "opening_hours": null, "shop": "convenience", "tourism": null, "rooms": null, "building": null, "amenity": null, "name": "Four W", "beds": null}},{"type": "Feature", "geometry": {"type":"Polygon","coordinates":[[[115.2589373,-8.5165784],[115.2591509,-8.5166243],[115.2591748,-8.5165153],[115.2589612,-8.5164694],[115.2589373,-8.5165784]]]}, "properties": {"osm_id": 512374852, "osm_type": "ways_poly", "opening_hours": null, "shop": null, "tourism": "hotel", "rooms": null, "building": "yes", "amenity": null, "name": "Villa Sonia", "beds": null}},{"type": "Feature", "geometry": {"type":"Polygon","coordinates":[[[115.278788,-8.5155177],[115.2788017,-8.5155557],[115.2788199,-8.5156065],[115.2788674,-8.5155898],[115.2789618,-8.5155566],[115.2789298,-8.5154678],[115.278788,-8.5155177]]]}, "properties": {"osm_id": 242988056, "osm_type": "ways_poly", "opening_hours": null, "shop": null, "tourism": null, "rooms": null, "building": "yes", "amenity": "restaurant", "name": "River Café", "beds": null}},{"type": "Feature", "geometry": {"type":"Polygon","coordinates":[[[115.2928075,-8.519711],[115.2931821,-8.5197725],[115.2933046,-8.5190199],[115.2931125,-8.5189962],[115.2931221,-8.5188893],[115.2929325,-8.5188703],[115.2928075,-8.519711]]]}, "properties": {"osm_id": 491032246, "osm_type": "ways_poly", "opening_hours": "Mo-Fr 08:00-17:00", "shop": null, "tourism": "museum", "rooms": null, "building": "yes", "amenity": null, "name": "Museum Gedong Arca", "beds": null}},{"type": "Feature", "geometry": {"type":"Polygon","coordinates":[[[115.2923435,-8.5238605],[115.2924317,-8.5238722],[115.2924363,-8.5238381],[115.2923481,-8.5238264],[115.2923435,-8.5238605]]]}, "properties": {"osm_id": 685807480, "osm_type": "ways_poly", "opening_hours": "Mo-Su 10:00-22:00", "shop": null, "tourism": null, "rooms": null, "building": "yes", "amenity": "restaurant", "name": "Ayo Vegan", "beds": null}},{"type": "Feature", "geometry": {"type":"Polygon","coordinates":[[[115.2718471,-8.4709782],[115.2718592,-8.4711307],[115.2721628,-8.4711585],[115.2722005,-8.4711619],[115.2722402,-8.4710031],[115.2718471,-8.4709782]]]}, "properties": {"osm_id": 1095862505, "osm_type": "ways_poly", "opening_hours": null, "shop": null, "tourism": null, "rooms": null, "building": null, "amenity": null, "name": null, "beds": null}},{"type": "Feature", "geometry": {"type":"Polygon","coordinates":[[[115.2679947,-8.4746926],[115.2681307,-8.4747287],[115.2681451,-8.4746756],[115.2680091,-8.4746395],[115.2679947,-8.4746926]]]}, "properties": {"osm_id": 1257004561, "osm_type": "ways_poly", "opening_hours": null, "shop": null, "tourism": "chalet", "rooms": null, "building": "yes", "amenity": null, "name": null, "beds": null}},{"type": "Feature", "geometry": {"type":"Polygon","coordinates":[[[115.2621012,-8.4859046],[115.2621655,-8.4859095],[115.2621718,-8.4858297],[115.2621075,-8.4858248],[115.2621012,-8.4859046]]]}, "properties": {"osm_id": 1256350913, "osm_type": "ways_poly", "opening_hours": null, "shop": "art", "tourism": null, "rooms": null, "building": "yes", "amenity": null, "name": null, "beds": null}},{"type": "Feature", "geometry": {"type":"Polygon","coordinates":[[[115.2534593,-8.5043367],[115.2535176,-8.5044331],[115.2535958,-8.5043869],[115.2535375,-8.5042905],[115.2534593,-8.5043367]]]}, "properties": {"osm_id": 1254773686, "osm_type": "ways_poly", "opening_hours": null, "shop": "convenience", "tourism": null, "rooms": null, "building": "yes", "amenity": null, "name": "Minimart", "beds": null}},{"type": "Feature", "geometry": {"type":"Polygon","coordinates":[[[115.2609711,-8.5060671],[115.2610242,-8.5060892],[115.2610493,-8.5060809],[115.2610813,-8.5060055],[115.2610436,-8.5059898],[115.2610251,-8.5060335],[115.2609913,-8.5060195],[115.2609711,-8.5060671]]]}, "properties": {"osm_id": 654615847, "osm_type": "ways_poly", "opening_hours": null, "shop": "cosmetics", "tourism": null, "rooms": null, "building": "yes", "amenity": null, "name": "Bali Healing Spa 2", "beds": null}},{"type": "Feature", "geometry": {"type":"Polygon","coordinates":[[[115.2638925,-8.5101971],[115.263938,-8.5102168],[115.263952,-8.5101852],[115.2639064,-8.5101655],[115.2638925,-8.5101971]]]}, "properties": {"osm_id": 1067595653, "osm_type": "ways_poly", "opening_hours": null, "shop": null, "tourism": "guest_house", "rooms": null, "building": "yes", "amenity": null, "name": "W House", "beds": null}},{"type": "Feature", "geometry": {"type":"Polygon","coordinates":[[[115.2546052,-8.5051558],[115.2548393,-8.5052374],[115.2548735,-8.5051414],[115.2546393,-8.5050598],[115.2546052,-8.5051558]]]}, "properties": {"osm_id": 706142397, "osm_type": "ways_poly", "opening_hours": null, "shop": null, "tourism": null, "rooms": null, "building": "yes", "amenity": "restaurant", "name": "Murni's Warung", "beds": null}},{"type": "Feature", "geometry": {"type":"Polygon","coordinates":[[[115.2607029,-8.5126656],[115.2608303,-8.5126882],[115.2608447,-8.5126086],[115.2607173,-8.5125861],[115.2607029,-8.5126656]]]}, "properties": {"osm_id": 724675838, "osm_type": "ways_poly", "opening_hours": null, "shop": null, "tourism": "hotel", "rooms": null, "building": "yes", "amenity": null, "name": "Kajane Mua", "beds": null}},{"type": "Feature", "geometry": {"type":"Polygon","coordinates":[[[115.2509589,-8.5060652],[115.2509723,-8.5060815],[115.250963,-8.506096],[115.2509626,-8.5061139],[115.25097,-8.5061385],[115.2509646,-8.5061549],[115.2509804,-8.5061668],[115.2509969,-8.5061737],[115.2510211,-8.5061764],[115.2510425,-8.5061721],[115.2510685,-8.5061562],[115.2510883,-8.5061247],[115.2510913,-8.5060962],[115.2510841,-8.5060707],[115.2510658,-8.5060472],[115.2510436,-8.5060341],[115.2510185,-8.5060294],[115.2509888,-8.5060349],[115.2509674,-8.5060483],[115.2509589,-8.5060652]]]}, "properties": {"osm_id": 216723406, "osm_type": "ways_poly", "opening_hours": null, "shop": null, "tourism": null, "rooms": null, "building": "yes", "amenity": "bar", "name": "Round Bar", "beds": null}},{"type": "Feature", "geometry": {"type":"Polygon","coordinates":[[[115.2500677,-8.5142585],[115.2500784,-8.5143225],[115.2501771,-8.5143064],[115.2501697,-8.514262],[115.2502038,-8.5142564],[115.2502006,-8.5142369],[115.2501663,-8.5142425],[115.2500677,-8.5142585]]]}, "properties": {"osm_id": 328333717, "osm_type": "ways_poly", "opening_hours": null, "shop": null, "tourism": null, "rooms": null, "building": "yes", "amenity": "restaurant", "name": "Bidadari Restaurant", "beds": null}},{"type": "Feature", "geometry": {"type":"Polygon","coordinates":[[[115.2475915,-8.5156884],[115.2477717,-8.515689],[115.2477748,-8.5155657],[115.2475957,-8.515569],[115.2475915,-8.5156884]]]}, "properties": {"osm_id": 1031147660, "osm_type": "ways_poly", "opening_hours": null, "shop": null, "tourism": "chalet", "rooms": null, "building": "yes", "amenity": null, "name": "Mimpi House", "beds": null}},{"type": "Feature", "geometry": {"type":"Polygon","coordinates":[[[115.250121,-8.5172353],[115.2501232,-8.5173321],[115.2507051,-8.5173358],[115.2507053,-8.5172501],[115.250121,-8.5172353]]]}, "properties": {"osm_id": 1149155379, "osm_type": "ways_poly", "opening_hours": null, "shop": null, "tourism": "guest_house", "rooms": null, "building": "yes", "amenity": null, "name": "Bumi Muwa Ubud Katiklantang", "beds": null}},{"type": "Feature", "geometry": {"type":"Polygon","coordinates":[[[115.2502952,-8.5087289],[115.2502966,-8.5087989],[115.2503879,-8.5087971],[115.2503865,-8.5087271],[115.2502952,-8.5087289]]]}, "properties": {"osm_id": 1128390404, "osm_type": "ways_poly", "opening_hours": null, "shop": null, "tourism": "guest_house", "rooms": null, "building": "yes", "amenity": null, "name": "Whitney Bungalow", "beds": null}},{"type": "Feature", "geometry": {"type":"Polygon","coordinates":[[[115.2541376,-8.5051303],[115.2542481,-8.505164],[115.2542934,-8.5050187],[115.2541829,-8.504985],[115.2541376,-8.5051303]]]}, "properties": {"osm_id": 706142392, "osm_type": "ways_poly", "opening_hours": null, "shop": null, "tourism": null, "rooms": null, "building": "yes", "amenity": "restaurant", "name": "Bridges", "beds": null}},{"type": "Feature", "geometry": {"type":"Polygon","coordinates":[[[115.2598674,-8.4968333],[115.2599876,-8.4968577],[115.2600055,-8.4967714],[115.2598853,-8.4967471],[115.2598674,-8.4968333]]]}, "properties": {"osm_id": 663328198, "osm_type": "ways_poly", "opening_hours": null, "shop": null, "tourism": "guest_house", "rooms": null, "building": "yes", "amenity": null, "name": "Buddha Home", "beds": null}},{"type": "Feature", "geometry": {"type":"Polygon","coordinates":[[[115.2526921,-8.4943276],[115.2528214,-8.4943299],[115.2528236,-8.4942084],[115.2527604,-8.4942072],[115.2527613,-8.4941563],[115.2526952,-8.4941551],[115.2526921,-8.4943276]]]}, "properties": {"osm_id": 1423827550, "osm_type": "ways_poly", "opening_hours": null, "shop": null, "tourism": "hotel", "rooms": null, "building": "yes", "amenity": null, "name": null, "beds": null}},{"type": "Feature", "geometry": {"type":"Polygon","coordinates":[[[115.272012,-8.5447886],[115.272184,-8.5448335],[115.2722513,-8.5444992],[115.2720694,-8.5444425],[115.272012,-8.5447886]]]}, "properties": {"osm_id": 328141815, "osm_type": "ways_poly", "opening_hours": null, "shop": null, "tourism": null, "rooms": null, "building": null, "amenity": "marketplace", "name": "Pasar Desa Adat Mas Ubud", "beds": null}},{"type": "Feature", "geometry": {"type":"Polygon","coordinates":[[[115.2446026,-8.5042659],[115.2446924,-8.5042792],[115.2447026,-8.5042116],[115.2446128,-8.5041983],[115.2446026,-8.5042659]]]}, "properties": {"osm_id": 599060810, "osm_type": "ways_poly", "opening_hours": null, "shop": null, "tourism": "hotel", "rooms": null, "building": "yes", "amenity": null, "name": "The Mansion", "beds": null}},{"type": "Feature", "geometry": {"type":"Polygon","coordinates":[[[115.2703324,-8.4926211],[115.2706717,-8.492635],[115.2706873,-8.4924071],[115.2703495,-8.4923686],[115.2703324,-8.4926211]]]}, "properties": {"osm_id": 965327338, "osm_type": "ways_poly", "opening_hours": null, "shop": null, "tourism": "guest_house", "rooms": "4", "building": "yes", "amenity": null, "name": "Ayu Dira Heritage House", "beds": null}},{"type": "Feature", "geometry": {"type":"Polygon","coordinates":[[[115.2725858,-8.4701666],[115.2726709,-8.4701687],[115.2726718,-8.4701331],[115.2725867,-8.470131],[115.2725858,-8.4701666]]]}, "properties": {"osm_id": 873418136, "osm_type": "ways_poly", "opening_hours": null, "shop": "water", "tourism": null, "rooms": null, "building": "yes", "amenity": null, "name": null, "beds": null}},{"type": "Feature", "geometry": {"type":"Polygon","coordinates":[[[115.2703845,-8.4704587],[115.2704548,-8.4704842],[115.2704745,-8.4704314],[115.2704041,-8.4704058],[115.2703845,-8.4704587]]]}, "properties": {"osm_id": 873386248, "osm_type": "ways_poly", "opening_hours": null, "shop": null, "tourism": "guest_house", "rooms": null, "building": "yes", "amenity": null, "name": null, "beds": null}},{"type": "Feature", "geometry": {"type":"Polygon","coordinates":[[[115.2704643,-8.470506],[115.27053,-8.4705175],[115.2705417,-8.4704521],[115.270476,-8.4704406],[115.2704643,-8.470506]]]}, "properties": {"osm_id": 873386249, "osm_type": "ways_poly", "opening_hours": null, "shop": null, "tourism": "guest_house", "rooms": null, "building": "yes", "amenity": null, "name": null, "beds": null}},{"type": "Feature", "geometry": {"type":"Polygon","coordinates":[[[115.266224,-8.5065274],[115.2664827,-8.5066057],[115.2665277,-8.5064601],[115.266269,-8.5063819],[115.266224,-8.5065274]]]}, "properties": {"osm_id": 659785048, "osm_type": "ways_poly", "opening_hours": null, "shop": null, "tourism": "guest_house", "rooms": null, "building": "house", "amenity": null, "name": "Odi Ode", "beds": null}},{"type": "Feature", "geometry": {"type":"Polygon","coordinates":[[[115.2589628,-8.5068571],[115.2590519,-8.5068609],[115.2590552,-8.5067849],[115.2589661,-8.5067811],[115.2589628,-8.5068571]]]}, "properties": {"osm_id": 1067595792, "osm_type": "ways_poly", "opening_hours": null, "shop": "convenience", "tourism": null, "rooms": null, "building": "yes", "amenity": null, "name": "Mini Mart", "beds": null}},{"type": "Feature", "geometry": {"type":"Polygon","coordinates":[[[115.2560835,-8.4947376],[115.2561721,-8.4947792],[115.2562238,-8.4946716],[115.2561351,-8.49463],[115.2560835,-8.4947376]]]}, "properties": {"osm_id": 1263132901, "osm_type": "ways_poly", "opening_hours": null, "shop": null, "tourism": null, "rooms": null, "building": "yes", "amenity": "cafe", "name": "Bukit Sari", "beds": null}},{"type": "Feature", "geometry": {"type":"Polygon","coordinates":[[[115.271665,-8.5078435],[115.27176,-8.5078538],[115.2717613,-8.5078421],[115.2717974,-8.5078461],[115.2718053,-8.5077757],[115.2717546,-8.5077701],[115.2717674,-8.5076549],[115.2718707,-8.5076662],[115.2718615,-8.507622],[115.2716916,-8.5076036],[115.271665,-8.5078435]]]}, "properties": {"osm_id": 874107681, "osm_type": "ways_poly", "opening_hours": null, "shop": null, "tourism": null, "rooms": null, "building": "yes", "amenity": "police", "name": "Kantor Polisi Ubud", "beds": null}},{"type": "Feature", "geometry": {"type":"Polygon","coordinates":[[[115.2654837,-8.5085392],[115.2656739,-8.5086248],[115.2657224,-8.5085195],[115.2655322,-8.5084338],[115.2654837,-8.5085392]]]}, "properties": {"osm_id": 514010989, "osm_type": "ways_poly", "opening_hours": null, "shop": null, "tourism": null, "rooms": null, "building": "yes", "amenity": null, "name": "Kantor Camat Ubud", "beds": null}},{"type": "Feature", "geometry": {"type":"Polygon","coordinates":[[[115.2613267,-8.5251389],[115.2616619,-8.5251415],[115.2616628,-8.5250282],[115.2616908,-8.525004],[115.2616496,-8.5249572],[115.2616212,-8.5249817],[115.2613279,-8.5249795],[115.2613267,-8.5251389]]]}, "properties": {"osm_id": 536846139, "osm_type": "ways_poly", "opening_hours": null, "shop": null, "tourism": "hotel", "rooms": null, "building": "yes", "amenity": null, "name": "Amatara Agung Raka", "beds": null}},{"type": "Feature", "geometry": {"type":"Polygon","coordinates":[[[115.2703129,-8.4710511],[115.2706642,-8.4712076],[115.270801,-8.4708986],[115.270561,-8.4708124],[115.2704953,-8.470953],[115.2703759,-8.4709092],[115.2703129,-8.4710511]]]}, "properties": {"osm_id": 1095862545, "osm_type": "ways_poly", "opening_hours": null, "shop": null, "tourism": "guest_house", "rooms": null, "building": null, "amenity": null, "name": null, "beds": null}},{"type": "Feature", "geometry": {"type":"Polygon","coordinates":[[[115.2751891,-8.4706731],[115.2753481,-8.4706744],[115.275336,-8.4705424],[115.2753313,-8.4704655],[115.2753796,-8.4704429],[115.2753655,-8.4703541],[115.2753206,-8.4702552],[115.2752052,-8.4702897],[115.2752099,-8.4703461],[115.2752186,-8.470425],[115.2752126,-8.4704695],[115.2751905,-8.4705331],[115.2751911,-8.4706512],[115.2751891,-8.4706731]]]}, "properties": {"osm_id": 1095862559, "osm_type": "ways_poly", "opening_hours": null, "shop": null, "tourism": "guest_house", "rooms": null, "building": null, "amenity": null, "name": null, "beds": null}},{"type": "Feature", "geometry": {"type":"Polygon","coordinates":[[[115.2744059,-8.4725752],[115.2744482,-8.4727158],[115.2744904,-8.4728591],[115.2745112,-8.4728637],[115.2745863,-8.4728498],[115.2745897,-8.4728239],[115.2745521,-8.4727059],[115.2745213,-8.47256],[115.2744059,-8.4725752]]]}, "properties": {"osm_id": 1095862560, "osm_type": "ways_poly", "opening_hours": null, "shop": null, "tourism": "hotel", "rooms": null, "building": null, "amenity": null, "name": null, "beds": null}},{"type": "Feature", "geometry": {"type":"Polygon","coordinates":[[[115.2674822,-8.4766494],[115.2675617,-8.4766889],[115.2676244,-8.4765656],[115.2675449,-8.476526],[115.2674822,-8.4766494]]]}, "properties": {"osm_id": 545153351, "osm_type": "ways_poly", "opening_hours": null, "shop": "hardware", "tourism": null, "rooms": null, "building": "yes", "amenity": null, "name": null, "beds": null}},{"type": "Feature", "geometry": {"type":"Polygon","coordinates":[[[115.265819,-8.5166591],[115.2658944,-8.5166721],[115.2659023,-8.5166271],[115.2658269,-8.5166141],[115.265819,-8.5166591]]]}, "properties": {"osm_id": 1067595423, "osm_type": "ways_poly", "opening_hours": null, "shop": null, "tourism": "hotel", "rooms": null, "building": "yes", "amenity": null, "name": "Flock", "beds": null}},{"type": "Feature", "geometry": {"type":"Polygon","coordinates":[[[115.2586571,-8.4877667],[115.2589806,-8.4878599],[115.259069,-8.4875596],[115.2587454,-8.4874665],[115.2586571,-8.4877667]]]}, "properties": {"osm_id": 1160581509, "osm_type": "ways_poly", "opening_hours": null, "shop": null, "tourism": "hotel", "rooms": null, "building": null, "amenity": null, "name": "Kastara", "beds": null}},{"type": "Feature", "geometry": {"type":"Polygon","coordinates":[[[115.2713744,-8.4768274],[115.2715913,-8.4768534],[115.271642,-8.4764398],[115.2714251,-8.4764138],[115.2713744,-8.4768274]]]}, "properties": {"osm_id": 872823424, "osm_type": "ways_poly", "opening_hours": null, "shop": "hardware", "tourism": null, "rooms": null, "building": "yes", "amenity": null, "name": null, "beds": null}},{"type": "Feature", "geometry": {"type":"Polygon","coordinates":[[[115.2738293,-8.4711572],[115.2738963,-8.4713124],[115.2739634,-8.4714557],[115.2741095,-8.4714199],[115.2743057,-8.4713627],[115.2742691,-8.4712156],[115.2742713,-8.4710618],[115.2740519,-8.4711148],[115.2738293,-8.4711572]]]}, "properties": {"osm_id": 1095862565, "osm_type": "ways_poly", "opening_hours": null, "shop": null, "tourism": "hotel", "rooms": null, "building": null, "amenity": null, "name": null, "beds": null}},{"type": "Feature", "geometry": {"type":"Polygon","coordinates":[[[115.2742691,-8.4712156],[115.2743057,-8.4713627],[115.2743281,-8.471453],[115.2744837,-8.4714305],[115.2747922,-8.4713947],[115.2749652,-8.4713867],[115.2749611,-8.4711864],[115.2747814,-8.4711891],[115.2742691,-8.4712156]]]}, "properties": {"osm_id": 1095862573, "osm_type": "ways_poly", "opening_hours": null, "shop": null, "tourism": "hotel", "rooms": null, "building": null, "amenity": null, "name": null, "beds": null}},{"type": "Feature", "geometry": {"type":"Polygon","coordinates":[[[115.294451,-8.5084732],[115.2946183,-8.5084749],[115.2946149,-8.5084047],[115.294451,-8.5083997],[115.294451,-8.5084732]]]}, "properties": {"osm_id": 669354176, "osm_type": "ways_poly", "opening_hours": null, "shop": null, "tourism": "hotel", "rooms": null, "building": "yes", "amenity": null, "name": "Green Jungel Ubud", "beds": null}},{"type": "Feature", "geometry": {"type":"MultiPolygon","coordinates":[[[[115.2535218,-8.4919214],[115.2535453,-8.4919254],[115.2535379,-8.4919685],[115.2536484,-8.491987],[115.2536821,-8.4917899],[115.2535745,-8.4917719],[115.2535547,-8.4918879],[115.2535282,-8.4918835],[115.2535218,-8.4919214]]],[[[115.253579,-8.492142],[115.2538653,-8.4921826],[115.2538697,-8.492152],[115.2538987,-8.4921561],[115.2539161,-8.4920363],[115.2539071,-8.492035],[115.2539179,-8.4919604],[115.2539375,-8.4919632],[115.2539448,-8.4919126],[115.2539197,-8.491909],[115.2539241,-8.4918788],[115.2539127,-8.4918772],[115.2539166,-8.4918497],[115.2539316,-8.4918518],[115.2539361,-8.4918206],[115.253807,-8.4918023],[115.2537953,-8.4918828],[115.2538565,-8.4918915],[115.2538359,-8.4920335],[115.253649,-8.492007],[115.2536416,-8.4920574],[115.2535923,-8.4920504],[115.253579,-8.492142]]],[[[115.2536859,-8.4918599],[115.2537764,-8.4918741],[115.2537882,-8.4918013],[115.2536976,-8.491787],[115.2536859,-8.4918599]]]]}, "properties": {"osm_id": 15046234, "osm_type": "relations", "opening_hours": "09:00-17:00", "shop": null, "tourism": "museum", "rooms": null, "building": "yes", "amenity": null, "name": "Neka Art Museum", "beds": null}},{"type": "Feature", "geometry": {"type":"MultiPolygon","coordinates":[[[[115.2641913,-8.5231027],[115.2641926,-8.5232433],[115.2642912,-8.5232424],[115.2642918,-8.5233054],[115.2644688,-8.5233038],[115.264466,-8.5230124],[115.2642837,-8.5230141],[115.2642845,-8.5231019],[115.2641913,-8.5231027]]],[[[115.2645848,-8.5228105],[115.2645875,-8.5229405],[115.2646601,-8.5229391],[115.2646609,-8.5229781],[115.2646885,-8.5229775],[115.2647115,-8.522977],[115.2647129,-8.523047],[115.2648289,-8.5230447],[115.2648274,-8.5229695],[115.2648809,-8.5229684],[115.2648801,-8.5229278],[115.2649542,-8.5229263],[115.2649517,-8.5228024],[115.264873,-8.522804],[115.2648719,-8.5227529],[115.2648277,-8.5227538],[115.2648261,-8.5226792],[115.2647027,-8.5226817],[115.2647044,-8.5227669],[115.2646615,-8.5227678],[115.2646624,-8.5228089],[115.2645848,-8.5228105]]]]}, "properties": {"osm_id": 9785933, "osm_type": "relations", "opening_hours": "Mo-Su 09:00-18:00", "shop": null, "tourism": "museum", "rooms": null, "building": "yes", "amenity": null, "name": "Agung Rai Museum of Art (ARMA)", "beds": null}},{"type": "Feature", "geometry": {"type":"Polygon","coordinates":[[[115.2598318,-8.5054444],[115.2601362,-8.5055092],[115.2602167,-8.5055264],[115.2604665,-8.505575],[115.2605228,-8.5054795],[115.2606227,-8.505394],[115.2606516,-8.5053621],[115.2608192,-8.5051599],[115.2608212,-8.5050219],[115.2607381,-8.5049065],[115.2607099,-8.5048442],[115.2606864,-8.5048124],[115.2600105,-8.5046718],[115.2598318,-8.5054444]]]}, "properties": {"osm_id": 9772789, "osm_type": "relations", "opening_hours": "Mo-Su 9:00 - 17:00", "shop": null, "tourism": "museum", "rooms": null, "building": null, "amenity": null, "name": "Museum Puri Lukisan", "beds": null}}]}